source,label,class_name,sha256_rgb,group,split,saved_path,suggested_burst_group
Excoecaria_agallocha/leaves/IMG_20260922_131950_Burst04.jpg,13,Excoecaria_agallocha,00b500e6f547252984d0194387f07a0fa53309a7148609118a271143ce118983,image:00b500e6f547252984d0194387f07a0fa53309a7148609118a271143ce118983,test,dataset/test/Excoecaria_agallocha/00b500e6f547252984d0194387f07a0fa53309a7148609118a271143ce118983.jpg,img_20260922_131950
Sonneratia_alba/Leaves/IMG_20260922_093706_Burst06.jpg,24,Sonneratia_alba,01f65dd83398585d026ddf535bfd0f6a5900acc815d14aee9ebad08dc141f2cb,image:01f65dd83398585d026ddf535bfd0f6a5900acc815d14aee9ebad08dc141f2cb,train,dataset/train/Sonneratia_alba/01f65dd83398585d026ddf535bfd0f6a5900acc815d14aee9ebad08dc141f2cb.jpg,img_20260922_093706
Lumnitzera_racemosa/Leaves/IMG_20260922_131815_Burst03.jpg,16,Lumnitzera_racemosa,023eb8156c8ebec569682f28ca8f9de5a3acc45c6172191f4c28f7f9ed865d9f,image:023eb8156c8ebec569682f28ca8f9de5a3acc45c6172191f4c28f7f9ed865d9f,train,dataset/train/Lumnitzera_racemosa/023eb8156c8ebec569682f28ca8f9de5a3acc45c6172191f4c28f7f9ed865d9f.jpg,img_20260922_131815
Avicennia_officinalis/Roots/IMG_20260922_132135_Burst04.jpg,5,Avicennia_officinalis,04340ba3999df5271b236ee9a809770976e64b01240072eeb0dd110c69db73f3,image:04340ba3999df5271b236ee9a809770976e64b01240072eeb0dd110c69db73f3,val,dataset/val/Avicennia_officinalis/04340ba3999df5271b236ee9a809770976e64b01240072eeb0dd110c69db73f3.jpg,img_20260922_132135
Rhizophora_stylosa/Leaves/IMG_20260922_095525_Burst01.jpg,22,Rhizophora_stylosa,04959621e21c2dd1e3479299006ae2fd1084f33a8289625174371d021738b8c9,image:04959621e21c2dd1e3479299006ae2fd1084f33a8289625174371d021738b8c9,val,dataset/val/Rhizophora_stylosa/04959621e21c2dd1e3479299006ae2fd1084f33a8289625174371d021738b8c9.jpg,img_20260922_095525
Rhizophora_stylosa/Leaves/IMG_20260922_095525_Burst02.jpg,22,Rhizophora_stylosa,04d9d6ced2d35002d18e6c07edecbc7db3619c1ff824198bcbebd0bda0fd0137,image:04d9d6ced2d35002d18e6c07edecbc7db3619c1ff824198bcbebd0bda0fd0137,train,dataset/train/Rhizophora_stylosa/04d9d6ced2d35002d18e6c07edecbc7db3619c1ff824198bcbebd0bda0fd0137.jpg,img_20260922_095525
Osbornia_octodonta/Leaves/IMG_20260922_132438_Burst03.jpg,18,Osbornia_octodonta,05d4a52bfb7755237cf14bd446c5b7f9c8db64256fe6d8e82589de92857db726,image:05d4a52bfb7755237cf14bd446c5b7f9c8db64256fe6d8e82589de92857db726,train,dataset/train/Osbornia_octodonta/05d4a52bfb7755237cf14bd446c5b7f9c8db64256fe6d8e82589de92857db726.jpg,img_20260922_132438
Rhizophora_stylosa/Bark/IMG_20260922_095351_Burst06.jpg,22,Rhizophora_stylosa,05e2b817c1e48b573545903b72b8d88d9a41a05b3175e75e39f34443b797caaf,image:05e2b817c1e48b573545903b72b8d88d9a41a05b3175e75e39f34443b797caaf,val,dataset/val/Rhizophora_stylosa/05e2b817c1e48b573545903b72b8d88d9a41a05b3175e75e39f34443b797caaf.jpg,img_20260922_095351
Avicennia_marina/Leaves/IMG_20260922_094015_Burst01.jpg,4,Avicennia_marina,060eab4e7988e0de58b5413415209208c4304c0d8d22b6f1c2b0a68632dde296,image:060eab4e7988e0de58b5413415209208c4304c0d8d22b6f1c2b0a68632dde296,train,dataset/train/Avicennia_marina/060eab4e7988e0de58b5413415209208c4304c0d8d22b6f1c2b0a68632dde296.jpg,img_20260922_094015
Ceriops_zippeliana/Leaves/IMG_20260922_133433_Burst08.jpg,12,Ceriops_zippeliana,07a40f6c11edb2c7cb0c58c93d8ea5aea1a558a557552781b19a698f6209a7d5,image:07a40f6c11edb2c7cb0c58c93d8ea5aea1a558a557552781b19a698f6209a7d5,train,dataset/train/Ceriops_zippeliana/07a40f6c11edb2c7cb0c58c93d8ea5aea1a558a557552781b19a698f6209a7d5.jpg,img_20260922_133433
Avicennia_officinalis/Leaves/IMG_20260922_132230_Burst05.jpg,5,Avicennia_officinalis,07fc0aaaf3562b44b9bec6642e201156a0e0917e31abddf2a888afc255fdc58c,image:07fc0aaaf3562b44b9bec6642e201156a0e0917e31abddf2a888afc255fdc58c,train,dataset/train/Avicennia_officinalis/07fc0aaaf3562b44b9bec6642e201156a0e0917e31abddf2a888afc255fdc58c.jpg,img_20260922_132230
Avicennia_rumphiana/leaves/IMG_20260922_134931_Burst09.jpg,6,Avicennia_rumphiana,088dc2de4a380409e01bdd694781bd11ef8fe288fa3c95d7dd2e99ecd45eddb6,image:088dc2de4a380409e01bdd694781bd11ef8fe288fa3c95d7dd2e99ecd45eddb6,train,dataset/train/Avicennia_rumphiana/088dc2de4a380409e01bdd694781bd11ef8fe288fa3c95d7dd2e99ecd45eddb6.jpg,img_20260922_134931
Avicennia_officinalis/bark/IMG_20260922_132217_Burst09.jpg,5,Avicennia_officinalis,0895dae36178d740b8f1ce99399c86f020d1055f72ff98ced94268ed406d14a5,image:0895dae36178d740b8f1ce99399c86f020d1055f72ff98ced94268ed406d14a5,train,dataset/train/Avicennia_officinalis/0895dae36178d740b8f1ce99399c86f020d1055f72ff98ced94268ed406d14a5.jpg,img_20260922_132217
Camptostemon_philippinensis/Roots/IMG_20260922_132711_Burst03.jpg,10,Camptostemon_philippinensis,09cc53a7f2949b4235ff9e3f7e216b27c27f6bf9735fc6572e73a0526c2a5428,image:09cc53a7f2949b4235ff9e3f7e216b27c27f6bf9735fc6572e73a0526c2a5428,test,dataset/test/Camptostemon_philippinensis/09cc53a7f2949b4235ff9e3f7e216b27c27f6bf9735fc6572e73a0526c2a5428.jpg,img_20260922_132711
Sonneratia_alba/Bark/IMG_20260922_093645_Burst02.jpg,24,Sonneratia_alba,0a18e27f995a58bbaa4808b0267c64aeef12727b7996ea27dbc8c32954ca378c,image:0a18e27f995a58bbaa4808b0267c64aeef12727b7996ea27dbc8c32954ca378c,train,dataset/train/Sonneratia_alba/0a18e27f995a58bbaa4808b0267c64aeef12727b7996ea27dbc8c32954ca378c.jpg,img_20260922_093645
Ceriops_zippeliana/Leaves/.trashed-1792647497-IMG_20260922_133503_Burst09.jpg,12,Ceriops_zippeliana,0b27beea30c4f7b7709b24473244b800cdcf1347e2e1349cea5ac6d0b2358675,image:0b27beea30c4f7b7709b24473244b800cdcf1347e2e1349cea5ac6d0b2358675,train,dataset/train/Ceriops_zippeliana/0b27beea30c4f7b7709b24473244b800cdcf1347e2e1349cea5ac6d0b2358675.jpg,img_20260922_133503
Avicennia_officinalis/Roots/IMG_20260922_132135_Burst08.jpg,5,Avicennia_officinalis,0d40a8395720eeca020659700f0bf3d29078ca009d6ce7281074933858e9164e,image:0d40a8395720eeca020659700f0bf3d29078ca009d6ce7281074933858e9164e,train,dataset/train/Avicennia_officinalis/0d40a8395720eeca020659700f0bf3d29078ca009d6ce7281074933858e9164e.jpg,img_20260922_132135
Osbornia_octodonta/bark/.trashed-1792646624-IMG_20260922_101340_Burst04.jpg,18,Osbornia_octodonta,0d4cc48e317b103f1eba1ec9ba511dd725500c5f44ad5284ff3d8a5cec998f6a,image:0d4cc48e317b103f1eba1ec9ba511dd725500c5f44ad5284ff3d8a5cec998f6a,train,dataset/train/Osbornia_octodonta/0d4cc48e317b103f1eba1ec9ba511dd725500c5f44ad5284ff3d8a5cec998f6a.jpg,img_20260922_101340
Lumnitzera_racemosa/Leaves/IMG_20260922_131815_Burst01.jpg,16,Lumnitzera_racemosa,0e1e7bcde7c12761875a593a8e62a33fdd3af3d0ec02fb8eb35aa57d646e67bc,image:0e1e7bcde7c12761875a593a8e62a33fdd3af3d0ec02fb8eb35aa57d646e67bc,train,dataset/train/Lumnitzera_racemosa/0e1e7bcde7c12761875a593a8e62a33fdd3af3d0ec02fb8eb35aa57d646e67bc.jpg,img_20260922_131815
Avicennia_officinalis/bark/IMG_20260922_132217_Burst06.jpg,5,Avicennia_officinalis,0f0ec621adba8acc5b21d0dfd380e0c550a66a835ef8d22f94e64db6c5490941,image:0f0ec621adba8acc5b21d0dfd380e0c550a66a835ef8d22f94e64db6c5490941,val,dataset/val/Avicennia_officinalis/0f0ec621adba8acc5b21d0dfd380e0c550a66a835ef8d22f94e64db6c5490941.jpg,img_20260922_132217
Ceriops_zippeliana/Leaves/IMG_20260922_133915_Burst07.jpg,12,Ceriops_zippeliana,0f413831b9ffdb7435e253834b4b2147f860d92cf2b4139b2b4ac914afdaf5b8,image:0f413831b9ffdb7435e253834b4b2147f860d92cf2b4139b2b4ac914afdaf5b8,val,dataset/val/Ceriops_zippeliana/0f413831b9ffdb7435e253834b4b2147f860d92cf2b4139b2b4ac914afdaf5b8.jpg,img_20260922_133915
Avicennia_officinalis/Leaves/IMG_20260922_132230_Burst01.jpg,5,Avicennia_officinalis,0fbcace46030e2ef9bacaf1cbe87b71d476d4529ac523d64620639d83cdab4c9,image:0fbcace46030e2ef9bacaf1cbe87b71d476d4529ac523d64620639d83cdab4c9,train,dataset/train/Avicennia_officinalis/0fbcace46030e2ef9bacaf1cbe87b71d476d4529ac523d64620639d83cdab4c9.jpg,img_20260922_132230
Avicennia_marina/Bark/IMG_20260922_093936_Burst04.jpg,4,Avicennia_marina,0fc6907098020cb6acf42d2984bc037c7de411065465407ee93a0e93e943f3af,image:0fc6907098020cb6acf42d2984bc037c7de411065465407ee93a0e93e943f3af,train,dataset/train/Avicennia_marina/0fc6907098020cb6acf42d2984bc037c7de411065465407ee93a0e93e943f3af.jpg,img_20260922_093936
Sonneratia_alba/Leaves/IMG_20260922_093706_Burst02.jpg,24,Sonneratia_alba,0ff10694edc35437a10e01ed712c53357be7a36184fb4c92c87f11503b8e392e,image:0ff10694edc35437a10e01ed712c53357be7a36184fb4c92c87f11503b8e392e,test,dataset/test/Sonneratia_alba/0ff10694edc35437a10e01ed712c53357be7a36184fb4c92c87f11503b8e392e.jpg,img_20260922_093706
Ceriops_zippeliana/Leaves/IMG_20260922_133433_Burst05.jpg,12,Ceriops_zippeliana,100fd467fb51425e88219a244c421c906fb1b68fd4c8eaf8873574a0d1d565eb,image:100fd467fb51425e88219a244c421c906fb1b68fd4c8eaf8873574a0d1d565eb,train,dataset/train/Ceriops_zippeliana/100fd467fb51425e88219a244c421c906fb1b68fd4c8eaf8873574a0d1d565eb.jpg,img_20260922_133433
Avicennia_officinalis/Roots/IMG_20260922_132135_Burst07.jpg,5,Avicennia_officinalis,136c31f6d379f690b48cfb82ded23cecda698807e89798edb49151aa517acda5,image:136c31f6d379f690b48cfb82ded23cecda698807e89798edb49151aa517acda5,train,dataset/train/Avicennia_officinalis/136c31f6d379f690b48cfb82ded23cecda698807e89798edb49151aa517acda5.jpg,img_20260922_132135
Osbornia_octodonta/bark/.trashed-1792646625-IMG_20260922_101340_Burst02.jpg,18,Osbornia_octodonta,13e66e0ba53ade1d9d333a9337128d35e7e85b87537ea958155d239579fb8b36,image:13e66e0ba53ade1d9d333a9337128d35e7e85b87537ea958155d239579fb8b36,val,dataset/val/Osbornia_octodonta/13e66e0ba53ade1d9d333a9337128d35e7e85b87537ea958155d239579fb8b36.jpg,img_20260922_101340
Rhizophora_stylosa/Leaves/.trashed-1792659495-IMG_20260922_095448_Burst05.jpg,22,Rhizophora_stylosa,17343826d0cacc3d2c58a90f7089ea043194642e646fd20b562ae5426aff5a64,image:17343826d0cacc3d2c58a90f7089ea043194642e646fd20b562ae5426aff5a64,val,dataset/val/Rhizophora_stylosa/17343826d0cacc3d2c58a90f7089ea043194642e646fd20b562ae5426aff5a64.jpg,img_20260922_095448
Lumnitzera_racemosa/bark/IMG_20260922_131826_Burst01.jpg,16,Lumnitzera_racemosa,177b5c2a96bb2d98876aab800b28e35bded039f429aa0766aeeb1571ca4cc02f,image:177b5c2a96bb2d98876aab800b28e35bded039f429aa0766aeeb1571ca4cc02f,train,dataset/train/Lumnitzera_racemosa/177b5c2a96bb2d98876aab800b28e35bded039f429aa0766aeeb1571ca4cc02f.jpg,img_20260922_131826
Osbornia_octodonta/Leaves/.trashed-1792646623-IMG_20260922_101348_Burst09.jpg,18,Osbornia_octodonta,17ef077eb13a953548f30d3055e96e5e8e5e9281f5244a812c4f0b56e86da274,image:17ef077eb13a953548f30d3055e96e5e8e5e9281f5244a812c4f0b56e86da274,train,dataset/train/Osbornia_octodonta/17ef077eb13a953548f30d3055e96e5e8e5e9281f5244a812c4f0b56e86da274.jpg,img_20260922_101348
Osbornia_octodonta/Leaves/.trashed-1792646623-IMG_20260922_101348_Burst08.jpg,18,Osbornia_octodonta,17f7d6e3c228cddcdcfe97f9696705dd9d01736a80e26332afaa50b7868d88af,image:17f7d6e3c228cddcdcfe97f9696705dd9d01736a80e26332afaa50b7868d88af,val,dataset/val/Osbornia_octodonta/17f7d6e3c228cddcdcfe97f9696705dd9d01736a80e26332afaa50b7868d88af.jpg,img_20260922_101348
Sonneratia_alba/Bark/IMG_20260922_093645_Burst07.jpg,24,Sonneratia_alba,1abe8fefaa64e2f046b3f5d28216ae771912243e6f6733a5c0336e6d5d1cd9a0,image:1abe8fefaa64e2f046b3f5d28216ae771912243e6f6733a5c0336e6d5d1cd9a0,train,dataset/train/Sonneratia_alba/1abe8fefaa64e2f046b3f5d28216ae771912243e6f6733a5c0336e6d5d1cd9a0.jpg,img_20260922_093645
Rhizophora_stylosa/Roots/IMG_20260922_095705_Burst06.jpg,22,Rhizophora_stylosa,1b5e8ccf2d4282e5d4612e6f09c223eb1d145cf8c73defa5233528baa6804294,image:1b5e8ccf2d4282e5d4612e6f09c223eb1d145cf8c73defa5233528baa6804294,train,dataset/train/Rhizophora_stylosa/1b5e8ccf2d4282e5d4612e6f09c223eb1d145cf8c73defa5233528baa6804294.jpg,img_20260922_095705
Ceriops_zippeliana/Leaves/IMG_20260922_133433_Burst07.jpg,12,Ceriops_zippeliana,1f0a52fc40bc73067f1c19a7e7f79ddcc9348e3a83e8e7bb648efa41c40b07fa,image:1f0a52fc40bc73067f1c19a7e7f79ddcc9348e3a83e8e7bb648efa41c40b07fa,test,dataset/test/Ceriops_zippeliana/1f0a52fc40bc73067f1c19a7e7f79ddcc9348e3a83e8e7bb648efa41c40b07fa.jpg,img_20260922_133433
Avicennia_rumphiana/leaves/IMG_20260922_134931_Burst03.jpg,6,Avicennia_rumphiana,1f2739e245f9889d28411ab239be042f66a3d343d8b9fe2fefbb702d9d54d431,image:1f2739e245f9889d28411ab239be042f66a3d343d8b9fe2fefbb702d9d54d431,train,dataset/train/Avicennia_rumphiana/1f2739e245f9889d28411ab239be042f66a3d343d8b9fe2fefbb702d9d54d431.jpg,img_20260922_134931
Rhizophora_stylosa/Roots/IMG_20260922_095705_Burst04.jpg,22,Rhizophora_stylosa,21cbfcbfcaf985fccf84641e86aa052558c8575d2e8317c133e0c706a1d2ebbf,image:21cbfcbfcaf985fccf84641e86aa052558c8575d2e8317c133e0c706a1d2ebbf,val,dataset/val/Rhizophora_stylosa/21cbfcbfcaf985fccf84641e86aa052558c8575d2e8317c133e0c706a1d2ebbf.jpg,img_20260922_095705
Avicennia_officinalis/Roots/IMG_20260922_132135_Burst10.jpg,5,Avicennia_officinalis,220d69087d3fe49ca7e8ff8631abc50e5a9759ac465e039d2144b43b20c1e960,image:220d69087d3fe49ca7e8ff8631abc50e5a9759ac465e039d2144b43b20c1e960,train,dataset/train/Avicennia_officinalis/220d69087d3fe49ca7e8ff8631abc50e5a9759ac465e039d2144b43b20c1e960.jpg,img_20260922_132135
Osbornia_octodonta/Leaves/.trashed-1792646624-IMG_20260922_101348_Burst03.jpg,18,Osbornia_octodonta,23d4c7dd6c356637186c5965d88ec6b135c443100d66ee2039034e397c9813ea,image:23d4c7dd6c356637186c5965d88ec6b135c443100d66ee2039034e397c9813ea,train,dataset/train/Osbornia_octodonta/23d4c7dd6c356637186c5965d88ec6b135c443100d66ee2039034e397c9813ea.jpg,img_20260922_101348
Ceriops_zippeliana/Leaves/IMG_20260922_133433_Burst01.jpg,12,Ceriops_zippeliana,2475bed7ba1e86218c9ca3be78fbdf922f0cf3d85a2039c7e7d06e7edcf4eb21,image:2475bed7ba1e86218c9ca3be78fbdf922f0cf3d85a2039c7e7d06e7edcf4eb21,train,dataset/train/Ceriops_zippeliana/2475bed7ba1e86218c9ca3be78fbdf922f0cf3d85a2039c7e7d06e7edcf4eb21.jpg,img_20260922_133433
Avicennia_officinalis/Leaves/IMG_20260922_132230_Burst06.jpg,5,Avicennia_officinalis,27cb52fe639ff2991a616795525ea3591396b38bab41d539f911e45259980431,image:27cb52fe639ff2991a616795525ea3591396b38bab41d539f911e45259980431,train,dataset/train/Avicennia_officinalis/27cb52fe639ff2991a616795525ea3591396b38bab41d539f911e45259980431.jpg,img_20260922_132230
Rhizophora_stylosa/Roots/IMG_20260922_095705_Burst10.jpg,22,Rhizophora_stylosa,287c3475407f1350d1d77c76c6eab9c41b84a7f4233d23cecb5527ba04060066,image:287c3475407f1350d1d77c76c6eab9c41b84a7f4233d23cecb5527ba04060066,train,dataset/train/Rhizophora_stylosa/287c3475407f1350d1d77c76c6eab9c41b84a7f4233d23cecb5527ba04060066.jpg,img_20260922_095705
Ceriops_zippeliana/Leaves/IMG_20260922_133915_Burst02.jpg,12,Ceriops_zippeliana,28ad064a9eeedb12f15f87d6c97b2f3bacc2a1288c62ae033fe0d389a9b8f4de,image:28ad064a9eeedb12f15f87d6c97b2f3bacc2a1288c62ae033fe0d389a9b8f4de,train,dataset/train/Ceriops_zippeliana/28ad064a9eeedb12f15f87d6c97b2f3bacc2a1288c62ae033fe0d389a9b8f4de.jpg,img_20260922_133915
Osbornia_octodonta/bark/.trashed-1792646624-IMG_20260922_101340_Burst05.jpg,18,Osbornia_octodonta,2cfefdc1f90b1368626ab6920af58a4f00b2fd7aeb331fb73929ffda126f921c,image:2cfefdc1f90b1368626ab6920af58a4f00b2fd7aeb331fb73929ffda126f921c,train,dataset/train/Osbornia_octodonta/2cfefdc1f90b1368626ab6920af58a4f00b2fd7aeb331fb73929ffda126f921c.jpg,img_20260922_101340
Osbornia_octodonta/bark/.trashed-1792646625-IMG_20260922_101340_Burst01.jpg,18,Osbornia_octodonta,2d05c44d8bc57fe9c4c1f528ebdc7c8d58982c24e1a33bb4d8efa7f9280fd27c,image:2d05c44d8bc57fe9c4c1f528ebdc7c8d58982c24e1a33bb4d8efa7f9280fd27c,val,dataset/val/Osbornia_octodonta/2d05c44d8bc57fe9c4c1f528ebdc7c8d58982c24e1a33bb4d8efa7f9280fd27c.jpg,img_20260922_101340
Sonneratia_alba/Leaves/IMG_20260922_093706_Burst07.jpg,24,Sonneratia_alba,2d819d0efa16e5ec91a91d10412c6eedb714b9603cf8fcaeb651896cbe4c8c26,image:2d819d0efa16e5ec91a91d10412c6eedb714b9603cf8fcaeb651896cbe4c8c26,test,dataset/test/Sonneratia_alba/2d819d0efa16e5ec91a91d10412c6eedb714b9603cf8fcaeb651896cbe4c8c26.jpg,img_20260922_093706
Rhizophora_stylosa/Roots/IMG_20260922_095705_Burst07.jpg,22,Rhizophora_stylosa,2e82458fe4a8fc9982474e50086b6349f791c8687c4dd519467e055e7001c5de,image:2e82458fe4a8fc9982474e50086b6349f791c8687c4dd519467e055e7001c5de,train,dataset/train/Rhizophora_stylosa/2e82458fe4a8fc9982474e50086b6349f791c8687c4dd519467e055e7001c5de.jpg,img_20260922_095705
Ceriops_zippeliana/Leaves/IMG_20260922_133915_Burst06.jpg,12,Ceriops_zippeliana,2ecbebdc908c7122fb689f62306286d5ed42cfcf467dea61177157f28e79833f,image:2ecbebdc908c7122fb689f62306286d5ed42cfcf467dea61177157f28e79833f,train,dataset/train/Ceriops_zippeliana/2ecbebdc908c7122fb689f62306286d5ed42cfcf467dea61177157f28e79833f.jpg,img_20260922_133915
Camptostemon_philippinensis/Roots/IMG_20260922_132711_Burst09.jpg,10,Camptostemon_philippinensis,2fda91b3440a8eb64591ae90111027dc0deb20ce64e258b752d359e64396935e,image:2fda91b3440a8eb64591ae90111027dc0deb20ce64e258b752d359e64396935e,train,dataset/train/Camptostemon_philippinensis/2fda91b3440a8eb64591ae90111027dc0deb20ce64e258b752d359e64396935e.jpg,img_20260922_132711
Ceriops_zippeliana/Leaves/IMG_20260922_133433_Burst06.jpg,12,Ceriops_zippeliana,30a5936c48311fb6756757676b4e958addb128b39c1760cf8c3ff1750cd8cb70,image:30a5936c48311fb6756757676b4e958addb128b39c1760cf8c3ff1750cd8cb70,train,dataset/train/Ceriops_zippeliana/30a5936c48311fb6756757676b4e958addb128b39c1760cf8c3ff1750cd8cb70.jpg,img_20260922_133433
Rhizophora_stylosa/Leaves/.trashed-1792659495-IMG_20260922_095448_Burst09.jpg,22,Rhizophora_stylosa,30c648ccaf6363696fbec041baca47463813e64c0c69ffe4a0398b1d27679680,image:30c648ccaf6363696fbec041baca47463813e64c0c69ffe4a0398b1d27679680,train,dataset/train/Rhizophora_stylosa/30c648ccaf6363696fbec041baca47463813e64c0c69ffe4a0398b1d27679680.jpg,img_20260922_095448
Ceriops_zippeliana/Leaves/IMG_20260922_133915_Burst04.jpg,12,Ceriops_zippeliana,33274ecdc236aca9f4398a856d13ba24c1f35e9103c9739d0d2229fffc306d5c,image:33274ecdc236aca9f4398a856d13ba24c1f35e9103c9739d0d2229fffc306d5c,train,dataset/train/Ceriops_zippeliana/33274ecdc236aca9f4398a856d13ba24c1f35e9103c9739d0d2229fffc306d5c.jpg,img_20260922_133915
Avicennia_marina/Leaves/IMG_20260922_094015_Burst07.jpg,4,Avicennia_marina,334bf0fcebaa78caf58800babd6a59e7f63fef9b96467bfbaf41e883a60fff86,image:334bf0fcebaa78caf58800babd6a59e7f63fef9b96467bfbaf41e883a60fff86,test,dataset/test/Avicennia_marina/334bf0fcebaa78caf58800babd6a59e7f63fef9b96467bfbaf41e883a60fff86.jpg,img_20260922_094015
Sonneratia_alba/Bark/IMG_20260922_093645_Burst09.jpg,24,Sonneratia_alba,348dae300e34b06136de0dcb9803fb4ab482a0409147a833d152f7ba7a544b4a,image:348dae300e34b06136de0dcb9803fb4ab482a0409147a833d152f7ba7a544b4a,train,dataset/train/Sonneratia_alba/348dae300e34b06136de0dcb9803fb4ab482a0409147a833d152f7ba7a544b4a.jpg,img_20260922_093645
Rhizophora_stylosa/Roots/IMG_20260922_095705_Burst08.jpg,22,Rhizophora_stylosa,34ac2d199e2e8d0cf65dc74ef8b24da45e20c684c6d5c5d22d33c9c5a1577bbc,image:34ac2d199e2e8d0cf65dc74ef8b24da45e20c684c6d5c5d22d33c9c5a1577bbc,train,dataset/train/Rhizophora_stylosa/34ac2d199e2e8d0cf65dc74ef8b24da45e20c684c6d5c5d22d33c9c5a1577bbc.jpg,img_20260922_095705
Avicennia_officinalis/Leaves/IMG_20260922_132230_Burst07.jpg,5,Avicennia_officinalis,352b81654d862677922b43812a1b3384cded6cacc0c1fedc059394e3893ea0ee,image:352b81654d862677922b43812a1b3384cded6cacc0c1fedc059394e3893ea0ee,train,dataset/train/Avicennia_officinalis/352b81654d862677922b43812a1b3384cded6cacc0c1fedc059394e3893ea0ee.jpg,img_20260922_132230
Rhizophora_stylosa/Bark/IMG_20260922_095351_Burst08.jpg,22,Rhizophora_stylosa,35541a42b7467a692181450aa501a47e93655d8828b50f2e62bc8d1841d11285,image:35541a42b7467a692181450aa501a47e93655d8828b50f2e62bc8d1841d11285,val,dataset/val/Rhizophora_stylosa/35541a42b7467a692181450aa501a47e93655d8828b50f2e62bc8d1841d11285.jpg,img_20260922_095351
Avicennia_marina/Leaves/IMG_20260922_094015_Burst05.jpg,4,Avicennia_marina,384786eb7c729450b14f772f92780779df24082de357e45d7975ffe2c6acc973,image:384786eb7c729450b14f772f92780779df24082de357e45d7975ffe2c6acc973,train,dataset/train/Avicennia_marina/384786eb7c729450b14f772f92780779df24082de357e45d7975ffe2c6acc973.jpg,img_20260922_094015
Sonneratia_alba/Bark/IMG_20260922_093645_Burst01.jpg,24,Sonneratia_alba,3849742c95baa03c1f31a542c194171cdbbb7f89349d6ceb93ece59a0ef40b4b,image:3849742c95baa03c1f31a542c194171cdbbb7f89349d6ceb93ece59a0ef40b4b,val,dataset/val/Sonneratia_alba/3849742c95baa03c1f31a542c194171cdbbb7f89349d6ceb93ece59a0ef40b4b.jpg,img_20260922_093645
Avicennia_officinalis/Roots/IMG_20260922_132135_Burst06.jpg,5,Avicennia_officinalis,38be06bae8961cb4b9f7ec3b54028920f15cf7bf83a7ab7ecc2a21ebe5e1a3f4,image:38be06bae8961cb4b9f7ec3b54028920f15cf7bf83a7ab7ecc2a21ebe5e1a3f4,test,dataset/test/Avicennia_officinalis/38be06bae8961cb4b9f7ec3b54028920f15cf7bf83a7ab7ecc2a21ebe5e1a3f4.jpg,img_20260922_132135
Lumnitzera_racemosa/Leaves/IMG_20260922_131815_Burst02.jpg,16,Lumnitzera_racemosa,38c6951aeb913072ca89b5281616f3e06fe2ddf1e857ba9ba682379797bb1813,image:38c6951aeb913072ca89b5281616f3e06fe2ddf1e857ba9ba682379797bb1813,train,dataset/train/Lumnitzera_racemosa/38c6951aeb913072ca89b5281616f3e06fe2ddf1e857ba9ba682379797bb1813.jpg,img_20260922_131815
Rhizophora_stylosa/Roots/IMG_20260922_095705_Burst01.jpg,22,Rhizophora_stylosa,393f3bf8272dab454810eda4f3c6a2843ce544ca25e755cd4d80e1de714376ac,image:393f3bf8272dab454810eda4f3c6a2843ce544ca25e755cd4d80e1de714376ac,val,dataset/val/Rhizophora_stylosa/393f3bf8272dab454810eda4f3c6a2843ce544ca25e755cd4d80e1de714376ac.jpg,img_20260922_095705
Rhizophora_stylosa/Leaves/IMG_20260922_095525_Burst10.jpg,22,Rhizophora_stylosa,3a025b7c2f4594322f01943e85165699cd0de134ba91f256cc607f730734df0a,image:3a025b7c2f4594322f01943e85165699cd0de134ba91f256cc607f730734df0a,train,dataset/train/Rhizophora_stylosa/3a025b7c2f4594322f01943e85165699cd0de134ba91f256cc607f730734df0a.jpg,img_20260922_095525
Osbornia_octodonta/bark/IMG_20260922_132511_Burst10.jpg,18,Osbornia_octodonta,3aa74eba09e88baec35bd381b1176ce082b394354c63385f264dadd1bae0d5f1,image:3aa74eba09e88baec35bd381b1176ce082b394354c63385f264dadd1bae0d5f1,test,dataset/test/Osbornia_octodonta/3aa74eba09e88baec35bd381b1176ce082b394354c63385f264dadd1bae0d5f1.jpg,img_20260922_132511
Avicennia_marina/Bark/IMG_20260922_093936_Burst01.jpg,4,Avicennia_marina,3b1295dd00955398f714b374cdeabbcceaf35b655e886cc0ed000dadf4e8b9e2,image:3b1295dd00955398f714b374cdeabbcceaf35b655e886cc0ed000dadf4e8b9e2,train,dataset/train/Avicennia_marina/3b1295dd00955398f714b374cdeabbcceaf35b655e886cc0ed000dadf4e8b9e2.jpg,img_20260922_093936
Avicennia_rumphiana/leaves/IMG_20260922_134931_Burst05.jpg,6,Avicennia_rumphiana,3c90f7813d57e74431cf482f2f87540bd647a706ef37f4c13b37f84b7a1960e8,image:3c90f7813d57e74431cf482f2f87540bd647a706ef37f4c13b37f84b7a1960e8,train,dataset/train/Avicennia_rumphiana/3c90f7813d57e74431cf482f2f87540bd647a706ef37f4c13b37f84b7a1960e8.jpg,img_20260922_134931
Osbornia_octodonta/Leaves/IMG_20260922_132438_Burst07.jpg,18,Osbornia_octodonta,3d49e6b5fff7d1dd07d990aa8ed8ce0c09cf9eec55cb7db6834d147d54138752,image:3d49e6b5fff7d1dd07d990aa8ed8ce0c09cf9eec55cb7db6834d147d54138752,train,dataset/train/Osbornia_octodonta/3d49e6b5fff7d1dd07d990aa8ed8ce0c09cf9eec55cb7db6834d147d54138752.jpg,img_20260922_132438
Camptostemon_philippinensis/Roots/IMG_20260922_132711_Burst05.jpg,10,Camptostemon_philippinensis,3d930d9a10aa224dfc51cd6c0ed8430fdbefe825a7534a0f97be290f8b76b481,image:3d930d9a10aa224dfc51cd6c0ed8430fdbefe825a7534a0f97be290f8b76b481,train,dataset/train/Camptostemon_philippinensis/3d930d9a10aa224dfc51cd6c0ed8430fdbefe825a7534a0f97be290f8b76b481.jpg,img_20260922_132711
Sonneratia_alba/Bark/IMG_20260922_093645_Burst08.jpg,24,Sonneratia_alba,3f4ce663fbee01d46e8c2f4784be07eb3b576f5075013dcf913b8c7d89b859f2,image:3f4ce663fbee01d46e8c2f4784be07eb3b576f5075013dcf913b8c7d89b859f2,train,dataset/train/Sonneratia_alba/3f4ce663fbee01d46e8c2f4784be07eb3b576f5075013dcf913b8c7d89b859f2.jpg,img_20260922_093645
Rhizophora_stylosa/Bark/IMG_20260922_095351_Burst03.jpg,22,Rhizophora_stylosa,4190a9f10f25633c7d0b071670b3ae3f35c036f29530673b3170ff6dbf1c5253,image:4190a9f10f25633c7d0b071670b3ae3f35c036f29530673b3170ff6dbf1c5253,test,dataset/test/Rhizophora_stylosa/4190a9f10f25633c7d0b071670b3ae3f35c036f29530673b3170ff6dbf1c5253.jpg,img_20260922_095351
Avicennia_officinalis/bark/IMG_20260922_132217_Burst04.jpg,5,Avicennia_officinalis,420424fa2c8d468bb4a00c0189ad88c2331e3fe131c7236e0f6e86377019dbfe,image:420424fa2c8d468bb4a00c0189ad88c2331e3fe131c7236e0f6e86377019dbfe,train,dataset/train/Avicennia_officinalis/420424fa2c8d468bb4a00c0189ad88c2331e3fe131c7236e0f6e86377019dbfe.jpg,img_20260922_132217
Osbornia_octodonta/bark/IMG_20260922_132511_Burst02.jpg,18,Osbornia_octodonta,43288b9269f88e70e1fb9635f120aa5081927b9d271e6f454e2738fa0b5d1f6a,image:43288b9269f88e70e1fb9635f120aa5081927b9d271e6f454e2738fa0b5d1f6a,train,dataset/train/Osbornia_octodonta/43288b9269f88e70e1fb9635f120aa5081927b9d271e6f454e2738fa0b5d1f6a.jpg,img_20260922_132511
Ceriops_zippeliana/Leaves/IMG_20260922_133433_Burst02.jpg,12,Ceriops_zippeliana,43c286035ce6a539dfe4689533d063fb3bc681a7ebfc80d70372f9a8e70d301a,image:43c286035ce6a539dfe4689533d063fb3bc681a7ebfc80d70372f9a8e70d301a,test,dataset/test/Ceriops_zippeliana/43c286035ce6a539dfe4689533d063fb3bc681a7ebfc80d70372f9a8e70d301a.jpg,img_20260922_133433
Rhizophora_stylosa/Bark/IMG_20260922_095351_Burst01.jpg,22,Rhizophora_stylosa,4858332924580ee1f31bcf9a19f3b7a44c5f5bb38cb21107a8e0af7b881f1102,image:4858332924580ee1f31bcf9a19f3b7a44c5f5bb38cb21107a8e0af7b881f1102,train,dataset/train/Rhizophora_stylosa/4858332924580ee1f31bcf9a19f3b7a44c5f5bb38cb21107a8e0af7b881f1102.jpg,img_20260922_095351
Sonneratia_alba/Leaves/IMG_20260922_093706_Burst05.jpg,24,Sonneratia_alba,488db246d916eb192d652d8f7ac5c7c3a47a6396b7e60f24a72efef1e893fdbc,image:488db246d916eb192d652d8f7ac5c7c3a47a6396b7e60f24a72efef1e893fdbc,train,dataset/train/Sonneratia_alba/488db246d916eb192d652d8f7ac5c7c3a47a6396b7e60f24a72efef1e893fdbc.jpg,img_20260922_093706
Avicennia_officinalis/Leaves/IMG_20260922_132230_Burst04.jpg,5,Avicennia_officinalis,4994c204b7a8e0c08bcffe48e5709ea50cb687bbadce7cf1cfe89f98041e2539,image:4994c204b7a8e0c08bcffe48e5709ea50cb687bbadce7cf1cfe89f98041e2539,test,dataset/test/Avicennia_officinalis/4994c204b7a8e0c08bcffe48e5709ea50cb687bbadce7cf1cfe89f98041e2539.jpg,img_20260922_132230
Camptostemon_philippinensis/Roots/IMG_20260922_132711_Burst08.jpg,10,Camptostemon_philippinensis,4b80144d1baa9b75b67cb1d4b7750e129f59e339497ee4ab71d46ff1e3fa1501,image:4b80144d1baa9b75b67cb1d4b7750e129f59e339497ee4ab71d46ff1e3fa1501,train,dataset/train/Camptostemon_philippinensis/4b80144d1baa9b75b67cb1d4b7750e129f59e339497ee4ab71d46ff1e3fa1501.jpg,img_20260922_132711
Excoecaria_agallocha/leaves/IMG_20260922_131950_Burst01.jpg,13,Excoecaria_agallocha,4bc3e35552a8c1866d4ff623b2224475add76e3e03e26a0bcf4c87b266359e13,image:4bc3e35552a8c1866d4ff623b2224475add76e3e03e26a0bcf4c87b266359e13,test,dataset/test/Excoecaria_agallocha/4bc3e35552a8c1866d4ff623b2224475add76e3e03e26a0bcf4c87b266359e13.jpg,img_20260922_131950
Osbornia_octodonta/Leaves/.trashed-1792646623-IMG_20260922_101348_Burst06.jpg,18,Osbornia_octodonta,4c78854ec02dd866b32b0abc8ab36b7106b0de571ff38213d667a0dcc9cd3cb4,image:4c78854ec02dd866b32b0abc8ab36b7106b0de571ff38213d667a0dcc9cd3cb4,train,dataset/train/Osbornia_octodonta/4c78854ec02dd866b32b0abc8ab36b7106b0de571ff38213d667a0dcc9cd3cb4.jpg,img_20260922_101348
Osbornia_octodonta/Leaves/IMG_20260922_132438_Burst08.jpg,18,Osbornia_octodonta,4e1017368c0469f2beb28012ff3c6c95039dce25be67fd31a6f47b3efc3cd935,image:4e1017368c0469f2beb28012ff3c6c95039dce25be67fd31a6f47b3efc3cd935,train,dataset/train/Osbornia_octodonta/4e1017368c0469f2beb28012ff3c6c95039dce25be67fd31a6f47b3efc3cd935.jpg,img_20260922_132438
Excoecaria_agallocha/leaves/IMG_20260922_131950_Burst05.jpg,13,Excoecaria_agallocha,4fcc176b0ef1c19917bf91ca41c5cfbc7250f88ac1808d7269e9cc237c874527,image:4fcc176b0ef1c19917bf91ca41c5cfbc7250f88ac1808d7269e9cc237c874527,train,dataset/train/Excoecaria_agallocha/4fcc176b0ef1c19917bf91ca41c5cfbc7250f88ac1808d7269e9cc237c874527.jpg,img_20260922_131950
Osbornia_octodonta/Leaves/.trashed-1792646624-IMG_20260922_101348_Burst04.jpg,18,Osbornia_octodonta,500668a5ebf0376c0a0442a75b5cd6ee0e35e1f36ed646258255b968f25476b5,image:500668a5ebf0376c0a0442a75b5cd6ee0e35e1f36ed646258255b968f25476b5,test,dataset/test/Osbornia_octodonta/500668a5ebf0376c0a0442a75b5cd6ee0e35e1f36ed646258255b968f25476b5.jpg,img_20260922_101348
Excoecaria_agallocha/leaves/IMG_20260922_131950_Burst06.jpg,13,Excoecaria_agallocha,5136ceffee72d94e1f390813fde84b075f93d5862fc6be8ab21a73776e42fe78,image:5136ceffee72d94e1f390813fde84b075f93d5862fc6be8ab21a73776e42fe78,train,dataset/train/Excoecaria_agallocha/5136ceffee72d94e1f390813fde84b075f93d5862fc6be8ab21a73776e42fe78.jpg,img_20260922_131950
Sonneratia_alba/Leaves/IMG_20260922_093706_Burst10.jpg,24,Sonneratia_alba,5384135ee93951fde102a8928ab8ab3d3f722457ed4ccf7d81b7939e97b55681,image:5384135ee93951fde102a8928ab8ab3d3f722457ed4ccf7d81b7939e97b55681,test,dataset/test/Sonneratia_alba/5384135ee93951fde102a8928ab8ab3d3f722457ed4ccf7d81b7939e97b55681.jpg,img_20260922_093706
Ceriops_zippeliana/Leaves/IMG_20260922_133915_Burst05.jpg,12,Ceriops_zippeliana,5658ccb0d32393c6e2c07510fc41a6e878f77afcf6ef0f53310f378a9e3bfb63,image:5658ccb0d32393c6e2c07510fc41a6e878f77afcf6ef0f53310f378a9e3bfb63,train,dataset/train/Ceriops_zippeliana/5658ccb0d32393c6e2c07510fc41a6e878f77afcf6ef0f53310f378a9e3bfb63.jpg,img_20260922_133915
Avicennia_officinalis/Leaves/IMG_20260922_132230_Burst10.jpg,5,Avicennia_officinalis,57975f560a76f05a202e80679d4a348d3cc578758e2f01b39623ff508eaad399,image:57975f560a76f05a202e80679d4a348d3cc578758e2f01b39623ff508eaad399,train,dataset/train/Avicennia_officinalis/57975f560a76f05a202e80679d4a348d3cc578758e2f01b39623ff508eaad399.jpg,img_20260922_132230
Camptostemon_philippinensis/Leaves/.trashed-1792647364-IMG_20260922_132736_Burst01.jpg,10,Camptostemon_philippinensis,58c4a54b68a47a09093fcb5413edbd091a21c1356b9bb6488ec347ac128dd886,image:58c4a54b68a47a09093fcb5413edbd091a21c1356b9bb6488ec347ac128dd886,val,dataset/val/Camptostemon_philippinensis/58c4a54b68a47a09093fcb5413edbd091a21c1356b9bb6488ec347ac128dd886.jpg,img_20260922_132736
Rhizophora_stylosa/Leaves/.trashed-1792659495-IMG_20260922_095448_Burst01.jpg,22,Rhizophora_stylosa,5b3c315996164235c6df5b9f6044d5acaaf300698a1045e0445ae26d4d427dbe,image:5b3c315996164235c6df5b9f6044d5acaaf300698a1045e0445ae26d4d427dbe,train,dataset/train/Rhizophora_stylosa/5b3c315996164235c6df5b9f6044d5acaaf300698a1045e0445ae26d4d427dbe.jpg,img_20260922_095448
Ceriops_zippeliana/Leaves/.trashed-1792647498-IMG_20260922_133503_Burst04.jpg,12,Ceriops_zippeliana,5cbc91131c07cc94638a86cb4a9dbce221b473c382dfeb4abe598d3bd1fd9126,image:5cbc91131c07cc94638a86cb4a9dbce221b473c382dfeb4abe598d3bd1fd9126,train,dataset/train/Ceriops_zippeliana/5cbc91131c07cc94638a86cb4a9dbce221b473c382dfeb4abe598d3bd1fd9126.jpg,img_20260922_133503
Osbornia_octodonta/Leaves/IMG_20260922_132438_Burst01.jpg,18,Osbornia_octodonta,5d9d0e06754c26b4cb52865114fc37195db77a31ff3633b6d3fb359bbd5f6ef0,image:5d9d0e06754c26b4cb52865114fc37195db77a31ff3633b6d3fb359bbd5f6ef0,train,dataset/train/Osbornia_octodonta/5d9d0e06754c26b4cb52865114fc37195db77a31ff3633b6d3fb359bbd5f6ef0.jpg,img_20260922_132438
Avicennia_marina/Leaves/IMG_20260922_094015_Burst03.jpg,4,Avicennia_marina,5da0ac04ccc0ecf0c732de4478f8c7c5899b30296304a6df50226f2dc2286b6b,image:5da0ac04ccc0ecf0c732de4478f8c7c5899b30296304a6df50226f2dc2286b6b,train,dataset/train/Avicennia_marina/5da0ac04ccc0ecf0c732de4478f8c7c5899b30296304a6df50226f2dc2286b6b.jpg,img_20260922_094015
Camptostemon_philippinensis/Leaves/IMG_20260922_133628_Burst07.jpg,10,Camptostemon_philippinensis,5e87640451ab79f97f9d8854b7fc4573ab60517393f8c8972239af34cf0a30ba,image:5e87640451ab79f97f9d8854b7fc4573ab60517393f8c8972239af34cf0a30ba,train,dataset/train/Camptostemon_philippinensis/5e87640451ab79f97f9d8854b7fc4573ab60517393f8c8972239af34cf0a30ba.jpg,img_20260922_133628
Rhizophora_stylosa/Leaves/.trashed-1792659495-IMG_20260922_095448_Burst10.jpg,22,Rhizophora_stylosa,5ebcb77d44355f577d8a0f7f79fe0676be3ec5b655b250caeea280bf2b851a05,image:5ebcb77d44355f577d8a0f7f79fe0676be3ec5b655b250caeea280bf2b851a05,train,dataset/train/Rhizophora_stylosa/5ebcb77d44355f577d8a0f7f79fe0676be3ec5b655b250caeea280bf2b851a05.jpg,img_20260922_095448
Camptostemon_philippinensis/Leaves/IMG_20260922_133628_Burst01.jpg,10,Camptostemon_philippinensis,60403f8793b70a91efcd4b225de1c445f3d2248e46fef6c2bfd61f707dcf3d5f,image:60403f8793b70a91efcd4b225de1c445f3d2248e46fef6c2bfd61f707dcf3d5f,train,dataset/train/Camptostemon_philippinensis/60403f8793b70a91efcd4b225de1c445f3d2248e46fef6c2bfd61f707dcf3d5f.jpg,img_20260922_133628
Osbornia_octodonta/bark/.trashed-1792646624-IMG_20260922_101340_Burst06.jpg,18,Osbornia_octodonta,60b0481467f386f33f5c390204adfb912cb1f0257aa136f6c4830a69ecc54ea3,image:60b0481467f386f33f5c390204adfb912cb1f0257aa136f6c4830a69ecc54ea3,train,dataset/train/Osbornia_octodonta/60b0481467f386f33f5c390204adfb912cb1f0257aa136f6c4830a69ecc54ea3.jpg,img_20260922_101340
Excoecaria_agallocha/roots/IMG_20260922_131942_Burst09.jpg,13,Excoecaria_agallocha,61b279d567405ad0406419708fa6a4b93a55460a8083f0af399970397f0a89e8,image:61b279d567405ad0406419708fa6a4b93a55460a8083f0af399970397f0a89e8,train,dataset/train/Excoecaria_agallocha/61b279d567405ad0406419708fa6a4b93a55460a8083f0af399970397f0a89e8.jpg,img_20260922_131942
Avicennia_officinalis/bark/IMG_20260922_132217_Burst07.jpg,5,Avicennia_officinalis,62cb91c1d7749dc9bd7e3d808c2d9efedb354b0ad486cd271f8ced81473cc5a0,image:62cb91c1d7749dc9bd7e3d808c2d9efedb354b0ad486cd271f8ced81473cc5a0,train,dataset/train/Avicennia_officinalis/62cb91c1d7749dc9bd7e3d808c2d9efedb354b0ad486cd271f8ced81473cc5a0.jpg,img_20260922_132217
Ceriops_zippeliana/Leaves/IMG_20260922_133915_Burst01.jpg,12,Ceriops_zippeliana,62eb1a4863a265893ac4069ce34407a000df5a3c5f344917e9a3219a24a85434,image:62eb1a4863a265893ac4069ce34407a000df5a3c5f344917e9a3219a24a85434,train,dataset/train/Ceriops_zippeliana/62eb1a4863a265893ac4069ce34407a000df5a3c5f344917e9a3219a24a85434.jpg,img_20260922_133915
Rhizophora_stylosa/Bark/IMG_20260922_095351_Burst04.jpg,22,Rhizophora_stylosa,635087beaa660aa2515e10894ecbf65b2d02e3b9241fcacb96a9123b402c6bed,image:635087beaa660aa2515e10894ecbf65b2d02e3b9241fcacb96a9123b402c6bed,train,dataset/train/Rhizophora_stylosa/635087beaa660aa2515e10894ecbf65b2d02e3b9241fcacb96a9123b402c6bed.jpg,img_20260922_095351
Osbornia_octodonta/Leaves/.trashed-1792646624-IMG_20260922_101348_Burst01.jpg,18,Osbornia_octodonta,63fecdc16dc697d70af3b6f56b7e80b29b742701269cddf950a0ba7acfb7f4b3,image:63fecdc16dc697d70af3b6f56b7e80b29b742701269cddf950a0ba7acfb7f4b3,train,dataset/train/Osbornia_octodonta/63fecdc16dc697d70af3b6f56b7e80b29b742701269cddf950a0ba7acfb7f4b3.jpg,img_20260922_101348
Excoecaria_agallocha/roots/IMG_20260922_131942_Burst03.jpg,13,Excoecaria_agallocha,64a279308d146c9ca3f750910d91911d1fa416b8c5a082fca416173efb03cb38,image:64a279308d146c9ca3f750910d91911d1fa416b8c5a082fca416173efb03cb38,train,dataset/train/Excoecaria_agallocha/64a279308d146c9ca3f750910d91911d1fa416b8c5a082fca416173efb03cb38.jpg,img_20260922_131942
Excoecaria_agallocha/roots/IMG_20260922_131942_Burst02.jpg,13,Excoecaria_agallocha,676aa1898b978537ab8a787d3735ec560640033f37392f1f714e2a0338794619,image:676aa1898b978537ab8a787d3735ec560640033f37392f1f714e2a0338794619,train,dataset/train/Excoecaria_agallocha/676aa1898b978537ab8a787d3735ec560640033f37392f1f714e2a0338794619.jpg,img_20260922_131942
Rhizophora_stylosa/Roots/IMG_20260922_095705_Burst03.jpg,22,Rhizophora_stylosa,67f4a896064fcb7a3711f644cd43fa0cbd5ed72d9c5a6f439d66f01696f463d0,image:67f4a896064fcb7a3711f644cd43fa0cbd5ed72d9c5a6f439d66f01696f463d0,train,dataset/train/Rhizophora_stylosa/67f4a896064fcb7a3711f644cd43fa0cbd5ed72d9c5a6f439d66f01696f463d0.jpg,img_20260922_095705
Osbornia_octodonta/bark/.trashed-1792646624-IMG_20260922_101340_Burst07.jpg,18,Osbornia_octodonta,6896457e1a4648f42f4e04a95206fbee3028eda5ef3604e1690a026431755111,image:6896457e1a4648f42f4e04a95206fbee3028eda5ef3604e1690a026431755111,train,dataset/train/Osbornia_octodonta/6896457e1a4648f42f4e04a95206fbee3028eda5ef3604e1690a026431755111.jpg,img_20260922_101340
Camptostemon_philippinensis/Roots/IMG_20260922_132711_Burst04.jpg,10,Camptostemon_philippinensis,690aeb956e833aae8578b7532030d2da86b72626c12c42040cb7785a5000acf1,image:690aeb956e833aae8578b7532030d2da86b72626c12c42040cb7785a5000acf1,train,dataset/train/Camptostemon_philippinensis/690aeb956e833aae8578b7532030d2da86b72626c12c42040cb7785a5000acf1.jpg,img_20260922_132711
Excoecaria_agallocha/leaves/IMG_20260922_131950_Burst03.jpg,13,Excoecaria_agallocha,6988bec67c65850f636f9ca5141046ee0a0b430f4b8f0b18f74456b1d8a056ef,image:6988bec67c65850f636f9ca5141046ee0a0b430f4b8f0b18f74456b1d8a056ef,train,dataset/train/Excoecaria_agallocha/6988bec67c65850f636f9ca5141046ee0a0b430f4b8f0b18f74456b1d8a056ef.jpg,img_20260922_131950
Rhizophora_stylosa/Leaves/.trashed-1792659495-IMG_20260922_095448_Burst03.jpg,22,Rhizophora_stylosa,69bbc07b418683a400bf7b3efeb8c2bc8ebafadd523f3e3815d03a2a5b8d60cd,image:69bbc07b418683a400bf7b3efeb8c2bc8ebafadd523f3e3815d03a2a5b8d60cd,train,dataset/train/Rhizophora_stylosa/69bbc07b418683a400bf7b3efeb8c2bc8ebafadd523f3e3815d03a2a5b8d60cd.jpg,img_20260922_095448
Camptostemon_philippinensis/Leaves/IMG_20260922_133628_Burst03.jpg,10,Camptostemon_philippinensis,6a8983056be9f3b8d493ed1819c0de9aba4ea6bcbabdfc1538bb338e2ec0b231,image:6a8983056be9f3b8d493ed1819c0de9aba4ea6bcbabdfc1538bb338e2ec0b231,val,dataset/val/Camptostemon_philippinensis/6a8983056be9f3b8d493ed1819c0de9aba4ea6bcbabdfc1538bb338e2ec0b231.jpg,img_20260922_133628
Ceriops_zippeliana/Leaves/.trashed-1792647498-IMG_20260922_133503_Burst03.jpg,12,Ceriops_zippeliana,6b27d50bdca409ba5c01dd6f2059de1f83002bba9f0f5da6168e58bbca0b0f5e,image:6b27d50bdca409ba5c01dd6f2059de1f83002bba9f0f5da6168e58bbca0b0f5e,train,dataset/train/Ceriops_zippeliana/6b27d50bdca409ba5c01dd6f2059de1f83002bba9f0f5da6168e58bbca0b0f5e.jpg,img_20260922_133503
Avicennia_marina/Bark/IMG_20260922_093936_Burst05.jpg,4,Avicennia_marina,6c8f9fbbb5da38233dc4855cb7f81ddd3ec81dc4e0b1923e87cfca33356a7fe0,image:6c8f9fbbb5da38233dc4855cb7f81ddd3ec81dc4e0b1923e87cfca33356a7fe0,train,dataset/train/Avicennia_marina/6c8f9fbbb5da38233dc4855cb7f81ddd3ec81dc4e0b1923e87cfca33356a7fe0.jpg,img_20260922_093936
Rhizophora_stylosa/Bark/IMG_20260922_095351_Burst07.jpg,22,Rhizophora_stylosa,6cb0329eda8a696d19a44c7fd945b1b2cc1e8bfe30a20601e54abb14da97535b,image:6cb0329eda8a696d19a44c7fd945b1b2cc1e8bfe30a20601e54abb14da97535b,train,dataset/train/Rhizophora_stylosa/6cb0329eda8a696d19a44c7fd945b1b2cc1e8bfe30a20601e54abb14da97535b.jpg,img_20260922_095351
Avicennia_officinalis/bark/IMG_20260922_132217_Burst02.jpg,5,Avicennia_officinalis,6cb08ac445f60ba78ccf547ef9bf339e54e31bdbcfe1a5cba394c0b47a721f21,image:6cb08ac445f60ba78ccf547ef9bf339e54e31bdbcfe1a5cba394c0b47a721f21,train,dataset/train/Avicennia_officinalis/6cb08ac445f60ba78ccf547ef9bf339e54e31bdbcfe1a5cba394c0b47a721f21.jpg,img_20260922_132217
Ceriops_zippeliana/Leaves/.trashed-1792647498-IMG_20260922_133503_Burst05.jpg,12,Ceriops_zippeliana,6dc1e57a8dc82c062027bb50f2a7f950589a7832f7abf0bd363f5b4965486a8f,image:6dc1e57a8dc82c062027bb50f2a7f950589a7832f7abf0bd363f5b4965486a8f,train,dataset/train/Ceriops_zippeliana/6dc1e57a8dc82c062027bb50f2a7f950589a7832f7abf0bd363f5b4965486a8f.jpg,img_20260922_133503
Avicennia_marina/Leaves/IMG_20260922_094015_Burst06.jpg,4,Avicennia_marina,6e471fcd8d6bb7ce034779e88f76cece51a66c737fe36f77e65994286f74ae94,image:6e471fcd8d6bb7ce034779e88f76cece51a66c737fe36f77e65994286f74ae94,train,dataset/train/Avicennia_marina/6e471fcd8d6bb7ce034779e88f76cece51a66c737fe36f77e65994286f74ae94.jpg,img_20260922_094015
Sonneratia_alba/Leaves/IMG_20260922_093706_Burst01.jpg,24,Sonneratia_alba,6f234fe845d6c8c13e07028e66ce1c5f507e99f90eda5cf55cc282d9173e4e31,image:6f234fe845d6c8c13e07028e66ce1c5f507e99f90eda5cf55cc282d9173e4e31,test,dataset/test/Sonneratia_alba/6f234fe845d6c8c13e07028e66ce1c5f507e99f90eda5cf55cc282d9173e4e31.jpg,img_20260922_093706
Avicennia_marina/Leaves/IMG_20260922_094015_Burst04.jpg,4,Avicennia_marina,7106a3de5fffa587cd3f9c7972bfe45c660d18bd0581f519ffb64ddf79ab78eb,image:7106a3de5fffa587cd3f9c7972bfe45c660d18bd0581f519ffb64ddf79ab78eb,train,dataset/train/Avicennia_marina/7106a3de5fffa587cd3f9c7972bfe45c660d18bd0581f519ffb64ddf79ab78eb.jpg,img_20260922_094015
Rhizophora_stylosa/Leaves/IMG_20260922_095525_Burst05.jpg,22,Rhizophora_stylosa,715b4fce709608d2d098f889ab83512fa4e00036ae65eee07b6aab50b500cc04,image:715b4fce709608d2d098f889ab83512fa4e00036ae65eee07b6aab50b500cc04,train,dataset/train/Rhizophora_stylosa/715b4fce709608d2d098f889ab83512fa4e00036ae65eee07b6aab50b500cc04.jpg,img_20260922_095525
Avicennia_rumphiana/leaves/IMG_20260922_134931_Burst06.jpg,6,Avicennia_rumphiana,71db390c905eb586f2f7ea35333ae41ae9d77dfb54f283f1695ae77678826219,image:71db390c905eb586f2f7ea35333ae41ae9d77dfb54f283f1695ae77678826219,train,dataset/train/Avicennia_rumphiana/71db390c905eb586f2f7ea35333ae41ae9d77dfb54f283f1695ae77678826219.jpg,img_20260922_134931
Lumnitzera_racemosa/Leaves/IMG_20260922_131815_Burst07.jpg,16,Lumnitzera_racemosa,71f99d3e2a5ce324a6d1e9b88b96c4eb4521f95cc829132430871ac9a66b02e4,image:71f99d3e2a5ce324a6d1e9b88b96c4eb4521f95cc829132430871ac9a66b02e4,train,dataset/train/Lumnitzera_racemosa/71f99d3e2a5ce324a6d1e9b88b96c4eb4521f95cc829132430871ac9a66b02e4.jpg,img_20260922_131815
Osbornia_octodonta/Leaves/.trashed-1792646624-IMG_20260922_101348_Burst02.jpg,18,Osbornia_octodonta,73d9d4c611c02e77e2ade83f47041bc6619280053b6bb93d19166acc26dae568,image:73d9d4c611c02e77e2ade83f47041bc6619280053b6bb93d19166acc26dae568,train,dataset/train/Osbornia_octodonta/73d9d4c611c02e77e2ade83f47041bc6619280053b6bb93d19166acc26dae568.jpg,img_20260922_101348
Osbornia_octodonta/Leaves/IMG_20260922_132438_Burst02.jpg,18,Osbornia_octodonta,7478cad275e9f8fe7c4d2170fd0e3ed4100e1c87268752c66db0ac91aa90dbef,image:7478cad275e9f8fe7c4d2170fd0e3ed4100e1c87268752c66db0ac91aa90dbef,train,dataset/train/Osbornia_octodonta/7478cad275e9f8fe7c4d2170fd0e3ed4100e1c87268752c66db0ac91aa90dbef.jpg,img_20260922_132438
Ceriops_zippeliana/Leaves/.trashed-1792647498-IMG_20260922_133503_Burst02.jpg,12,Ceriops_zippeliana,75005f023cc77e68db89055259171ab25a296e19e30713fe80f976e2387063bb,image:75005f023cc77e68db89055259171ab25a296e19e30713fe80f976e2387063bb,train,dataset/train/Ceriops_zippeliana/75005f023cc77e68db89055259171ab25a296e19e30713fe80f976e2387063bb.jpg,img_20260922_133503
Camptostemon_philippinensis/Roots/IMG_20260922_132711_Burst10.jpg,10,Camptostemon_philippinensis,762a1dd4e9483d4d87fc6e77e6de8bea36c590f0d5096f18aefdb3604f9a7012,image:762a1dd4e9483d4d87fc6e77e6de8bea36c590f0d5096f18aefdb3604f9a7012,train,dataset/train/Camptostemon_philippinensis/762a1dd4e9483d4d87fc6e77e6de8bea36c590f0d5096f18aefdb3604f9a7012.jpg,img_20260922_132711
Camptostemon_philippinensis/Roots/IMG_20260922_132711_Burst01.jpg,10,Camptostemon_philippinensis,777fda43633a875bbef180b3900cf1117a9a3b08deaccedbc03a23024ac85174,image:777fda43633a875bbef180b3900cf1117a9a3b08deaccedbc03a23024ac85174,train,dataset/train/Camptostemon_philippinensis/777fda43633a875bbef180b3900cf1117a9a3b08deaccedbc03a23024ac85174.jpg,img_20260922_132711
Avicennia_rumphiana/leaves/IMG_20260922_134931_Burst01.jpg,6,Avicennia_rumphiana,784dcdd1bba6323d6568929d85adb6162f778e08a3ec0fe784feb077cccb0f6c,image:784dcdd1bba6323d6568929d85adb6162f778e08a3ec0fe784feb077cccb0f6c,train,dataset/train/Avicennia_rumphiana/784dcdd1bba6323d6568929d85adb6162f778e08a3ec0fe784feb077cccb0f6c.jpg,img_20260922_134931
Ceriops_zippeliana/Leaves/IMG_20260922_133433_Burst10.jpg,12,Ceriops_zippeliana,78f9c5df012b57abbdf4c07d0f023d2aaf7c00bfdc1bbbfabda69cfcc4d287cb,image:78f9c5df012b57abbdf4c07d0f023d2aaf7c00bfdc1bbbfabda69cfcc4d287cb,train,dataset/train/Ceriops_zippeliana/78f9c5df012b57abbdf4c07d0f023d2aaf7c00bfdc1bbbfabda69cfcc4d287cb.jpg,img_20260922_133433
Sonneratia_alba/Bark/IMG_20260922_093645_Burst10.jpg,24,Sonneratia_alba,79b7ad7e0c09bedef448d0dfa7bca63d91decaf53475f5ba1e0c04268f4d0ed1,image:79b7ad7e0c09bedef448d0dfa7bca63d91decaf53475f5ba1e0c04268f4d0ed1,train,dataset/train/Sonneratia_alba/79b7ad7e0c09bedef448d0dfa7bca63d91decaf53475f5ba1e0c04268f4d0ed1.jpg,img_20260922_093645
Osbornia_octodonta/bark/IMG_20260922_132511_Burst07.jpg,18,Osbornia_octodonta,7b9feabf97a903c2c89df558a717b8542faa7eb6ca2dfb305fb670ae056807f5,image:7b9feabf97a903c2c89df558a717b8542faa7eb6ca2dfb305fb670ae056807f5,train,dataset/train/Osbornia_octodonta/7b9feabf97a903c2c89df558a717b8542faa7eb6ca2dfb305fb670ae056807f5.jpg,img_20260922_132511
Rhizophora_stylosa/Leaves/IMG_20260922_095525_Burst06.jpg,22,Rhizophora_stylosa,7c527f257cc5eb694e6a53b720f726b6d10c38c4bfc5e38752490e9c925c1ca9,image:7c527f257cc5eb694e6a53b720f726b6d10c38c4bfc5e38752490e9c925c1ca9,train,dataset/train/Rhizophora_stylosa/7c527f257cc5eb694e6a53b720f726b6d10c38c4bfc5e38752490e9c925c1ca9.jpg,img_20260922_095525
Avicennia_officinalis/bark/IMG_20260922_132217_Burst08.jpg,5,Avicennia_officinalis,7c6aeef7abc2eac2c70db3809e95841ca98c79bde2f4bd59b4e6e734053ed174,image:7c6aeef7abc2eac2c70db3809e95841ca98c79bde2f4bd59b4e6e734053ed174,val,dataset/val/Avicennia_officinalis/7c6aeef7abc2eac2c70db3809e95841ca98c79bde2f4bd59b4e6e734053ed174.jpg,img_20260922_132217
Avicennia_officinalis/bark/IMG_20260922_132217_Burst01.jpg,5,Avicennia_officinalis,7cfcd1e53633c2ff9421b7e19f128f48f2181d8936f86ab9cd38613806374433,image:7cfcd1e53633c2ff9421b7e19f128f48f2181d8936f86ab9cd38613806374433,train,dataset/train/Avicennia_officinalis/7cfcd1e53633c2ff9421b7e19f128f48f2181d8936f86ab9cd38613806374433.jpg,img_20260922_132217
Ceriops_zippeliana/Leaves/.trashed-1792647498-IMG_20260922_133503_Burst01.jpg,12,Ceriops_zippeliana,7d2f7a4f041e002c363f747fc8130b19304d071aeb9024944eaf174744782ae8,image:7d2f7a4f041e002c363f747fc8130b19304d071aeb9024944eaf174744782ae8,val,dataset/val/Ceriops_zippeliana/7d2f7a4f041e002c363f747fc8130b19304d071aeb9024944eaf174744782ae8.jpg,img_20260922_133503
Avicennia_officinalis/Roots/IMG_20260922_132135_Burst09.jpg,5,Avicennia_officinalis,7d6b004663bc4338ab4dc925b8afd9e7cfdd6ee57940fbc05b235c994d8fa375,image:7d6b004663bc4338ab4dc925b8afd9e7cfdd6ee57940fbc05b235c994d8fa375,train,dataset/train/Avicennia_officinalis/7d6b004663bc4338ab4dc925b8afd9e7cfdd6ee57940fbc05b235c994d8fa375.jpg,img_20260922_132135
Rhizophora_stylosa/Leaves/IMG_20260922_095612_Burst06.jpg,22,Rhizophora_stylosa,7d78565ade88c6aabcacba957623a4397e08e3e5ef051567e871a639fae44acb,image:7d78565ade88c6aabcacba957623a4397e08e3e5ef051567e871a639fae44acb,train,dataset/train/Rhizophora_stylosa/7d78565ade88c6aabcacba957623a4397e08e3e5ef051567e871a639fae44acb.jpg,img_20260922_095612
Osbornia_octodonta/Leaves/.trashed-1792646623-IMG_20260922_101348_Burst10.jpg,18,Osbornia_octodonta,824138a81b3761819210c94fd6885ddd142bfef38c32e87fe0719adcf74d9a0c,image:824138a81b3761819210c94fd6885ddd142bfef38c32e87fe0719adcf74d9a0c,train,dataset/train/Osbornia_octodonta/824138a81b3761819210c94fd6885ddd142bfef38c32e87fe0719adcf74d9a0c.jpg,img_20260922_101348
Osbornia_octodonta/Leaves/.trashed-1792646623-IMG_20260922_101348_Burst07.jpg,18,Osbornia_octodonta,827cd6338490fd005b032cf52d6fc0a0555587dfd2ddfdb04a52718c0eb686ad,image:827cd6338490fd005b032cf52d6fc0a0555587dfd2ddfdb04a52718c0eb686ad,train,dataset/train/Osbornia_octodonta/827cd6338490fd005b032cf52d6fc0a0555587dfd2ddfdb04a52718c0eb686ad.jpg,img_20260922_101348
Osbornia_octodonta/Leaves/.trashed-1792646624-IMG_20260922_101348_Burst05.jpg,18,Osbornia_octodonta,854a3febb49cac0576808375d32c761e22a8ae48e28814f8b4e22ed51107d324,image:854a3febb49cac0576808375d32c761e22a8ae48e28814f8b4e22ed51107d324,train,dataset/train/Osbornia_octodonta/854a3febb49cac0576808375d32c761e22a8ae48e28814f8b4e22ed51107d324.jpg,img_20260922_101348
Osbornia_octodonta/bark/IMG_20260922_132511_Burst01.jpg,18,Osbornia_octodonta,887063b330a8ca3d5bcde64accad47f58bf8fbe74786eec18e127775f256ddb7,image:887063b330a8ca3d5bcde64accad47f58bf8fbe74786eec18e127775f256ddb7,test,dataset/test/Osbornia_octodonta/887063b330a8ca3d5bcde64accad47f58bf8fbe74786eec18e127775f256ddb7.jpg,img_20260922_132511
Camptostemon_philippinensis/Leaves/IMG_20260922_133628_Burst08.jpg,10,Camptostemon_philippinensis,89902ee5ff29d6268f90a14303a53ed0cb11a856739bcd25e0322b53f0f115f8,image:89902ee5ff29d6268f90a14303a53ed0cb11a856739bcd25e0322b53f0f115f8,test,dataset/test/Camptostemon_philippinensis/89902ee5ff29d6268f90a14303a53ed0cb11a856739bcd25e0322b53f0f115f8.jpg,img_20260922_133628
Avicennia_marina/Leaves/IMG_20260922_094015_Burst10.jpg,4,Avicennia_marina,89a92d5f3a8e08bc74f371df0b6a538f81cb1afd98b1ed508c9d8d8a86255839,image:89a92d5f3a8e08bc74f371df0b6a538f81cb1afd98b1ed508c9d8d8a86255839,train,dataset/train/Avicennia_marina/89a92d5f3a8e08bc74f371df0b6a538f81cb1afd98b1ed508c9d8d8a86255839.jpg,img_20260922_094015
Rhizophora_stylosa/Leaves/IMG_20260922_095612_Burst02.jpg,22,Rhizophora_stylosa,8a41aec136b071374ef15c9fe5091693b13e0c3f1ff1009023e7142cba52cec6,image:8a41aec136b071374ef15c9fe5091693b13e0c3f1ff1009023e7142cba52cec6,train,dataset/train/Rhizophora_stylosa/8a41aec136b071374ef15c9fe5091693b13e0c3f1ff1009023e7142cba52cec6.jpg,img_20260922_095612
Excoecaria_agallocha/roots/IMG_20260922_131942_Burst07.jpg,13,Excoecaria_agallocha,8c8c10d2586fafcb65274e7328511302ad71bc56277fea3ca6c7aa0e7a95989f,image:8c8c10d2586fafcb65274e7328511302ad71bc56277fea3ca6c7aa0e7a95989f,train,dataset/train/Excoecaria_agallocha/8c8c10d2586fafcb65274e7328511302ad71bc56277fea3ca6c7aa0e7a95989f.jpg,img_20260922_131942
Avicennia_marina/Bark/IMG_20260922_093936_Burst09.jpg,4,Avicennia_marina,8df744a7ef2b00ef1d575016cb9d81534e3d9b80acd2e9098fc6a7969bb11fc4,image:8df744a7ef2b00ef1d575016cb9d81534e3d9b80acd2e9098fc6a7969bb11fc4,test,dataset/test/Avicennia_marina/8df744a7ef2b00ef1d575016cb9d81534e3d9b80acd2e9098fc6a7969bb11fc4.jpg,img_20260922_093936
Camptostemon_philippinensis/Leaves/IMG_20260922_133628_Burst02.jpg,10,Camptostemon_philippinensis,8e13a99585665ca920f04a9ffd0e804e6ba49e65993d1f3041e263da5b565ba4,image:8e13a99585665ca920f04a9ffd0e804e6ba49e65993d1f3041e263da5b565ba4,train,dataset/train/Camptostemon_philippinensis/8e13a99585665ca920f04a9ffd0e804e6ba49e65993d1f3041e263da5b565ba4.jpg,img_20260922_133628
Avicennia_marina/Bark/IMG_20260922_093936_Burst10.jpg,4,Avicennia_marina,8ebe6db40bbb00790212198a34e51c8e19e4100891f6095eb25190d140cd4ff1,image:8ebe6db40bbb00790212198a34e51c8e19e4100891f6095eb25190d140cd4ff1,train,dataset/train/Avicennia_marina/8ebe6db40bbb00790212198a34e51c8e19e4100891f6095eb25190d140cd4ff1.jpg,img_20260922_093936
Avicennia_rumphiana/leaves/IMG_20260922_134907_Burst01.jpg,6,Avicennia_rumphiana,8fab884030a763f63b862af6f80f650c46c96e2578d680b9ce78d43199827471,image:8fab884030a763f63b862af6f80f650c46c96e2578d680b9ce78d43199827471,val,dataset/val/Avicennia_rumphiana/8fab884030a763f63b862af6f80f650c46c96e2578d680b9ce78d43199827471.jpg,img_20260922_134907
Rhizophora_stylosa/Leaves/IMG_20260922_095612_Burst10.jpg,22,Rhizophora_stylosa,9170e510f4872a400da750bbd85eaab3275f7e81f32e1062e3f01302458198ee,image:9170e510f4872a400da750bbd85eaab3275f7e81f32e1062e3f01302458198ee,train,dataset/train/Rhizophora_stylosa/9170e510f4872a400da750bbd85eaab3275f7e81f32e1062e3f01302458198ee.jpg,img_20260922_095612
Osbornia_octodonta/Leaves/IMG_20260922_132438_Burst09.jpg,18,Osbornia_octodonta,91a21e4576c34c1c6da3a3a1948ccac0f8bca563d0813fbe56b1d4f28980fd2a,image:91a21e4576c34c1c6da3a3a1948ccac0f8bca563d0813fbe56b1d4f28980fd2a,test,dataset/test/Osbornia_octodonta/91a21e4576c34c1c6da3a3a1948ccac0f8bca563d0813fbe56b1d4f28980fd2a.jpg,img_20260922_132438
Avicennia_marina/Bark/IMG_20260922_093936_Burst07.jpg,4,Avicennia_marina,9250c7e7e7334c51e01106b67369795e8cc6e03fd139e5b699c015bf647836f7,image:9250c7e7e7334c51e01106b67369795e8cc6e03fd139e5b699c015bf647836f7,train,dataset/train/Avicennia_marina/9250c7e7e7334c51e01106b67369795e8cc6e03fd139e5b699c015bf647836f7.jpg,img_20260922_093936
Rhizophora_stylosa/Leaves/IMG_20260922_095525_Burst07.jpg,22,Rhizophora_stylosa,93eda8abfa77c3d3b75bc0779e4dceeb79a2b2cca7ea0b5c0520b86a695e236a,image:93eda8abfa77c3d3b75bc0779e4dceeb79a2b2cca7ea0b5c0520b86a695e236a,train,dataset/train/Rhizophora_stylosa/93eda8abfa77c3d3b75bc0779e4dceeb79a2b2cca7ea0b5c0520b86a695e236a.jpg,img_20260922_095525
Rhizophora_stylosa/Leaves/IMG_20260922_095612_Burst09.jpg,22,Rhizophora_stylosa,9453823186c27eb9bb954aad419280cff1836d38fa525a201b5485867d89c773,image:9453823186c27eb9bb954aad419280cff1836d38fa525a201b5485867d89c773,train,dataset/train/Rhizophora_stylosa/9453823186c27eb9bb954aad419280cff1836d38fa525a201b5485867d89c773.jpg,img_20260922_095612
Osbornia_octodonta/bark/IMG_20260922_132511_Burst09.jpg,18,Osbornia_octodonta,947b6644e7a3f7243b3a29d7f6131a2b95b6ea638bf15a0f1d4cc61db4077cc8,image:947b6644e7a3f7243b3a29d7f6131a2b95b6ea638bf15a0f1d4cc61db4077cc8,train,dataset/train/Osbornia_octodonta/947b6644e7a3f7243b3a29d7f6131a2b95b6ea638bf15a0f1d4cc61db4077cc8.jpg,img_20260922_132511
Avicennia_marina/Bark/IMG_20260922_093936_Burst08.jpg,4,Avicennia_marina,951fa550c6047c33e48d84271737c3723c233118dff7557e2fa762c5fa7c166d,image:951fa550c6047c33e48d84271737c3723c233118dff7557e2fa762c5fa7c166d,train,dataset/train/Avicennia_marina/951fa550c6047c33e48d84271737c3723c233118dff7557e2fa762c5fa7c166d.jpg,img_20260922_093936
Excoecaria_agallocha/leaves/IMG_20260922_131950_Burst08.jpg,13,Excoecaria_agallocha,958f86efec2aa3ac8e275fdbb7541fffe92ebcb62411d00d23662dc0104f7cdb,image:958f86efec2aa3ac8e275fdbb7541fffe92ebcb62411d00d23662dc0104f7cdb,train,dataset/train/Excoecaria_agallocha/958f86efec2aa3ac8e275fdbb7541fffe92ebcb62411d00d23662dc0104f7cdb.jpg,img_20260922_131950
Rhizophora_stylosa/Leaves/IMG_20260922_095525_Burst03.jpg,22,Rhizophora_stylosa,95c2ab5de442b7fa57d233aedeee0fae8c08e9cccd3ccd94b7461553aa241342,image:95c2ab5de442b7fa57d233aedeee0fae8c08e9cccd3ccd94b7461553aa241342,train,dataset/train/Rhizophora_stylosa/95c2ab5de442b7fa57d233aedeee0fae8c08e9cccd3ccd94b7461553aa241342.jpg,img_20260922_095525
Lumnitzera_racemosa/Leaves/IMG_20260922_131815_Burst05.jpg,16,Lumnitzera_racemosa,9720d3d9cae2b4f4bd7f5c3b94811d65a74dcc483c1141704f8eeed12409271d,image:9720d3d9cae2b4f4bd7f5c3b94811d65a74dcc483c1141704f8eeed12409271d,train,dataset/train/Lumnitzera_racemosa/9720d3d9cae2b4f4bd7f5c3b94811d65a74dcc483c1141704f8eeed12409271d.jpg,img_20260922_131815
Rhizophora_stylosa/Bark/IMG_20260922_095351_Burst10.jpg,22,Rhizophora_stylosa,988315a99bd5e7e5a018a856230fb72a0ece46172f8d610ae351e3c1631ffbe7,image:988315a99bd5e7e5a018a856230fb72a0ece46172f8d610ae351e3c1631ffbe7,train,dataset/train/Rhizophora_stylosa/988315a99bd5e7e5a018a856230fb72a0ece46172f8d610ae351e3c1631ffbe7.jpg,img_20260922_095351
Excoecaria_agallocha/leaves/IMG_20260922_131950_Burst10.jpg,13,Excoecaria_agallocha,994f5bc2944f6a16db665742275e564faf2a037c41612c0dbb4a87310f247137,image:994f5bc2944f6a16db665742275e564faf2a037c41612c0dbb4a87310f247137,val,dataset/val/Excoecaria_agallocha/994f5bc2944f6a16db665742275e564faf2a037c41612c0dbb4a87310f247137.jpg,img_20260922_131950
Camptostemon_philippinensis/Roots/IMG_20260922_132711_Burst02.jpg,10,Camptostemon_philippinensis,9aa7102030db5d86b718886c6d21341cf9a7b6375424beec40aa6b2b772db154,image:9aa7102030db5d86b718886c6d21341cf9a7b6375424beec40aa6b2b772db154,train,dataset/train/Camptostemon_philippinensis/9aa7102030db5d86b718886c6d21341cf9a7b6375424beec40aa6b2b772db154.jpg,img_20260922_132711
Lumnitzera_racemosa/Leaves/IMG_20260922_131815_Burst08.jpg,16,Lumnitzera_racemosa,9b351e9149bbe90985d2416b45c20ba71dc79c8629fc9787ab8cfffcfe938cf6,image:9b351e9149bbe90985d2416b45c20ba71dc79c8629fc9787ab8cfffcfe938cf6,train,dataset/train/Lumnitzera_racemosa/9b351e9149bbe90985d2416b45c20ba71dc79c8629fc9787ab8cfffcfe938cf6.jpg,img_20260922_131815
Excoecaria_agallocha/roots/IMG_20260922_131942_Burst06.jpg,13,Excoecaria_agallocha,9c6ca7675b11e1404aba57c4674f66d147fe7cc2c7bec8537de644c992f7bb3e,image:9c6ca7675b11e1404aba57c4674f66d147fe7cc2c7bec8537de644c992f7bb3e,train,dataset/train/Excoecaria_agallocha/9c6ca7675b11e1404aba57c4674f66d147fe7cc2c7bec8537de644c992f7bb3e.jpg,img_20260922_131942
Avicennia_rumphiana/leaves/IMG_20260922_134931_Burst08.jpg,6,Avicennia_rumphiana,9d0b5758f6f8155695d3ba306950f99b2d50b87d1a901c85a12eb958b3285d1b,image:9d0b5758f6f8155695d3ba306950f99b2d50b87d1a901c85a12eb958b3285d1b,train,dataset/train/Avicennia_rumphiana/9d0b5758f6f8155695d3ba306950f99b2d50b87d1a901c85a12eb958b3285d1b.jpg,img_20260922_134931
Sonneratia_alba/Leaves/IMG_20260922_093706_Burst09.jpg,24,Sonneratia_alba,9d70ebd60f62efb3d11f1396dce2c60f55d35c1810095adf0e72ee7b0afbda8a,image:9d70ebd60f62efb3d11f1396dce2c60f55d35c1810095adf0e72ee7b0afbda8a,train,dataset/train/Sonneratia_alba/9d70ebd60f62efb3d11f1396dce2c60f55d35c1810095adf0e72ee7b0afbda8a.jpg,img_20260922_093706
Avicennia_rumphiana/leaves/IMG_20260922_134931_Burst02.jpg,6,Avicennia_rumphiana,9dc23f2280efccb6e8a2f6139163b79cb24e5b5d6be346a416f9c9a8d1079fd4,image:9dc23f2280efccb6e8a2f6139163b79cb24e5b5d6be346a416f9c9a8d1079fd4,train,dataset/train/Avicennia_rumphiana/9dc23f2280efccb6e8a2f6139163b79cb24e5b5d6be346a416f9c9a8d1079fd4.jpg,img_20260922_134931
Avicennia_officinalis/bark/IMG_20260922_132217_Burst05.jpg,5,Avicennia_officinalis,9e07c3bb200c42edf1c4032fa4b4a66bfdce7e7f1711e2a23fd2b791e0351dc8,image:9e07c3bb200c42edf1c4032fa4b4a66bfdce7e7f1711e2a23fd2b791e0351dc8,train,dataset/train/Avicennia_officinalis/9e07c3bb200c42edf1c4032fa4b4a66bfdce7e7f1711e2a23fd2b791e0351dc8.jpg,img_20260922_132217
Lumnitzera_racemosa/Leaves/IMG_20260922_131815_Burst09.jpg,16,Lumnitzera_racemosa,a1d1ee653221f8c78aeb1b6707b6f8844277b81772f8d2cf05b2db6984975598,image:a1d1ee653221f8c78aeb1b6707b6f8844277b81772f8d2cf05b2db6984975598,train,dataset/train/Lumnitzera_racemosa/a1d1ee653221f8c78aeb1b6707b6f8844277b81772f8d2cf05b2db6984975598.jpg,img_20260922_131815
Lumnitzera_racemosa/bark/IMG_20260922_131826_Burst02.jpg,16,Lumnitzera_racemosa,a241b6bdb7b2aa2e6caf155f78e69383b1d91c7828e9e1d4fb5fb8048673b040,image:a241b6bdb7b2aa2e6caf155f78e69383b1d91c7828e9e1d4fb5fb8048673b040,train,dataset/train/Lumnitzera_racemosa/a241b6bdb7b2aa2e6caf155f78e69383b1d91c7828e9e1d4fb5fb8048673b040.jpg,img_20260922_131826
Avicennia_marina/Bark/IMG_20260922_093936_Burst06.jpg,4,Avicennia_marina,a2423bdf73d35b7536b935acbece43180dde6c56a2de774f38212f61bac52063,image:a2423bdf73d35b7536b935acbece43180dde6c56a2de774f38212f61bac52063,train,dataset/train/Avicennia_marina/a2423bdf73d35b7536b935acbece43180dde6c56a2de774f38212f61bac52063.jpg,img_20260922_093936
Excoecaria_agallocha/roots/IMG_20260922_131942_Burst04.jpg,13,Excoecaria_agallocha,a406c4b6e3299bb2c61996f6022ae0369694ce6b41b0c2632e6761338ce28a49,image:a406c4b6e3299bb2c61996f6022ae0369694ce6b41b0c2632e6761338ce28a49,train,dataset/train/Excoecaria_agallocha/a406c4b6e3299bb2c61996f6022ae0369694ce6b41b0c2632e6761338ce28a49.jpg,img_20260922_131942
Sonneratia_alba/Bark/IMG_20260922_093645_Burst03.jpg,24,Sonneratia_alba,a4f41bdf64ace26768408c9b5382e9f4b95f323b09930a88dcf00ba5e48ed5fb,image:a4f41bdf64ace26768408c9b5382e9f4b95f323b09930a88dcf00ba5e48ed5fb,val,dataset/val/Sonneratia_alba/a4f41bdf64ace26768408c9b5382e9f4b95f323b09930a88dcf00ba5e48ed5fb.jpg,img_20260922_093645
Rhizophora_stylosa/Leaves/.trashed-1792659495-IMG_20260922_095448_Burst06.jpg,22,Rhizophora_stylosa,a4f78884ce70797ed886a43a4c923d5e624370ddff2d57243ec94a5c33cff03c,image:a4f78884ce70797ed886a43a4c923d5e624370ddff2d57243ec94a5c33cff03c,test,dataset/test/Rhizophora_stylosa/a4f78884ce70797ed886a43a4c923d5e624370ddff2d57243ec94a5c33cff03c.jpg,img_20260922_095448
Lumnitzera_racemosa/Leaves/IMG_20260922_131815_Burst04.jpg,16,Lumnitzera_racemosa,a573da0273c2a4f4446b734c84db8ee972747454bf6722662edb15cff33078f9,image:a573da0273c2a4f4446b734c84db8ee972747454bf6722662edb15cff33078f9,train,dataset/train/Lumnitzera_racemosa/a573da0273c2a4f4446b734c84db8ee972747454bf6722662edb15cff33078f9.jpg,img_20260922_131815
Ceriops_zippeliana/Leaves/.trashed-1792647497-IMG_20260922_133503_Burst06.jpg,12,Ceriops_zippeliana,a68fb82d8a6feedc07e79e6142dc10ba094072a6ef2a0fbb709db9ad7174b858,image:a68fb82d8a6feedc07e79e6142dc10ba094072a6ef2a0fbb709db9ad7174b858,train,dataset/train/Ceriops_zippeliana/a68fb82d8a6feedc07e79e6142dc10ba094072a6ef2a0fbb709db9ad7174b858.jpg,img_20260922_133503
Camptostemon_philippinensis/Leaves/IMG_20260922_133628_Burst06.jpg,10,Camptostemon_philippinensis,a6ad4fb751f686bc6acb7d8b44d491661df9bf3791be8e4d9cd9ddc043bf1a41,image:a6ad4fb751f686bc6acb7d8b44d491661df9bf3791be8e4d9cd9ddc043bf1a41,test,dataset/test/Camptostemon_philippinensis/a6ad4fb751f686bc6acb7d8b44d491661df9bf3791be8e4d9cd9ddc043bf1a41.jpg,img_20260922_133628
Osbornia_octodonta/Leaves/IMG_20260922_132438_Burst06.jpg,18,Osbornia_octodonta,a77d3d696aa11d59108fc5034b6e6710360a830cf54ab9e612f461f5f76259a2,image:a77d3d696aa11d59108fc5034b6e6710360a830cf54ab9e612f461f5f76259a2,test,dataset/test/Osbornia_octodonta/a77d3d696aa11d59108fc5034b6e6710360a830cf54ab9e612f461f5f76259a2.jpg,img_20260922_132438
Osbornia_octodonta/bark/.trashed-1792646624-IMG_20260922_101340_Burst03.jpg,18,Osbornia_octodonta,a8f679081fb5625c6131c49022947e3ffe2494f0b514bedb03a6a30ca423c678,image:a8f679081fb5625c6131c49022947e3ffe2494f0b514bedb03a6a30ca423c678,train,dataset/train/Osbornia_octodonta/a8f679081fb5625c6131c49022947e3ffe2494f0b514bedb03a6a30ca423c678.jpg,img_20260922_101340
Rhizophora_stylosa/Leaves/IMG_20260922_095525_Burst04.jpg,22,Rhizophora_stylosa,a9b3b82fd0320c9cd0b09ce025d97d26e7cb42eb8ca1bea25103978726df9459,image:a9b3b82fd0320c9cd0b09ce025d97d26e7cb42eb8ca1bea25103978726df9459,train,dataset/train/Rhizophora_stylosa/a9b3b82fd0320c9cd0b09ce025d97d26e7cb42eb8ca1bea25103978726df9459.jpg,img_20260922_095525
Ceriops_zippeliana/Leaves/.trashed-1792647497-IMG_20260922_133503_Burst10.jpg,12,Ceriops_zippeliana,ab756e02fdcb9e77b760f622534542da348f438243a7c1e3a78d494afc766836,image:ab756e02fdcb9e77b760f622534542da348f438243a7c1e3a78d494afc766836,train,dataset/train/Ceriops_zippeliana/ab756e02fdcb9e77b760f622534542da348f438243a7c1e3a78d494afc766836.jpg,img_20260922_133503
Rhizophora_stylosa/Roots/IMG_20260922_095705_Burst09.jpg,22,Rhizophora_stylosa,ab7e4607e66bc36cce22f9eb983719b52afce857f830ebd4f466c16bb66d097e,image:ab7e4607e66bc36cce22f9eb983719b52afce857f830ebd4f466c16bb66d097e,train,dataset/train/Rhizophora_stylosa/ab7e4607e66bc36cce22f9eb983719b52afce857f830ebd4f466c16bb66d097e.jpg,img_20260922_095705
Camptostemon_philippinensis/Leaves/IMG_20260922_133628_Burst05.jpg,10,Camptostemon_philippinensis,ac496d15c4dc71945859daba4e6a4de1d99461ddffa7b6e9ce00aa80a15dc7e5,image:ac496d15c4dc71945859daba4e6a4de1d99461ddffa7b6e9ce00aa80a15dc7e5,train,dataset/train/Camptostemon_philippinensis/ac496d15c4dc71945859daba4e6a4de1d99461ddffa7b6e9ce00aa80a15dc7e5.jpg,img_20260922_133628
Osbornia_octodonta/bark/IMG_20260922_132511_Burst08.jpg,18,Osbornia_octodonta,ac788d3f4a1c870791f22fa1e6cb41e977f8197098ce9b9a0d25b8c6c1a10b0f,image:ac788d3f4a1c870791f22fa1e6cb41e977f8197098ce9b9a0d25b8c6c1a10b0f,train,dataset/train/Osbornia_octodonta/ac788d3f4a1c870791f22fa1e6cb41e977f8197098ce9b9a0d25b8c6c1a10b0f.jpg,img_20260922_132511
Excoecaria_agallocha/leaves/IMG_20260922_131950_Burst02.jpg,13,Excoecaria_agallocha,af91b0f58196aa669349d54907a163b42707a60e766212d1a9a4f0b2b91501be,image:af91b0f58196aa669349d54907a163b42707a60e766212d1a9a4f0b2b91501be,train,dataset/train/Excoecaria_agallocha/af91b0f58196aa669349d54907a163b42707a60e766212d1a9a4f0b2b91501be.jpg,img_20260922_131950
Rhizophora_stylosa/Leaves/IMG_20260922_095612_Burst08.jpg,22,Rhizophora_stylosa,b09987bee546e5f7d77a2767ae2b9e81b9e36032d3a8c1182f9896a713bc3b79,image:b09987bee546e5f7d77a2767ae2b9e81b9e36032d3a8c1182f9896a713bc3b79,train,dataset/train/Rhizophora_stylosa/b09987bee546e5f7d77a2767ae2b9e81b9e36032d3a8c1182f9896a713bc3b79.jpg,img_20260922_095612
Rhizophora_stylosa/Roots/IMG_20260922_095705_Burst02.jpg,22,Rhizophora_stylosa,b2c89b5424d3d7f19445e68d174dd218f13cefeda2d327cbf705fc5f41d7a235,image:b2c89b5424d3d7f19445e68d174dd218f13cefeda2d327cbf705fc5f41d7a235,train,dataset/train/Rhizophora_stylosa/b2c89b5424d3d7f19445e68d174dd218f13cefeda2d327cbf705fc5f41d7a235.jpg,img_20260922_095705
Ceriops_zippeliana/Leaves/IMG_20260922_133433_Burst04.jpg,12,Ceriops_zippeliana,b437889d14f8a8113fbdb54e7b9b5c1ff48d86758ef1d4355c0695be27f5091a,image:b437889d14f8a8113fbdb54e7b9b5c1ff48d86758ef1d4355c0695be27f5091a,train,dataset/train/Ceriops_zippeliana/b437889d14f8a8113fbdb54e7b9b5c1ff48d86758ef1d4355c0695be27f5091a.jpg,img_20260922_133433
Avicennia_marina/Leaves/IMG_20260922_094015_Burst08.jpg,4,Avicennia_marina,b48f74fe4ac9274009c9450e29089559036cdcb7cc291792db892612b3295e85,image:b48f74fe4ac9274009c9450e29089559036cdcb7cc291792db892612b3295e85,train,dataset/train/Avicennia_marina/b48f74fe4ac9274009c9450e29089559036cdcb7cc291792db892612b3295e85.jpg,img_20260922_094015
Osbornia_octodonta/bark/IMG_20260922_132511_Burst03.jpg,18,Osbornia_octodonta,b5f2e79a430935cc334a81b177a4402782028549d5c735c695441a4117078e7a,image:b5f2e79a430935cc334a81b177a4402782028549d5c735c695441a4117078e7a,test,dataset/test/Osbornia_octodonta/b5f2e79a430935cc334a81b177a4402782028549d5c735c695441a4117078e7a.jpg,img_20260922_132511
Rhizophora_stylosa/Leaves/IMG_20260922_095525_Burst09.jpg,22,Rhizophora_stylosa,b6e61b6709d0efb891a6dc3264c6e4ff9eb9fabf91de3111e8cbd9a2ccf9bf2a,image:b6e61b6709d0efb891a6dc3264c6e4ff9eb9fabf91de3111e8cbd9a2ccf9bf2a,val,dataset/val/Rhizophora_stylosa/b6e61b6709d0efb891a6dc3264c6e4ff9eb9fabf91de3111e8cbd9a2ccf9bf2a.jpg,img_20260922_095525
Sonneratia_alba/Bark/IMG_20260922_093645_Burst06.jpg,24,Sonneratia_alba,b6e6f39c288e0c0f168f80c2ded2007bb9ab87b00f670b97f140b2924233c8a2,image:b6e6f39c288e0c0f168f80c2ded2007bb9ab87b00f670b97f140b2924233c8a2,test,dataset/test/Sonneratia_alba/b6e6f39c288e0c0f168f80c2ded2007bb9ab87b00f670b97f140b2924233c8a2.jpg,img_20260922_093645
Lumnitzera_racemosa/Leaves/IMG_20260922_131815_Burst10.jpg,16,Lumnitzera_racemosa,b72a8bac0f6f0d997411c0629d4026bdad4db507ec371ffb164fc4a787594353,image:b72a8bac0f6f0d997411c0629d4026bdad4db507ec371ffb164fc4a787594353,train,dataset/train/Lumnitzera_racemosa/b72a8bac0f6f0d997411c0629d4026bdad4db507ec371ffb164fc4a787594353.jpg,img_20260922_131815
Ceriops_zippeliana/Leaves/IMG_20260922_133433_Burst09.jpg,12,Ceriops_zippeliana,b8768fe5a6cf7269d8ebc6cd6815324b7fab25885ea7444d062ad37758a73d30,image:b8768fe5a6cf7269d8ebc6cd6815324b7fab25885ea7444d062ad37758a73d30,train,dataset/train/Ceriops_zippeliana/b8768fe5a6cf7269d8ebc6cd6815324b7fab25885ea7444d062ad37758a73d30.jpg,img_20260922_133433
Sonneratia_alba/Leaves/IMG_20260922_093706_Burst08.jpg,24,Sonneratia_alba,baa4bb2c65782314ab5df6cd2fa9509c726e325b6728cbfce75eb861ecea0d44,image:baa4bb2c65782314ab5df6cd2fa9509c726e325b6728cbfce75eb861ecea0d44,train,dataset/train/Sonneratia_alba/baa4bb2c65782314ab5df6cd2fa9509c726e325b6728cbfce75eb861ecea0d44.jpg,img_20260922_093706
Rhizophora_stylosa/Leaves/.trashed-1792659495-IMG_20260922_095448_Burst04.jpg,22,Rhizophora_stylosa,bac55f63122696b1041702681ee4afddfd5e32cecbb701a2b84d80c3ed27a410,image:bac55f63122696b1041702681ee4afddfd5e32cecbb701a2b84d80c3ed27a410,val,dataset/val/Rhizophora_stylosa/bac55f63122696b1041702681ee4afddfd5e32cecbb701a2b84d80c3ed27a410.jpg,img_20260922_095448
Avicennia_officinalis/Leaves/IMG_20260922_132230_Burst08.jpg,5,Avicennia_officinalis,bb97b36c91b1016032a5f62e490b4ad2638c38b0d58e2255a49e7f5557660e13,image:bb97b36c91b1016032a5f62e490b4ad2638c38b0d58e2255a49e7f5557660e13,train,dataset/train/Avicennia_officinalis/bb97b36c91b1016032a5f62e490b4ad2638c38b0d58e2255a49e7f5557660e13.jpg,img_20260922_132230
Avicennia_rumphiana/leaves/IMG_20260922_134931_Burst10.jpg,6,Avicennia_rumphiana,bc08df904f5e4715e1a48b2bb7cea2742f0a4bac02a7151fa52b04142fb8aa7e,image:bc08df904f5e4715e1a48b2bb7cea2742f0a4bac02a7151fa52b04142fb8aa7e,train,dataset/train/Avicennia_rumphiana/bc08df904f5e4715e1a48b2bb7cea2742f0a4bac02a7151fa52b04142fb8aa7e.jpg,img_20260922_134931
Camptostemon_philippinensis/Leaves/IMG_20260922_133628_Burst09.jpg,10,Camptostemon_philippinensis,bc43819354356fbae35d20ad866da55a950c317e9b18189018b393bb07b5370d,image:bc43819354356fbae35d20ad866da55a950c317e9b18189018b393bb07b5370d,train,dataset/train/Camptostemon_philippinensis/bc43819354356fbae35d20ad866da55a950c317e9b18189018b393bb07b5370d.jpg,img_20260922_133628
Rhizophora_stylosa/Leaves/IMG_20260922_095612_Burst05.jpg,22,Rhizophora_stylosa,bcb6b9ff4802bcfa6ab36a9d658a45703d670d44feb3ac8a714f4ff124aea34b,image:bcb6b9ff4802bcfa6ab36a9d658a45703d670d44feb3ac8a714f4ff124aea34b,train,dataset/train/Rhizophora_stylosa/bcb6b9ff4802bcfa6ab36a9d658a45703d670d44feb3ac8a714f4ff124aea34b.jpg,img_20260922_095612
Ceriops_zippeliana/Leaves/IMG_20260922_133915_Burst03.jpg,12,Ceriops_zippeliana,bd6fcbf4db50d6a042b0a4ece6838885fb30deb98494835ed4eab02493849f25,image:bd6fcbf4db50d6a042b0a4ece6838885fb30deb98494835ed4eab02493849f25,train,dataset/train/Ceriops_zippeliana/bd6fcbf4db50d6a042b0a4ece6838885fb30deb98494835ed4eab02493849f25.jpg,img_20260922_133915
Osbornia_octodonta/bark/IMG_20260922_132511_Burst05.jpg,18,Osbornia_octodonta,bda17d781d8049dfa7b11d46eaceaa4d0068135f520e901613ff76de759f6719,image:bda17d781d8049dfa7b11d46eaceaa4d0068135f520e901613ff76de759f6719,train,dataset/train/Osbornia_octodonta/bda17d781d8049dfa7b11d46eaceaa4d0068135f520e901613ff76de759f6719.jpg,img_20260922_132511
Avicennia_officinalis/Leaves/IMG_20260922_132156_Burst01.jpg,5,Avicennia_officinalis,becea59a88f3189bfc3bd1541bfba840cb38c930a86430b4fd5cef3b08260cb7,image:becea59a88f3189bfc3bd1541bfba840cb38c930a86430b4fd5cef3b08260cb7,train,dataset/train/Avicennia_officinalis/becea59a88f3189bfc3bd1541bfba840cb38c930a86430b4fd5cef3b08260cb7.jpg,img_20260922_132156
Osbornia_octodonta/Leaves/.trashed-1792646624-IMG_20260922_101340_Burst10.jpg,18,Osbornia_octodonta,bfdf8f70b93e33b9a1a842af0f146058188691458a90f49466e3fe99eddf6e08,image:bfdf8f70b93e33b9a1a842af0f146058188691458a90f49466e3fe99eddf6e08,train,dataset/train/Osbornia_octodonta/bfdf8f70b93e33b9a1a842af0f146058188691458a90f49466e3fe99eddf6e08.jpg,img_20260922_101340
Excoecaria_agallocha/roots/IMG_20260922_131942_Burst01.jpg,13,Excoecaria_agallocha,c155c12769059105955330e8878d05a387be25682815f5e4778340e40d4828cb,image:c155c12769059105955330e8878d05a387be25682815f5e4778340e40d4828cb,train,dataset/train/Excoecaria_agallocha/c155c12769059105955330e8878d05a387be25682815f5e4778340e40d4828cb.jpg,img_20260922_131942
Osbornia_octodonta/bark/IMG_20260922_132511_Burst06.jpg,18,Osbornia_octodonta,c338a0e6b7a48ca2c7e965426ddd2feec48492998af2d9817c0c12a2413c947a,image:c338a0e6b7a48ca2c7e965426ddd2feec48492998af2d9817c0c12a2413c947a,train,dataset/train/Osbornia_octodonta/c338a0e6b7a48ca2c7e965426ddd2feec48492998af2d9817c0c12a2413c947a.jpg,img_20260922_132511
Rhizophora_stylosa/Leaves/IMG_20260922_095612_Burst01.jpg,22,Rhizophora_stylosa,c3b6a146c8d963b0fb1e4d99ad493144c91d01698101f0dabe8e1cff07212278,image:c3b6a146c8d963b0fb1e4d99ad493144c91d01698101f0dabe8e1cff07212278,val,dataset/val/Rhizophora_stylosa/c3b6a146c8d963b0fb1e4d99ad493144c91d01698101f0dabe8e1cff07212278.jpg,img_20260922_095612
Sonneratia_alba/Leaves/IMG_20260922_093706_Burst03.jpg,24,Sonneratia_alba,c4eaab2fc8c7e7fd318646f7aef34929c2290066d49631100312f5bb0008ee5a,image:c4eaab2fc8c7e7fd318646f7aef34929c2290066d49631100312f5bb0008ee5a,train,dataset/train/Sonneratia_alba/c4eaab2fc8c7e7fd318646f7aef34929c2290066d49631100312f5bb0008ee5a.jpg,img_20260922_093706
Sonneratia_alba/Leaves/IMG_20260922_093706_Burst04.jpg,24,Sonneratia_alba,c54784896851b4556dde53b763ffcd0ed5b40be885a7b473db65d142ba84e5d6,image:c54784896851b4556dde53b763ffcd0ed5b40be885a7b473db65d142ba84e5d6,train,dataset/train/Sonneratia_alba/c54784896851b4556dde53b763ffcd0ed5b40be885a7b473db65d142ba84e5d6.jpg,img_20260922_093706
Avicennia_rumphiana/leaves/IMG_20260922_134931_Burst07.jpg,6,Avicennia_rumphiana,c92b1d2124bdb9e56fca6c8a1452aa6ac457d1b86d45b469f264a7ae5deebcb9,image:c92b1d2124bdb9e56fca6c8a1452aa6ac457d1b86d45b469f264a7ae5deebcb9,train,dataset/train/Avicennia_rumphiana/c92b1d2124bdb9e56fca6c8a1452aa6ac457d1b86d45b469f264a7ae5deebcb9.jpg,img_20260922_134931
Ceriops_zippeliana/Leaves/IMG_20260922_133915_Burst08.jpg,12,Ceriops_zippeliana,c99809e9eb60d947fedbdbad539cf26c57cf6138335e84d6f4fe63b2b9259321,image:c99809e9eb60d947fedbdbad539cf26c57cf6138335e84d6f4fe63b2b9259321,train,dataset/train/Ceriops_zippeliana/c99809e9eb60d947fedbdbad539cf26c57cf6138335e84d6f4fe63b2b9259321.jpg,img_20260922_133915
Avicennia_officinalis/bark/IMG_20260922_132217_Burst03.jpg,5,Avicennia_officinalis,cb4e2962bcfa0c4ddfa57350e35f4f66601c92c77c8c4777d8854de41f102f17,image:cb4e2962bcfa0c4ddfa57350e35f4f66601c92c77c8c4777d8854de41f102f17,train,dataset/train/Avicennia_officinalis/cb4e2962bcfa0c4ddfa57350e35f4f66601c92c77c8c4777d8854de41f102f17.jpg,img_20260922_132217
Avicennia_officinalis/Roots/IMG_20260922_132135_Burst02.jpg,5,Avicennia_officinalis,cc0c9b00245996f0ab80ec128fbdd02fb7bf3b20d6f405d56a5b5bc12d072399,image:cc0c9b00245996f0ab80ec128fbdd02fb7bf3b20d6f405d56a5b5bc12d072399,test,dataset/test/Avicennia_officinalis/cc0c9b00245996f0ab80ec128fbdd02fb7bf3b20d6f405d56a5b5bc12d072399.jpg,img_20260922_132135
Avicennia_marina/Bark/IMG_20260922_093936_Burst02.jpg,4,Avicennia_marina,cceba831a84b98827c39ce3b0ed6a3d0ed1f4bd88e8cc5a9bd71bb7ceaed799a,image:cceba831a84b98827c39ce3b0ed6a3d0ed1f4bd88e8cc5a9bd71bb7ceaed799a,train,dataset/train/Avicennia_marina/cceba831a84b98827c39ce3b0ed6a3d0ed1f4bd88e8cc5a9bd71bb7ceaed799a.jpg,img_20260922_093936
Avicennia_marina/Bark/IMG_20260922_093936_Burst03.jpg,4,Avicennia_marina,cf64cbe1ea57de5a3aa31572b7f53bd93f63db9d03ec26123373aa9b7df1dfea,image:cf64cbe1ea57de5a3aa31572b7f53bd93f63db9d03ec26123373aa9b7df1dfea,val,dataset/val/Avicennia_marina/cf64cbe1ea57de5a3aa31572b7f53bd93f63db9d03ec26123373aa9b7df1dfea.jpg,img_20260922_093936
Rhizophora_stylosa/Leaves/.trashed-1792659495-IMG_20260922_095448_Burst02.jpg,22,Rhizophora_stylosa,d20150169f9cc68d2e40c7d56bcf969e840c3b918bae71fbb6aeb19f0b94f7a0,image:d20150169f9cc68d2e40c7d56bcf969e840c3b918bae71fbb6aeb19f0b94f7a0,train,dataset/train/Rhizophora_stylosa/d20150169f9cc68d2e40c7d56bcf969e840c3b918bae71fbb6aeb19f0b94f7a0.jpg,img_20260922_095448
Avicennia_marina/Leaves/IMG_20260922_094015_Burst02.jpg,4,Avicennia_marina,d269962f0c2c9d26d783d0583baf7eddc1a3cd5d387a59e0e138b817ad9833df,image:d269962f0c2c9d26d783d0583baf7eddc1a3cd5d387a59e0e138b817ad9833df,train,dataset/train/Avicennia_marina/d269962f0c2c9d26d783d0583baf7eddc1a3cd5d387a59e0e138b817ad9833df.jpg,img_20260922_094015
Osbornia_octodonta/Leaves/IMG_20260922_132438_Burst04.jpg,18,Osbornia_octodonta,d28f3ba6e0d8014826bb94e3f520abebe2f998c332ae4bd87e07fd1b4ed114ee,image:d28f3ba6e0d8014826bb94e3f520abebe2f998c332ae4bd87e07fd1b4ed114ee,train,dataset/train/Osbornia_octodonta/d28f3ba6e0d8014826bb94e3f520abebe2f998c332ae4bd87e07fd1b4ed114ee.jpg,img_20260922_132438
Osbornia_octodonta/Leaves/.trashed-1792646624-IMG_20260922_101340_Burst08.jpg,18,Osbornia_octodonta,d2b7cb94e96810730b377419ef89422e1ec97f9b20b6f983cc5269241ae95b87,image:d2b7cb94e96810730b377419ef89422e1ec97f9b20b6f983cc5269241ae95b87,train,dataset/train/Osbornia_octodonta/d2b7cb94e96810730b377419ef89422e1ec97f9b20b6f983cc5269241ae95b87.jpg,img_20260922_101340
Rhizophora_stylosa/Bark/IMG_20260922_095351_Burst02.jpg,22,Rhizophora_stylosa,d2c7ebc8bcdbc86f8e9b58d96fb36ab4a2667344f0971b6010badbc1d1b9cae7,image:d2c7ebc8bcdbc86f8e9b58d96fb36ab4a2667344f0971b6010badbc1d1b9cae7,train,dataset/train/Rhizophora_stylosa/d2c7ebc8bcdbc86f8e9b58d96fb36ab4a2667344f0971b6010badbc1d1b9cae7.jpg,img_20260922_095351
Lumnitzera_racemosa/Leaves/IMG_20260922_131815_Burst06.jpg,16,Lumnitzera_racemosa,d3820ebdf3865b71324010a3daed2d4fd93ff3ff8157c2dd748450f3f964935c,image:d3820ebdf3865b71324010a3daed2d4fd93ff3ff8157c2dd748450f3f964935c,train,dataset/train/Lumnitzera_racemosa/d3820ebdf3865b71324010a3daed2d4fd93ff3ff8157c2dd748450f3f964935c.jpg,img_20260922_131815
Avicennia_officinalis/Roots/IMG_20260922_132135_Burst05.jpg,5,Avicennia_officinalis,d3e65f26edaaa7f4c1eb1f651b3f391c1efceb40a97413f76e76fe8ea199aca9,image:d3e65f26edaaa7f4c1eb1f651b3f391c1efceb40a97413f76e76fe8ea199aca9,val,dataset/val/Avicennia_officinalis/d3e65f26edaaa7f4c1eb1f651b3f391c1efceb40a97413f76e76fe8ea199aca9.jpg,img_20260922_132135
Ceriops_zippeliana/Leaves/.trashed-1792647497-IMG_20260922_133503_Burst08.jpg,12,Ceriops_zippeliana,d4c0215a7ecd7bda5c5a392d61eb1f6768eae95850e58f7dcb844bef18a50c93,image:d4c0215a7ecd7bda5c5a392d61eb1f6768eae95850e58f7dcb844bef18a50c93,train,dataset/train/Ceriops_zippeliana/d4c0215a7ecd7bda5c5a392d61eb1f6768eae95850e58f7dcb844bef18a50c93.jpg,img_20260922_133503
Rhizophora_stylosa/Leaves/IMG_20260922_095612_Burst04.jpg,22,Rhizophora_stylosa,d51f8becaf7a43045b87fcf06071138e630334e2c7d5977078f773b83b559ca9,image:d51f8becaf7a43045b87fcf06071138e630334e2c7d5977078f773b83b559ca9,train,dataset/train/Rhizophora_stylosa/d51f8becaf7a43045b87fcf06071138e630334e2c7d5977078f773b83b559ca9.jpg,img_20260922_095612
Excoecaria_agallocha/leaves/IMG_20260922_131950_Burst09.jpg,13,Excoecaria_agallocha,d524cbc92d9f119057fcc6b67d17c2a70b2371a323c43f8796f75f14f4a647ad,image:d524cbc92d9f119057fcc6b67d17c2a70b2371a323c43f8796f75f14f4a647ad,train,dataset/train/Excoecaria_agallocha/d524cbc92d9f119057fcc6b67d17c2a70b2371a323c43f8796f75f14f4a647ad.jpg,img_20260922_131950
Avicennia_officinalis/bark/IMG_20260922_132217_Burst10.jpg,5,Avicennia_officinalis,d6aeb1f155fc83631220bd1394eadfdc814d366f7d2b9d6fba1e82533e80ff39,image:d6aeb1f155fc83631220bd1394eadfdc814d366f7d2b9d6fba1e82533e80ff39,train,dataset/train/Avicennia_officinalis/d6aeb1f155fc83631220bd1394eadfdc814d366f7d2b9d6fba1e82533e80ff39.jpg,img_20260922_132217
Rhizophora_stylosa/Leaves/IMG_20260922_095612_Burst07.jpg,22,Rhizophora_stylosa,d813fbab5fe77255ba18708baf0f6484e82f6b460349a6f93da251b5d8fd5022,image:d813fbab5fe77255ba18708baf0f6484e82f6b460349a6f93da251b5d8fd5022,train,dataset/train/Rhizophora_stylosa/d813fbab5fe77255ba18708baf0f6484e82f6b460349a6f93da251b5d8fd5022.jpg,img_20260922_095612
Osbornia_octodonta/bark/IMG_20260922_132511_Burst04.jpg,18,Osbornia_octodonta,d8f575eb93da58d177e4a8ddefe60ed3f89193176760c036b835910b4c4cba8c,image:d8f575eb93da58d177e4a8ddefe60ed3f89193176760c036b835910b4c4cba8c,train,dataset/train/Osbornia_octodonta/d8f575eb93da58d177e4a8ddefe60ed3f89193176760c036b835910b4c4cba8c.jpg,img_20260922_132511
Avicennia_officinalis/Roots/IMG_20260922_132135_Burst03.jpg,5,Avicennia_officinalis,d9005fb7e2d90eb65e7db961fd12258b653796917b9ac69fb003097b0275fa64,image:d9005fb7e2d90eb65e7db961fd12258b653796917b9ac69fb003097b0275fa64,val,dataset/val/Avicennia_officinalis/d9005fb7e2d90eb65e7db961fd12258b653796917b9ac69fb003097b0275fa64.jpg,img_20260922_132135
Avicennia_marina/Leaves/IMG_20260922_094015_Burst09.jpg,4,Avicennia_marina,d9d028c8d650615586fd51e351f88b68134f4e7ec768731fa581b1dfff166ebc,image:d9d028c8d650615586fd51e351f88b68134f4e7ec768731fa581b1dfff166ebc,test,dataset/test/Avicennia_marina/d9d028c8d650615586fd51e351f88b68134f4e7ec768731fa581b1dfff166ebc.jpg,img_20260922_094015
Sonneratia_alba/Bark/IMG_20260922_093645_Burst05.jpg,24,Sonneratia_alba,dc5f2b5b9f3e2ac26141ccbbb180145e116ca58da57149ebb48a83362ff426f8,image:dc5f2b5b9f3e2ac26141ccbbb180145e116ca58da57149ebb48a83362ff426f8,test,dataset/test/Sonneratia_alba/dc5f2b5b9f3e2ac26141ccbbb180145e116ca58da57149ebb48a83362ff426f8.jpg,img_20260922_093645
Avicennia_officinalis/Leaves/IMG_20260922_132230_Burst03.jpg,5,Avicennia_officinalis,dc85f8e4d41e48d3b69be9564dfa713147d5864f19a594fe3f3fac750b375254,image:dc85f8e4d41e48d3b69be9564dfa713147d5864f19a594fe3f3fac750b375254,train,dataset/train/Avicennia_officinalis/dc85f8e4d41e48d3b69be9564dfa713147d5864f19a594fe3f3fac750b375254.jpg,img_20260922_132230
Excoecaria_agallocha/leaves/IMG_20260922_131950_Burst07.jpg,13,Excoecaria_agallocha,dcf3adfd8046f32c96fba7c6a3415f0611a8b97f8698221d9cae04ed316f4e78,image:dcf3adfd8046f32c96fba7c6a3415f0611a8b97f8698221d9cae04ed316f4e78,train,dataset/train/Excoecaria_agallocha/dcf3adfd8046f32c96fba7c6a3415f0611a8b97f8698221d9cae04ed316f4e78.jpg,img_20260922_131950
Ceriops_zippeliana/Leaves/IMG_20260922_133433_Burst03.jpg,12,Ceriops_zippeliana,dd80e0d4ad7836043b349e8037fafbbe342952da8c5df532e131044c3428abff,image:dd80e0d4ad7836043b349e8037fafbbe342952da8c5df532e131044c3428abff,train,dataset/train/Ceriops_zippeliana/dd80e0d4ad7836043b349e8037fafbbe342952da8c5df532e131044c3428abff.jpg,img_20260922_133433
Osbornia_octodonta/Leaves/IMG_20260922_132438_Burst10.jpg,18,Osbornia_octodonta,ddcbf79ebf8e048fa40704b4eb3621bfa41d157f78d2000d6b9253b13689dbf2,image:ddcbf79ebf8e048fa40704b4eb3621bfa41d157f78d2000d6b9253b13689dbf2,train,dataset/train/Osbornia_octodonta/ddcbf79ebf8e048fa40704b4eb3621bfa41d157f78d2000d6b9253b13689dbf2.jpg,img_20260922_132438
Camptostemon_philippinensis/Roots/IMG_20260922_132711_Burst07.jpg,10,Camptostemon_philippinensis,de85a8ffc325f3af57c6976b73150c03752fa3e1d080889150c091db2f71a200,image:de85a8ffc325f3af57c6976b73150c03752fa3e1d080889150c091db2f71a200,train,dataset/train/Camptostemon_philippinensis/de85a8ffc325f3af57c6976b73150c03752fa3e1d080889150c091db2f71a200.jpg,img_20260922_132711
Rhizophora_stylosa/Roots/IMG_20260922_095705_Burst05.jpg,22,Rhizophora_stylosa,e0a3d27d161da050982d44d3531609bf329e067fe689c229f41cf537007e56f0,image:e0a3d27d161da050982d44d3531609bf329e067fe689c229f41cf537007e56f0,train,dataset/train/Rhizophora_stylosa/e0a3d27d161da050982d44d3531609bf329e067fe689c229f41cf537007e56f0.jpg,img_20260922_095705
Ceriops_zippeliana/Leaves/IMG_20260922_133915_Burst10.jpg,12,Ceriops_zippeliana,e10d372ae78fbc7cc77b1c84afd6c43c829e3632ede3b4eebfcd092ebac11645,image:e10d372ae78fbc7cc77b1c84afd6c43c829e3632ede3b4eebfcd092ebac11645,val,dataset/val/Ceriops_zippeliana/e10d372ae78fbc7cc77b1c84afd6c43c829e3632ede3b4eebfcd092ebac11645.jpg,img_20260922_133915
Avicennia_officinalis/Leaves/IMG_20260922_132230_Burst02.jpg,5,Avicennia_officinalis,e2d6a6b6f124559eae8bf8960ece1d4c8ec59120a2f3559f36a43123939a1250,image:e2d6a6b6f124559eae8bf8960ece1d4c8ec59120a2f3559f36a43123939a1250,train,dataset/train/Avicennia_officinalis/e2d6a6b6f124559eae8bf8960ece1d4c8ec59120a2f3559f36a43123939a1250.jpg,img_20260922_132230
Ceriops_zippeliana/Leaves/.trashed-1792647497-IMG_20260922_133503_Burst07.jpg,12,Ceriops_zippeliana,e2e421e9fd7ce33f40fbc9bb4afb4c2bea1a29816ae0eae48846ecb7ddc03e1a,image:e2e421e9fd7ce33f40fbc9bb4afb4c2bea1a29816ae0eae48846ecb7ddc03e1a,train,dataset/train/Ceriops_zippeliana/e2e421e9fd7ce33f40fbc9bb4afb4c2bea1a29816ae0eae48846ecb7ddc03e1a.jpg,img_20260922_133503
Rhizophora_stylosa/Leaves/IMG_20260922_095612_Burst03.jpg,22,Rhizophora_stylosa,e37fa073ebee69f1125cd8a2fb28e8e56c993ddd2e8dd6487ab7478b64ba174d,image:e37fa073ebee69f1125cd8a2fb28e8e56c993ddd2e8dd6487ab7478b64ba174d,train,dataset/train/Rhizophora_stylosa/e37fa073ebee69f1125cd8a2fb28e8e56c993ddd2e8dd6487ab7478b64ba174d.jpg,img_20260922_095612
Avicennia_officinalis/Leaves/IMG_20260922_132230_Burst09.jpg,5,Avicennia_officinalis,e414d37a5602059adc66f19cef7c45c3ec74e2c83f66123c73af0df47619ed69,image:e414d37a5602059adc66f19cef7c45c3ec74e2c83f66123c73af0df47619ed69,train,dataset/train/Avicennia_officinalis/e414d37a5602059adc66f19cef7c45c3ec74e2c83f66123c73af0df47619ed69.jpg,img_20260922_132230
Excoecaria_agallocha/roots/IMG_20260922_131942_Burst08.jpg,13,Excoecaria_agallocha,e835788e7c2fa184d0a6913aec06d4e9b4f8435d8c3fde07d0b9aad08639d2a0,image:e835788e7c2fa184d0a6913aec06d4e9b4f8435d8c3fde07d0b9aad08639d2a0,train,dataset/train/Excoecaria_agallocha/e835788e7c2fa184d0a6913aec06d4e9b4f8435d8c3fde07d0b9aad08639d2a0.jpg,img_20260922_131942
Sonneratia_alba/Bark/IMG_20260922_093645_Burst04.jpg,24,Sonneratia_alba,ea9ba3367c1165b4af9dd640ed2825b4db3438732dc5396a625b7dafabce0e4b,image:ea9ba3367c1165b4af9dd640ed2825b4db3438732dc5396a625b7dafabce0e4b,val,dataset/val/Sonneratia_alba/ea9ba3367c1165b4af9dd640ed2825b4db3438732dc5396a625b7dafabce0e4b.jpg,img_20260922_093645
Ceriops_zippeliana/Leaves/IMG_20260922_133915_Burst09.jpg,12,Ceriops_zippeliana,ebfb8f8cd1544dc7af9519da4bcacc0840424a0af407c5d3508efe7ad5986f8f,image:ebfb8f8cd1544dc7af9519da4bcacc0840424a0af407c5d3508efe7ad5986f8f,train,dataset/train/Ceriops_zippeliana/ebfb8f8cd1544dc7af9519da4bcacc0840424a0af407c5d3508efe7ad5986f8f.jpg,img_20260922_133915
Rhizophora_stylosa/Bark/IMG_20260922_095351_Burst09.jpg,22,Rhizophora_stylosa,ecb2959079b85e9913380f34aa412b32003690fb81a082281626813b9067c33a,image:ecb2959079b85e9913380f34aa412b32003690fb81a082281626813b9067c33a,train,dataset/train/Rhizophora_stylosa/ecb2959079b85e9913380f34aa412b32003690fb81a082281626813b9067c33a.jpg,img_20260922_095351
Osbornia_octodonta/Leaves/.trashed-1792646624-IMG_20260922_101340_Burst09.jpg,18,Osbornia_octodonta,ee7d179ff7949374408415f49a2f00290e0c04d3d9398aae07b1b9265e467a2f,image:ee7d179ff7949374408415f49a2f00290e0c04d3d9398aae07b1b9265e467a2f,train,dataset/train/Osbornia_octodonta/ee7d179ff7949374408415f49a2f00290e0c04d3d9398aae07b1b9265e467a2f.jpg,img_20260922_101340
Camptostemon_philippinensis/Leaves/IMG_20260922_133628_Burst10.jpg,10,Camptostemon_philippinensis,eefb7e5e80635ef145adcc19bf877a20a7b3275ec03c07a03867b3ffe1cccf68,image:eefb7e5e80635ef145adcc19bf877a20a7b3275ec03c07a03867b3ffe1cccf68,train,dataset/train/Camptostemon_philippinensis/eefb7e5e80635ef145adcc19bf877a20a7b3275ec03c07a03867b3ffe1cccf68.jpg,img_20260922_133628
Rhizophora_stylosa/Leaves/.trashed-1792659495-IMG_20260922_095448_Burst08.jpg,22,Rhizophora_stylosa,f0649f096f1a2bee64b00c540bfd096dca418cfca9adcb48c56e41ad02aa5b24,image:f0649f096f1a2bee64b00c540bfd096dca418cfca9adcb48c56e41ad02aa5b24,val,dataset/val/Rhizophora_stylosa/f0649f096f1a2bee64b00c540bfd096dca418cfca9adcb48c56e41ad02aa5b24.jpg,img_20260922_095448
Rhizophora_stylosa/Bark/IMG_20260922_095351_Burst05.jpg,22,Rhizophora_stylosa,f06f7e69b856692058bd0a9f6143290b2e9a88da7a9ddf444df89c75e29124b3,image:f06f7e69b856692058bd0a9f6143290b2e9a88da7a9ddf444df89c75e29124b3,train,dataset/train/Rhizophora_stylosa/f06f7e69b856692058bd0a9f6143290b2e9a88da7a9ddf444df89c75e29124b3.jpg,img_20260922_095351
Avicennia_rumphiana/leaves/IMG_20260922_134931_Burst04.jpg,6,Avicennia_rumphiana,f119f85f69cacbaf40ba01513bf1dd6c8dab034991c712d65daff47291554090,image:f119f85f69cacbaf40ba01513bf1dd6c8dab034991c712d65daff47291554090,train,dataset/train/Avicennia_rumphiana/f119f85f69cacbaf40ba01513bf1dd6c8dab034991c712d65daff47291554090.jpg,img_20260922_134931
Rhizophora_stylosa/Leaves/IMG_20260922_095525_Burst08.jpg,22,Rhizophora_stylosa,f8d71c8c9629184b8cb8bef8f0a60da25e703cde1e62b26df330bfc0d3522465,image:f8d71c8c9629184b8cb8bef8f0a60da25e703cde1e62b26df330bfc0d3522465,train,dataset/train/Rhizophora_stylosa/f8d71c8c9629184b8cb8bef8f0a60da25e703cde1e62b26df330bfc0d3522465.jpg,img_20260922_095525
Excoecaria_agallocha/roots/IMG_20260922_131942_Burst05.jpg,13,Excoecaria_agallocha,f8dc2d5613ac3487a05580b705ce9c02162e3efb920db2bcd0550f920b35de40,image:f8dc2d5613ac3487a05580b705ce9c02162e3efb920db2bcd0550f920b35de40,train,dataset/train/Excoecaria_agallocha/f8dc2d5613ac3487a05580b705ce9c02162e3efb920db2bcd0550f920b35de40.jpg,img_20260922_131942
Camptostemon_philippinensis/Leaves/IMG_20260922_133628_Burst04.jpg,10,Camptostemon_philippinensis,fc4480f1f24181bd89c4b2375735fb4331c37bb2e6a52ff14c42d9babd571657,image:fc4480f1f24181bd89c4b2375735fb4331c37bb2e6a52ff14c42d9babd571657,train,dataset/train/Camptostemon_philippinensis/fc4480f1f24181bd89c4b2375735fb4331c37bb2e6a52ff14c42d9babd571657.jpg,img_20260922_133628
Camptostemon_philippinensis/Roots/IMG_20260922_132711_Burst06.jpg,10,Camptostemon_philippinensis,fc66a821e100e58b4f8db175663e43bf312891e9918087baba8ccd3daaa4f219,image:fc66a821e100e58b4f8db175663e43bf312891e9918087baba8ccd3daaa4f219,val,dataset/val/Camptostemon_philippinensis/fc66a821e100e58b4f8db175663e43bf312891e9918087baba8ccd3daaa4f219.jpg,img_20260922_132711
Osbornia_octodonta/Leaves/IMG_20260922_132438_Burst05.jpg,18,Osbornia_octodonta,fc9ff3b362ed183230cc3ef66cf2c230e185e75ff9755ba806350207e424351f,image:fc9ff3b362ed183230cc3ef66cf2c230e185e75ff9755ba806350207e424351f,train,dataset/train/Osbornia_octodonta/fc9ff3b362ed183230cc3ef66cf2c230e185e75ff9755ba806350207e424351f.jpg,img_20260922_132438
Rhizophora_stylosa/Leaves/.trashed-1792659495-IMG_20260922_095448_Burst07.jpg,22,Rhizophora_stylosa,ff2b0e234adada7e913c2b198a1cd013d0ccc4f2ae7050cccf09aa69ae3cf9a6,image:ff2b0e234adada7e913c2b198a1cd013d0ccc4f2ae7050cccf09aa69ae3cf9a6,train,dataset/train/Rhizophora_stylosa/ff2b0e234adada7e913c2b198a1cd013d0ccc4f2ae7050cccf09aa69ae3cf9a6.jpg,img_20260922_095448
Avicennia_officinalis/Roots/IMG_20260922_132135_Burst01.jpg,5,Avicennia_officinalis,ffe4522a45a54e43e7f086f5829881b97e375aef68d0470c447b250a7a0ce01b,image:ffe4522a45a54e43e7f086f5829881b97e375aef68d0470c447b250a7a0ce01b,train,dataset/train/Avicennia_officinalis/ffe4522a45a54e43e7f086f5829881b97e375aef68d0470c447b250a7a0ce01b.jpg,img_20260922_132135
