suggested_burst_group,test,train,val
img_20260922_093645,2,5,3
img_20260922_093706,4,6,0
img_20260922_093936,1,8,1
img_20260922_094015,2,8,0
img_20260922_095351,1,7,2
img_20260922_095448,1,6,3
img_20260922_095525,0,8,2
img_20260922_095612,0,9,1
img_20260922_095705,0,8,2
img_20260922_101340,0,8,2
img_20260922_101348,1,8,1
img_20260922_131815,0,10,0
img_20260922_131826,0,2,0
img_20260922_131942,0,9,0
img_20260922_131950,2,7,1
img_20260922_132135,2,5,3
img_20260922_132156,0,1,0
img_20260922_132217,0,8,2
img_20260922_132230,1,9,0
img_20260922_132438,2,8,0
img_20260922_132511,3,7,0
img_20260922_132711,1,8,1
img_20260922_132736,0,0,1
img_20260922_133433,2,8,0
img_20260922_133503,0,9,1
img_20260922_133628,2,7,1
img_20260922_133915,0,8,2
img_20260922_134907,0,0,1
img_20260922_134931,0,10,0
