suggested_burst_group,images,splits,labels
img_20260922_093645,10,3,1
img_20260922_093706,10,2,1
img_20260922_093936,10,3,1
img_20260922_094015,10,2,1
img_20260922_095351,10,3,1
img_20260922_095448,10,3,1
img_20260922_095525,10,2,1
img_20260922_095612,10,2,1
img_20260922_095705,10,2,1
img_20260922_101340,10,2,1
img_20260922_101348,10,3,1
img_20260922_131815,10,1,1
img_20260922_131826,2,1,1
img_20260922_131942,9,1,1
img_20260922_131950,10,3,1
img_20260922_132135,10,3,1
img_20260922_132156,1,1,1
img_20260922_132217,10,2,1
img_20260922_132230,10,2,1
img_20260922_132438,10,2,1
img_20260922_132511,10,2,1
img_20260922_132711,10,3,1
img_20260922_132736,1,1,1
img_20260922_133433,10,2,1
img_20260922_133503,10,2,1
img_20260922_133628,10,3,1
img_20260922_133915,10,2,1
img_20260922_134907,1,1,1
img_20260922_134931,10,1,1
