source,label,class_name,sha256_rgb,group,split,saved_path,original_group,reason
Sonneratia_alba/Leaves/IMG_20260922_093706_Burst06.jpg,24,Sonneratia_alba,01f65dd83398585d026ddf535bfd0f6a5900acc815d14aee9ebad08dc141f2cb,image:c54784896851b4556dde53b763ffcd0ed5b40be885a7b473db65d142ba84e5d6,train,dataset/train/Sonneratia_alba/01f65dd83398585d026ddf535bfd0f6a5900acc815d14aee9ebad08dc141f2cb.jpg,image:01f65dd83398585d026ddf535bfd0f6a5900acc815d14aee9ebad08dc141f2cb,related_source_already_in_higher_priority_holdout
Avicennia_officinalis/Roots/IMG_20260922_132135_Burst04.jpg,5,Avicennia_officinalis,04340ba3999df5271b236ee9a809770976e64b01240072eeb0dd110c69db73f3,image:ffe4522a45a54e43e7f086f5829881b97e375aef68d0470c447b250a7a0ce01b,val,dataset/val/Avicennia_officinalis/04340ba3999df5271b236ee9a809770976e64b01240072eeb0dd110c69db73f3.jpg,image:04340ba3999df5271b236ee9a809770976e64b01240072eeb0dd110c69db73f3,related_source_already_in_higher_priority_holdout
Rhizophora_stylosa/Leaves/IMG_20260922_095525_Burst02.jpg,22,Rhizophora_stylosa,04d9d6ced2d35002d18e6c07edecbc7db3619c1ff824198bcbebd0bda0fd0137,image:f8d71c8c9629184b8cb8bef8f0a60da25e703cde1e62b26df330bfc0d3522465,train,dataset/train/Rhizophora_stylosa/04d9d6ced2d35002d18e6c07edecbc7db3619c1ff824198bcbebd0bda0fd0137.jpg,image:04d9d6ced2d35002d18e6c07edecbc7db3619c1ff824198bcbebd0bda0fd0137,related_source_already_in_higher_priority_holdout
Osbornia_octodonta/Leaves/IMG_20260922_132438_Burst03.jpg,18,Osbornia_octodonta,05d4a52bfb7755237cf14bd446c5b7f9c8db64256fe6d8e82589de92857db726,image:fc9ff3b362ed183230cc3ef66cf2c230e185e75ff9755ba806350207e424351f,train,dataset/train/Osbornia_octodonta/05d4a52bfb7755237cf14bd446c5b7f9c8db64256fe6d8e82589de92857db726.jpg,image:05d4a52bfb7755237cf14bd446c5b7f9c8db64256fe6d8e82589de92857db726,related_source_already_in_higher_priority_holdout
Rhizophora_stylosa/Bark/IMG_20260922_095351_Burst06.jpg,22,Rhizophora_stylosa,05e2b817c1e48b573545903b72b8d88d9a41a05b3175e75e39f34443b797caaf,image:f06f7e69b856692058bd0a9f6143290b2e9a88da7a9ddf444df89c75e29124b3,val,dataset/val/Rhizophora_stylosa/05e2b817c1e48b573545903b72b8d88d9a41a05b3175e75e39f34443b797caaf.jpg,image:05e2b817c1e48b573545903b72b8d88d9a41a05b3175e75e39f34443b797caaf,related_source_already_in_higher_priority_holdout
Avicennia_marina/Leaves/IMG_20260922_094015_Burst01.jpg,4,Avicennia_marina,060eab4e7988e0de58b5413415209208c4304c0d8d22b6f1c2b0a68632dde296,image:d9d028c8d650615586fd51e351f88b68134f4e7ec768731fa581b1dfff166ebc,train,dataset/train/Avicennia_marina/060eab4e7988e0de58b5413415209208c4304c0d8d22b6f1c2b0a68632dde296.jpg,image:060eab4e7988e0de58b5413415209208c4304c0d8d22b6f1c2b0a68632dde296,related_source_already_in_higher_priority_holdout
Ceriops_zippeliana/Leaves/IMG_20260922_133433_Burst08.jpg,12,Ceriops_zippeliana,07a40f6c11edb2c7cb0c58c93d8ea5aea1a558a557552781b19a698f6209a7d5,image:dd80e0d4ad7836043b349e8037fafbbe342952da8c5df532e131044c3428abff,train,dataset/train/Ceriops_zippeliana/07a40f6c11edb2c7cb0c58c93d8ea5aea1a558a557552781b19a698f6209a7d5.jpg,image:07a40f6c11edb2c7cb0c58c93d8ea5aea1a558a557552781b19a698f6209a7d5,related_source_already_in_higher_priority_holdout
Avicennia_officinalis/Leaves/IMG_20260922_132230_Burst05.jpg,5,Avicennia_officinalis,07fc0aaaf3562b44b9bec6642e201156a0e0917e31abddf2a888afc255fdc58c,image:e414d37a5602059adc66f19cef7c45c3ec74e2c83f66123c73af0df47619ed69,train,dataset/train/Avicennia_officinalis/07fc0aaaf3562b44b9bec6642e201156a0e0917e31abddf2a888afc255fdc58c.jpg,image:07fc0aaaf3562b44b9bec6642e201156a0e0917e31abddf2a888afc255fdc58c,related_source_already_in_higher_priority_holdout
Avicennia_officinalis/bark/IMG_20260922_132217_Burst09.jpg,5,Avicennia_officinalis,0895dae36178d740b8f1ce99399c86f020d1055f72ff98ced94268ed406d14a5,image:d6aeb1f155fc83631220bd1394eadfdc814d366f7d2b9d6fba1e82533e80ff39,train,dataset/train/Avicennia_officinalis/0895dae36178d740b8f1ce99399c86f020d1055f72ff98ced94268ed406d14a5.jpg,image:0895dae36178d740b8f1ce99399c86f020d1055f72ff98ced94268ed406d14a5,related_source_already_in_higher_priority_holdout
Sonneratia_alba/Bark/IMG_20260922_093645_Burst02.jpg,24,Sonneratia_alba,0a18e27f995a58bbaa4808b0267c64aeef12727b7996ea27dbc8c32954ca378c,image:ea9ba3367c1165b4af9dd640ed2825b4db3438732dc5396a625b7dafabce0e4b,train,dataset/train/Sonneratia_alba/0a18e27f995a58bbaa4808b0267c64aeef12727b7996ea27dbc8c32954ca378c.jpg,image:0a18e27f995a58bbaa4808b0267c64aeef12727b7996ea27dbc8c32954ca378c,related_source_already_in_higher_priority_holdout
Ceriops_zippeliana/Leaves/.trashed-1792647497-IMG_20260922_133503_Burst09.jpg,12,Ceriops_zippeliana,0b27beea30c4f7b7709b24473244b800cdcf1347e2e1349cea5ac6d0b2358675,image:e2e421e9fd7ce33f40fbc9bb4afb4c2bea1a29816ae0eae48846ecb7ddc03e1a,train,dataset/train/Ceriops_zippeliana/0b27beea30c4f7b7709b24473244b800cdcf1347e2e1349cea5ac6d0b2358675.jpg,image:0b27beea30c4f7b7709b24473244b800cdcf1347e2e1349cea5ac6d0b2358675,related_source_already_in_higher_priority_holdout
Avicennia_officinalis/Roots/IMG_20260922_132135_Burst08.jpg,5,Avicennia_officinalis,0d40a8395720eeca020659700f0bf3d29078ca009d6ce7281074933858e9164e,image:ffe4522a45a54e43e7f086f5829881b97e375aef68d0470c447b250a7a0ce01b,train,dataset/train/Avicennia_officinalis/0d40a8395720eeca020659700f0bf3d29078ca009d6ce7281074933858e9164e.jpg,image:0d40a8395720eeca020659700f0bf3d29078ca009d6ce7281074933858e9164e,related_source_already_in_higher_priority_holdout
Osbornia_octodonta/bark/.trashed-1792646624-IMG_20260922_101340_Burst04.jpg,18,Osbornia_octodonta,0d4cc48e317b103f1eba1ec9ba511dd725500c5f44ad5284ff3d8a5cec998f6a,image:ee7d179ff7949374408415f49a2f00290e0c04d3d9398aae07b1b9265e467a2f,train,dataset/train/Osbornia_octodonta/0d4cc48e317b103f1eba1ec9ba511dd725500c5f44ad5284ff3d8a5cec998f6a.jpg,image:0d4cc48e317b103f1eba1ec9ba511dd725500c5f44ad5284ff3d8a5cec998f6a,related_source_already_in_higher_priority_holdout
Avicennia_officinalis/Leaves/IMG_20260922_132230_Burst01.jpg,5,Avicennia_officinalis,0fbcace46030e2ef9bacaf1cbe87b71d476d4529ac523d64620639d83cdab4c9,image:e414d37a5602059adc66f19cef7c45c3ec74e2c83f66123c73af0df47619ed69,train,dataset/train/Avicennia_officinalis/0fbcace46030e2ef9bacaf1cbe87b71d476d4529ac523d64620639d83cdab4c9.jpg,image:0fbcace46030e2ef9bacaf1cbe87b71d476d4529ac523d64620639d83cdab4c9,related_source_already_in_higher_priority_holdout
Avicennia_marina/Bark/IMG_20260922_093936_Burst04.jpg,4,Avicennia_marina,0fc6907098020cb6acf42d2984bc037c7de411065465407ee93a0e93e943f3af,image:cf64cbe1ea57de5a3aa31572b7f53bd93f63db9d03ec26123373aa9b7df1dfea,train,dataset/train/Avicennia_marina/0fc6907098020cb6acf42d2984bc037c7de411065465407ee93a0e93e943f3af.jpg,image:0fc6907098020cb6acf42d2984bc037c7de411065465407ee93a0e93e943f3af,related_source_already_in_higher_priority_holdout
Ceriops_zippeliana/Leaves/IMG_20260922_133433_Burst05.jpg,12,Ceriops_zippeliana,100fd467fb51425e88219a244c421c906fb1b68fd4c8eaf8873574a0d1d565eb,image:dd80e0d4ad7836043b349e8037fafbbe342952da8c5df532e131044c3428abff,train,dataset/train/Ceriops_zippeliana/100fd467fb51425e88219a244c421c906fb1b68fd4c8eaf8873574a0d1d565eb.jpg,image:100fd467fb51425e88219a244c421c906fb1b68fd4c8eaf8873574a0d1d565eb,related_source_already_in_higher_priority_holdout
Avicennia_officinalis/Roots/IMG_20260922_132135_Burst07.jpg,5,Avicennia_officinalis,136c31f6d379f690b48cfb82ded23cecda698807e89798edb49151aa517acda5,image:ffe4522a45a54e43e7f086f5829881b97e375aef68d0470c447b250a7a0ce01b,train,dataset/train/Avicennia_officinalis/136c31f6d379f690b48cfb82ded23cecda698807e89798edb49151aa517acda5.jpg,image:136c31f6d379f690b48cfb82ded23cecda698807e89798edb49151aa517acda5,related_source_already_in_higher_priority_holdout
Rhizophora_stylosa/Leaves/.trashed-1792659495-IMG_20260922_095448_Burst05.jpg,22,Rhizophora_stylosa,17343826d0cacc3d2c58a90f7089ea043194642e646fd20b562ae5426aff5a64,image:ff2b0e234adada7e913c2b198a1cd013d0ccc4f2ae7050cccf09aa69ae3cf9a6,val,dataset/val/Rhizophora_stylosa/17343826d0cacc3d2c58a90f7089ea043194642e646fd20b562ae5426aff5a64.jpg,image:17343826d0cacc3d2c58a90f7089ea043194642e646fd20b562ae5426aff5a64,related_source_already_in_higher_priority_holdout
Osbornia_octodonta/Leaves/.trashed-1792646623-IMG_20260922_101348_Burst09.jpg,18,Osbornia_octodonta,17ef077eb13a953548f30d3055e96e5e8e5e9281f5244a812c4f0b56e86da274,image:854a3febb49cac0576808375d32c761e22a8ae48e28814f8b4e22ed51107d324,train,dataset/train/Osbornia_octodonta/17ef077eb13a953548f30d3055e96e5e8e5e9281f5244a812c4f0b56e86da274.jpg,image:17ef077eb13a953548f30d3055e96e5e8e5e9281f5244a812c4f0b56e86da274,related_source_already_in_higher_priority_holdout
Osbornia_octodonta/Leaves/.trashed-1792646623-IMG_20260922_101348_Burst08.jpg,18,Osbornia_octodonta,17f7d6e3c228cddcdcfe97f9696705dd9d01736a80e26332afaa50b7868d88af,image:854a3febb49cac0576808375d32c761e22a8ae48e28814f8b4e22ed51107d324,val,dataset/val/Osbornia_octodonta/17f7d6e3c228cddcdcfe97f9696705dd9d01736a80e26332afaa50b7868d88af.jpg,image:17f7d6e3c228cddcdcfe97f9696705dd9d01736a80e26332afaa50b7868d88af,related_source_already_in_higher_priority_holdout
Sonneratia_alba/Bark/IMG_20260922_093645_Burst07.jpg,24,Sonneratia_alba,1abe8fefaa64e2f046b3f5d28216ae771912243e6f6733a5c0336e6d5d1cd9a0,image:ea9ba3367c1165b4af9dd640ed2825b4db3438732dc5396a625b7dafabce0e4b,train,dataset/train/Sonneratia_alba/1abe8fefaa64e2f046b3f5d28216ae771912243e6f6733a5c0336e6d5d1cd9a0.jpg,image:1abe8fefaa64e2f046b3f5d28216ae771912243e6f6733a5c0336e6d5d1cd9a0,related_source_already_in_higher_priority_holdout
Rhizophora_stylosa/Roots/IMG_20260922_095705_Burst06.jpg,22,Rhizophora_stylosa,1b5e8ccf2d4282e5d4612e6f09c223eb1d145cf8c73defa5233528baa6804294,image:e0a3d27d161da050982d44d3531609bf329e067fe689c229f41cf537007e56f0,train,dataset/train/Rhizophora_stylosa/1b5e8ccf2d4282e5d4612e6f09c223eb1d145cf8c73defa5233528baa6804294.jpg,image:1b5e8ccf2d4282e5d4612e6f09c223eb1d145cf8c73defa5233528baa6804294,related_source_already_in_higher_priority_holdout
Avicennia_officinalis/Roots/IMG_20260922_132135_Burst10.jpg,5,Avicennia_officinalis,220d69087d3fe49ca7e8ff8631abc50e5a9759ac465e039d2144b43b20c1e960,image:ffe4522a45a54e43e7f086f5829881b97e375aef68d0470c447b250a7a0ce01b,train,dataset/train/Avicennia_officinalis/220d69087d3fe49ca7e8ff8631abc50e5a9759ac465e039d2144b43b20c1e960.jpg,image:220d69087d3fe49ca7e8ff8631abc50e5a9759ac465e039d2144b43b20c1e960,related_source_already_in_higher_priority_holdout
Osbornia_octodonta/Leaves/.trashed-1792646624-IMG_20260922_101348_Burst03.jpg,18,Osbornia_octodonta,23d4c7dd6c356637186c5965d88ec6b135c443100d66ee2039034e397c9813ea,image:854a3febb49cac0576808375d32c761e22a8ae48e28814f8b4e22ed51107d324,train,dataset/train/Osbornia_octodonta/23d4c7dd6c356637186c5965d88ec6b135c443100d66ee2039034e397c9813ea.jpg,image:23d4c7dd6c356637186c5965d88ec6b135c443100d66ee2039034e397c9813ea,related_source_already_in_higher_priority_holdout
Ceriops_zippeliana/Leaves/IMG_20260922_133433_Burst01.jpg,12,Ceriops_zippeliana,2475bed7ba1e86218c9ca3be78fbdf922f0cf3d85a2039c7e7d06e7edcf4eb21,image:dd80e0d4ad7836043b349e8037fafbbe342952da8c5df532e131044c3428abff,train,dataset/train/Ceriops_zippeliana/2475bed7ba1e86218c9ca3be78fbdf922f0cf3d85a2039c7e7d06e7edcf4eb21.jpg,image:2475bed7ba1e86218c9ca3be78fbdf922f0cf3d85a2039c7e7d06e7edcf4eb21,related_source_already_in_higher_priority_holdout
Avicennia_officinalis/Leaves/IMG_20260922_132230_Burst06.jpg,5,Avicennia_officinalis,27cb52fe639ff2991a616795525ea3591396b38bab41d539f911e45259980431,image:e414d37a5602059adc66f19cef7c45c3ec74e2c83f66123c73af0df47619ed69,train,dataset/train/Avicennia_officinalis/27cb52fe639ff2991a616795525ea3591396b38bab41d539f911e45259980431.jpg,image:27cb52fe639ff2991a616795525ea3591396b38bab41d539f911e45259980431,related_source_already_in_higher_priority_holdout
Rhizophora_stylosa/Roots/IMG_20260922_095705_Burst10.jpg,22,Rhizophora_stylosa,287c3475407f1350d1d77c76c6eab9c41b84a7f4233d23cecb5527ba04060066,image:e0a3d27d161da050982d44d3531609bf329e067fe689c229f41cf537007e56f0,train,dataset/train/Rhizophora_stylosa/287c3475407f1350d1d77c76c6eab9c41b84a7f4233d23cecb5527ba04060066.jpg,image:287c3475407f1350d1d77c76c6eab9c41b84a7f4233d23cecb5527ba04060066,related_source_already_in_higher_priority_holdout
Ceriops_zippeliana/Leaves/IMG_20260922_133915_Burst02.jpg,12,Ceriops_zippeliana,28ad064a9eeedb12f15f87d6c97b2f3bacc2a1288c62ae033fe0d389a9b8f4de,image:ebfb8f8cd1544dc7af9519da4bcacc0840424a0af407c5d3508efe7ad5986f8f,train,dataset/train/Ceriops_zippeliana/28ad064a9eeedb12f15f87d6c97b2f3bacc2a1288c62ae033fe0d389a9b8f4de.jpg,image:28ad064a9eeedb12f15f87d6c97b2f3bacc2a1288c62ae033fe0d389a9b8f4de,related_source_already_in_higher_priority_holdout
Osbornia_octodonta/bark/.trashed-1792646624-IMG_20260922_101340_Burst05.jpg,18,Osbornia_octodonta,2cfefdc1f90b1368626ab6920af58a4f00b2fd7aeb331fb73929ffda126f921c,image:ee7d179ff7949374408415f49a2f00290e0c04d3d9398aae07b1b9265e467a2f,train,dataset/train/Osbornia_octodonta/2cfefdc1f90b1368626ab6920af58a4f00b2fd7aeb331fb73929ffda126f921c.jpg,image:2cfefdc1f90b1368626ab6920af58a4f00b2fd7aeb331fb73929ffda126f921c,related_source_already_in_higher_priority_holdout
Rhizophora_stylosa/Roots/IMG_20260922_095705_Burst07.jpg,22,Rhizophora_stylosa,2e82458fe4a8fc9982474e50086b6349f791c8687c4dd519467e055e7001c5de,image:e0a3d27d161da050982d44d3531609bf329e067fe689c229f41cf537007e56f0,train,dataset/train/Rhizophora_stylosa/2e82458fe4a8fc9982474e50086b6349f791c8687c4dd519467e055e7001c5de.jpg,image:2e82458fe4a8fc9982474e50086b6349f791c8687c4dd519467e055e7001c5de,related_source_already_in_higher_priority_holdout
Ceriops_zippeliana/Leaves/IMG_20260922_133915_Burst06.jpg,12,Ceriops_zippeliana,2ecbebdc908c7122fb689f62306286d5ed42cfcf467dea61177157f28e79833f,image:ebfb8f8cd1544dc7af9519da4bcacc0840424a0af407c5d3508efe7ad5986f8f,train,dataset/train/Ceriops_zippeliana/2ecbebdc908c7122fb689f62306286d5ed42cfcf467dea61177157f28e79833f.jpg,image:2ecbebdc908c7122fb689f62306286d5ed42cfcf467dea61177157f28e79833f,related_source_already_in_higher_priority_holdout
Camptostemon_philippinensis/Roots/IMG_20260922_132711_Burst09.jpg,10,Camptostemon_philippinensis,2fda91b3440a8eb64591ae90111027dc0deb20ce64e258b752d359e64396935e,image:fc66a821e100e58b4f8db175663e43bf312891e9918087baba8ccd3daaa4f219,train,dataset/train/Camptostemon_philippinensis/2fda91b3440a8eb64591ae90111027dc0deb20ce64e258b752d359e64396935e.jpg,image:2fda91b3440a8eb64591ae90111027dc0deb20ce64e258b752d359e64396935e,related_source_already_in_higher_priority_holdout
Ceriops_zippeliana/Leaves/IMG_20260922_133433_Burst06.jpg,12,Ceriops_zippeliana,30a5936c48311fb6756757676b4e958addb128b39c1760cf8c3ff1750cd8cb70,image:dd80e0d4ad7836043b349e8037fafbbe342952da8c5df532e131044c3428abff,train,dataset/train/Ceriops_zippeliana/30a5936c48311fb6756757676b4e958addb128b39c1760cf8c3ff1750cd8cb70.jpg,image:30a5936c48311fb6756757676b4e958addb128b39c1760cf8c3ff1750cd8cb70,related_source_already_in_higher_priority_holdout
Rhizophora_stylosa/Leaves/.trashed-1792659495-IMG_20260922_095448_Burst09.jpg,22,Rhizophora_stylosa,30c648ccaf6363696fbec041baca47463813e64c0c69ffe4a0398b1d27679680,image:ff2b0e234adada7e913c2b198a1cd013d0ccc4f2ae7050cccf09aa69ae3cf9a6,train,dataset/train/Rhizophora_stylosa/30c648ccaf6363696fbec041baca47463813e64c0c69ffe4a0398b1d27679680.jpg,image:30c648ccaf6363696fbec041baca47463813e64c0c69ffe4a0398b1d27679680,related_source_already_in_higher_priority_holdout
Ceriops_zippeliana/Leaves/IMG_20260922_133915_Burst04.jpg,12,Ceriops_zippeliana,33274ecdc236aca9f4398a856d13ba24c1f35e9103c9739d0d2229fffc306d5c,image:ebfb8f8cd1544dc7af9519da4bcacc0840424a0af407c5d3508efe7ad5986f8f,train,dataset/train/Ceriops_zippeliana/33274ecdc236aca9f4398a856d13ba24c1f35e9103c9739d0d2229fffc306d5c.jpg,image:33274ecdc236aca9f4398a856d13ba24c1f35e9103c9739d0d2229fffc306d5c,related_source_already_in_higher_priority_holdout
Sonneratia_alba/Bark/IMG_20260922_093645_Burst09.jpg,24,Sonneratia_alba,348dae300e34b06136de0dcb9803fb4ab482a0409147a833d152f7ba7a544b4a,image:ea9ba3367c1165b4af9dd640ed2825b4db3438732dc5396a625b7dafabce0e4b,train,dataset/train/Sonneratia_alba/348dae300e34b06136de0dcb9803fb4ab482a0409147a833d152f7ba7a544b4a.jpg,image:348dae300e34b06136de0dcb9803fb4ab482a0409147a833d152f7ba7a544b4a,related_source_already_in_higher_priority_holdout
Rhizophora_stylosa/Roots/IMG_20260922_095705_Burst08.jpg,22,Rhizophora_stylosa,34ac2d199e2e8d0cf65dc74ef8b24da45e20c684c6d5c5d22d33c9c5a1577bbc,image:e0a3d27d161da050982d44d3531609bf329e067fe689c229f41cf537007e56f0,train,dataset/train/Rhizophora_stylosa/34ac2d199e2e8d0cf65dc74ef8b24da45e20c684c6d5c5d22d33c9c5a1577bbc.jpg,image:34ac2d199e2e8d0cf65dc74ef8b24da45e20c684c6d5c5d22d33c9c5a1577bbc,related_source_already_in_higher_priority_holdout
Avicennia_officinalis/Leaves/IMG_20260922_132230_Burst07.jpg,5,Avicennia_officinalis,352b81654d862677922b43812a1b3384cded6cacc0c1fedc059394e3893ea0ee,image:e414d37a5602059adc66f19cef7c45c3ec74e2c83f66123c73af0df47619ed69,train,dataset/train/Avicennia_officinalis/352b81654d862677922b43812a1b3384cded6cacc0c1fedc059394e3893ea0ee.jpg,image:352b81654d862677922b43812a1b3384cded6cacc0c1fedc059394e3893ea0ee,related_source_already_in_higher_priority_holdout
Rhizophora_stylosa/Bark/IMG_20260922_095351_Burst08.jpg,22,Rhizophora_stylosa,35541a42b7467a692181450aa501a47e93655d8828b50f2e62bc8d1841d11285,image:f06f7e69b856692058bd0a9f6143290b2e9a88da7a9ddf444df89c75e29124b3,val,dataset/val/Rhizophora_stylosa/35541a42b7467a692181450aa501a47e93655d8828b50f2e62bc8d1841d11285.jpg,image:35541a42b7467a692181450aa501a47e93655d8828b50f2e62bc8d1841d11285,related_source_already_in_higher_priority_holdout
Avicennia_marina/Leaves/IMG_20260922_094015_Burst05.jpg,4,Avicennia_marina,384786eb7c729450b14f772f92780779df24082de357e45d7975ffe2c6acc973,image:d9d028c8d650615586fd51e351f88b68134f4e7ec768731fa581b1dfff166ebc,train,dataset/train/Avicennia_marina/384786eb7c729450b14f772f92780779df24082de357e45d7975ffe2c6acc973.jpg,image:384786eb7c729450b14f772f92780779df24082de357e45d7975ffe2c6acc973,related_source_already_in_higher_priority_holdout
Sonneratia_alba/Bark/IMG_20260922_093645_Burst01.jpg,24,Sonneratia_alba,3849742c95baa03c1f31a542c194171cdbbb7f89349d6ceb93ece59a0ef40b4b,image:ea9ba3367c1165b4af9dd640ed2825b4db3438732dc5396a625b7dafabce0e4b,val,dataset/val/Sonneratia_alba/3849742c95baa03c1f31a542c194171cdbbb7f89349d6ceb93ece59a0ef40b4b.jpg,image:3849742c95baa03c1f31a542c194171cdbbb7f89349d6ceb93ece59a0ef40b4b,related_source_already_in_higher_priority_holdout
Rhizophora_stylosa/Leaves/IMG_20260922_095525_Burst10.jpg,22,Rhizophora_stylosa,3a025b7c2f4594322f01943e85165699cd0de134ba91f256cc607f730734df0a,image:f8d71c8c9629184b8cb8bef8f0a60da25e703cde1e62b26df330bfc0d3522465,train,dataset/train/Rhizophora_stylosa/3a025b7c2f4594322f01943e85165699cd0de134ba91f256cc607f730734df0a.jpg,image:3a025b7c2f4594322f01943e85165699cd0de134ba91f256cc607f730734df0a,related_source_already_in_higher_priority_holdout
Avicennia_marina/Bark/IMG_20260922_093936_Burst01.jpg,4,Avicennia_marina,3b1295dd00955398f714b374cdeabbcceaf35b655e886cc0ed000dadf4e8b9e2,image:cf64cbe1ea57de5a3aa31572b7f53bd93f63db9d03ec26123373aa9b7df1dfea,train,dataset/train/Avicennia_marina/3b1295dd00955398f714b374cdeabbcceaf35b655e886cc0ed000dadf4e8b9e2.jpg,image:3b1295dd00955398f714b374cdeabbcceaf35b655e886cc0ed000dadf4e8b9e2,related_source_already_in_higher_priority_holdout
Osbornia_octodonta/Leaves/IMG_20260922_132438_Burst07.jpg,18,Osbornia_octodonta,3d49e6b5fff7d1dd07d990aa8ed8ce0c09cf9eec55cb7db6834d147d54138752,image:fc9ff3b362ed183230cc3ef66cf2c230e185e75ff9755ba806350207e424351f,train,dataset/train/Osbornia_octodonta/3d49e6b5fff7d1dd07d990aa8ed8ce0c09cf9eec55cb7db6834d147d54138752.jpg,image:3d49e6b5fff7d1dd07d990aa8ed8ce0c09cf9eec55cb7db6834d147d54138752,related_source_already_in_higher_priority_holdout
Camptostemon_philippinensis/Roots/IMG_20260922_132711_Burst05.jpg,10,Camptostemon_philippinensis,3d930d9a10aa224dfc51cd6c0ed8430fdbefe825a7534a0f97be290f8b76b481,image:fc66a821e100e58b4f8db175663e43bf312891e9918087baba8ccd3daaa4f219,train,dataset/train/Camptostemon_philippinensis/3d930d9a10aa224dfc51cd6c0ed8430fdbefe825a7534a0f97be290f8b76b481.jpg,image:3d930d9a10aa224dfc51cd6c0ed8430fdbefe825a7534a0f97be290f8b76b481,related_source_already_in_higher_priority_holdout
Sonneratia_alba/Bark/IMG_20260922_093645_Burst08.jpg,24,Sonneratia_alba,3f4ce663fbee01d46e8c2f4784be07eb3b576f5075013dcf913b8c7d89b859f2,image:ea9ba3367c1165b4af9dd640ed2825b4db3438732dc5396a625b7dafabce0e4b,train,dataset/train/Sonneratia_alba/3f4ce663fbee01d46e8c2f4784be07eb3b576f5075013dcf913b8c7d89b859f2.jpg,image:3f4ce663fbee01d46e8c2f4784be07eb3b576f5075013dcf913b8c7d89b859f2,related_source_already_in_higher_priority_holdout
Avicennia_officinalis/bark/IMG_20260922_132217_Burst04.jpg,5,Avicennia_officinalis,420424fa2c8d468bb4a00c0189ad88c2331e3fe131c7236e0f6e86377019dbfe,image:d6aeb1f155fc83631220bd1394eadfdc814d366f7d2b9d6fba1e82533e80ff39,train,dataset/train/Avicennia_officinalis/420424fa2c8d468bb4a00c0189ad88c2331e3fe131c7236e0f6e86377019dbfe.jpg,image:420424fa2c8d468bb4a00c0189ad88c2331e3fe131c7236e0f6e86377019dbfe,related_source_already_in_higher_priority_holdout
Osbornia_octodonta/bark/IMG_20260922_132511_Burst02.jpg,18,Osbornia_octodonta,43288b9269f88e70e1fb9635f120aa5081927b9d271e6f454e2738fa0b5d1f6a,image:d8f575eb93da58d177e4a8ddefe60ed3f89193176760c036b835910b4c4cba8c,train,dataset/train/Osbornia_octodonta/43288b9269f88e70e1fb9635f120aa5081927b9d271e6f454e2738fa0b5d1f6a.jpg,image:43288b9269f88e70e1fb9635f120aa5081927b9d271e6f454e2738fa0b5d1f6a,related_source_already_in_higher_priority_holdout
Rhizophora_stylosa/Bark/IMG_20260922_095351_Burst01.jpg,22,Rhizophora_stylosa,4858332924580ee1f31bcf9a19f3b7a44c5f5bb38cb21107a8e0af7b881f1102,image:f06f7e69b856692058bd0a9f6143290b2e9a88da7a9ddf444df89c75e29124b3,train,dataset/train/Rhizophora_stylosa/4858332924580ee1f31bcf9a19f3b7a44c5f5bb38cb21107a8e0af7b881f1102.jpg,image:4858332924580ee1f31bcf9a19f3b7a44c5f5bb38cb21107a8e0af7b881f1102,related_source_already_in_higher_priority_holdout
Sonneratia_alba/Leaves/IMG_20260922_093706_Burst05.jpg,24,Sonneratia_alba,488db246d916eb192d652d8f7ac5c7c3a47a6396b7e60f24a72efef1e893fdbc,image:c54784896851b4556dde53b763ffcd0ed5b40be885a7b473db65d142ba84e5d6,train,dataset/train/Sonneratia_alba/488db246d916eb192d652d8f7ac5c7c3a47a6396b7e60f24a72efef1e893fdbc.jpg,image:488db246d916eb192d652d8f7ac5c7c3a47a6396b7e60f24a72efef1e893fdbc,related_source_already_in_higher_priority_holdout
Camptostemon_philippinensis/Roots/IMG_20260922_132711_Burst08.jpg,10,Camptostemon_philippinensis,4b80144d1baa9b75b67cb1d4b7750e129f59e339497ee4ab71d46ff1e3fa1501,image:fc66a821e100e58b4f8db175663e43bf312891e9918087baba8ccd3daaa4f219,train,dataset/train/Camptostemon_philippinensis/4b80144d1baa9b75b67cb1d4b7750e129f59e339497ee4ab71d46ff1e3fa1501.jpg,image:4b80144d1baa9b75b67cb1d4b7750e129f59e339497ee4ab71d46ff1e3fa1501,related_source_already_in_higher_priority_holdout
Osbornia_octodonta/Leaves/.trashed-1792646623-IMG_20260922_101348_Burst06.jpg,18,Osbornia_octodonta,4c78854ec02dd866b32b0abc8ab36b7106b0de571ff38213d667a0dcc9cd3cb4,image:854a3febb49cac0576808375d32c761e22a8ae48e28814f8b4e22ed51107d324,train,dataset/train/Osbornia_octodonta/4c78854ec02dd866b32b0abc8ab36b7106b0de571ff38213d667a0dcc9cd3cb4.jpg,image:4c78854ec02dd866b32b0abc8ab36b7106b0de571ff38213d667a0dcc9cd3cb4,related_source_already_in_higher_priority_holdout
Osbornia_octodonta/Leaves/IMG_20260922_132438_Burst08.jpg,18,Osbornia_octodonta,4e1017368c0469f2beb28012ff3c6c95039dce25be67fd31a6f47b3efc3cd935,image:fc9ff3b362ed183230cc3ef66cf2c230e185e75ff9755ba806350207e424351f,train,dataset/train/Osbornia_octodonta/4e1017368c0469f2beb28012ff3c6c95039dce25be67fd31a6f47b3efc3cd935.jpg,image:4e1017368c0469f2beb28012ff3c6c95039dce25be67fd31a6f47b3efc3cd935,related_source_already_in_higher_priority_holdout
Excoecaria_agallocha/leaves/IMG_20260922_131950_Burst05.jpg,13,Excoecaria_agallocha,4fcc176b0ef1c19917bf91ca41c5cfbc7250f88ac1808d7269e9cc237c874527,image:dcf3adfd8046f32c96fba7c6a3415f0611a8b97f8698221d9cae04ed316f4e78,train,dataset/train/Excoecaria_agallocha/4fcc176b0ef1c19917bf91ca41c5cfbc7250f88ac1808d7269e9cc237c874527.jpg,image:4fcc176b0ef1c19917bf91ca41c5cfbc7250f88ac1808d7269e9cc237c874527,related_source_already_in_higher_priority_holdout
Excoecaria_agallocha/leaves/IMG_20260922_131950_Burst06.jpg,13,Excoecaria_agallocha,5136ceffee72d94e1f390813fde84b075f93d5862fc6be8ab21a73776e42fe78,image:dcf3adfd8046f32c96fba7c6a3415f0611a8b97f8698221d9cae04ed316f4e78,train,dataset/train/Excoecaria_agallocha/5136ceffee72d94e1f390813fde84b075f93d5862fc6be8ab21a73776e42fe78.jpg,image:5136ceffee72d94e1f390813fde84b075f93d5862fc6be8ab21a73776e42fe78,related_source_already_in_higher_priority_holdout
Ceriops_zippeliana/Leaves/IMG_20260922_133915_Burst05.jpg,12,Ceriops_zippeliana,5658ccb0d32393c6e2c07510fc41a6e878f77afcf6ef0f53310f378a9e3bfb63,image:ebfb8f8cd1544dc7af9519da4bcacc0840424a0af407c5d3508efe7ad5986f8f,train,dataset/train/Ceriops_zippeliana/5658ccb0d32393c6e2c07510fc41a6e878f77afcf6ef0f53310f378a9e3bfb63.jpg,image:5658ccb0d32393c6e2c07510fc41a6e878f77afcf6ef0f53310f378a9e3bfb63,related_source_already_in_higher_priority_holdout
Avicennia_officinalis/Leaves/IMG_20260922_132230_Burst10.jpg,5,Avicennia_officinalis,57975f560a76f05a202e80679d4a348d3cc578758e2f01b39623ff508eaad399,image:e414d37a5602059adc66f19cef7c45c3ec74e2c83f66123c73af0df47619ed69,train,dataset/train/Avicennia_officinalis/57975f560a76f05a202e80679d4a348d3cc578758e2f01b39623ff508eaad399.jpg,image:57975f560a76f05a202e80679d4a348d3cc578758e2f01b39623ff508eaad399,related_source_already_in_higher_priority_holdout
Rhizophora_stylosa/Leaves/.trashed-1792659495-IMG_20260922_095448_Burst01.jpg,22,Rhizophora_stylosa,5b3c315996164235c6df5b9f6044d5acaaf300698a1045e0445ae26d4d427dbe,image:ff2b0e234adada7e913c2b198a1cd013d0ccc4f2ae7050cccf09aa69ae3cf9a6,train,dataset/train/Rhizophora_stylosa/5b3c315996164235c6df5b9f6044d5acaaf300698a1045e0445ae26d4d427dbe.jpg,image:5b3c315996164235c6df5b9f6044d5acaaf300698a1045e0445ae26d4d427dbe,related_source_already_in_higher_priority_holdout
Ceriops_zippeliana/Leaves/.trashed-1792647498-IMG_20260922_133503_Burst04.jpg,12,Ceriops_zippeliana,5cbc91131c07cc94638a86cb4a9dbce221b473c382dfeb4abe598d3bd1fd9126,image:e2e421e9fd7ce33f40fbc9bb4afb4c2bea1a29816ae0eae48846ecb7ddc03e1a,train,dataset/train/Ceriops_zippeliana/5cbc91131c07cc94638a86cb4a9dbce221b473c382dfeb4abe598d3bd1fd9126.jpg,image:5cbc91131c07cc94638a86cb4a9dbce221b473c382dfeb4abe598d3bd1fd9126,related_source_already_in_higher_priority_holdout
Osbornia_octodonta/Leaves/IMG_20260922_132438_Burst01.jpg,18,Osbornia_octodonta,5d9d0e06754c26b4cb52865114fc37195db77a31ff3633b6d3fb359bbd5f6ef0,image:fc9ff3b362ed183230cc3ef66cf2c230e185e75ff9755ba806350207e424351f,train,dataset/train/Osbornia_octodonta/5d9d0e06754c26b4cb52865114fc37195db77a31ff3633b6d3fb359bbd5f6ef0.jpg,image:5d9d0e06754c26b4cb52865114fc37195db77a31ff3633b6d3fb359bbd5f6ef0,related_source_already_in_higher_priority_holdout
Avicennia_marina/Leaves/IMG_20260922_094015_Burst03.jpg,4,Avicennia_marina,5da0ac04ccc0ecf0c732de4478f8c7c5899b30296304a6df50226f2dc2286b6b,image:d9d028c8d650615586fd51e351f88b68134f4e7ec768731fa581b1dfff166ebc,train,dataset/train/Avicennia_marina/5da0ac04ccc0ecf0c732de4478f8c7c5899b30296304a6df50226f2dc2286b6b.jpg,image:5da0ac04ccc0ecf0c732de4478f8c7c5899b30296304a6df50226f2dc2286b6b,related_source_already_in_higher_priority_holdout
Camptostemon_philippinensis/Leaves/IMG_20260922_133628_Burst07.jpg,10,Camptostemon_philippinensis,5e87640451ab79f97f9d8854b7fc4573ab60517393f8c8972239af34cf0a30ba,image:fc4480f1f24181bd89c4b2375735fb4331c37bb2e6a52ff14c42d9babd571657,train,dataset/train/Camptostemon_philippinensis/5e87640451ab79f97f9d8854b7fc4573ab60517393f8c8972239af34cf0a30ba.jpg,image:5e87640451ab79f97f9d8854b7fc4573ab60517393f8c8972239af34cf0a30ba,related_source_already_in_higher_priority_holdout
Rhizophora_stylosa/Leaves/.trashed-1792659495-IMG_20260922_095448_Burst10.jpg,22,Rhizophora_stylosa,5ebcb77d44355f577d8a0f7f79fe0676be3ec5b655b250caeea280bf2b851a05,image:ff2b0e234adada7e913c2b198a1cd013d0ccc4f2ae7050cccf09aa69ae3cf9a6,train,dataset/train/Rhizophora_stylosa/5ebcb77d44355f577d8a0f7f79fe0676be3ec5b655b250caeea280bf2b851a05.jpg,image:5ebcb77d44355f577d8a0f7f79fe0676be3ec5b655b250caeea280bf2b851a05,related_source_already_in_higher_priority_holdout
Camptostemon_philippinensis/Leaves/IMG_20260922_133628_Burst01.jpg,10,Camptostemon_philippinensis,60403f8793b70a91efcd4b225de1c445f3d2248e46fef6c2bfd61f707dcf3d5f,image:fc4480f1f24181bd89c4b2375735fb4331c37bb2e6a52ff14c42d9babd571657,train,dataset/train/Camptostemon_philippinensis/60403f8793b70a91efcd4b225de1c445f3d2248e46fef6c2bfd61f707dcf3d5f.jpg,image:60403f8793b70a91efcd4b225de1c445f3d2248e46fef6c2bfd61f707dcf3d5f,related_source_already_in_higher_priority_holdout
Osbornia_octodonta/bark/.trashed-1792646624-IMG_20260922_101340_Burst06.jpg,18,Osbornia_octodonta,60b0481467f386f33f5c390204adfb912cb1f0257aa136f6c4830a69ecc54ea3,image:ee7d179ff7949374408415f49a2f00290e0c04d3d9398aae07b1b9265e467a2f,train,dataset/train/Osbornia_octodonta/60b0481467f386f33f5c390204adfb912cb1f0257aa136f6c4830a69ecc54ea3.jpg,image:60b0481467f386f33f5c390204adfb912cb1f0257aa136f6c4830a69ecc54ea3,related_source_already_in_higher_priority_holdout
Avicennia_officinalis/bark/IMG_20260922_132217_Burst07.jpg,5,Avicennia_officinalis,62cb91c1d7749dc9bd7e3d808c2d9efedb354b0ad486cd271f8ced81473cc5a0,image:d6aeb1f155fc83631220bd1394eadfdc814d366f7d2b9d6fba1e82533e80ff39,train,dataset/train/Avicennia_officinalis/62cb91c1d7749dc9bd7e3d808c2d9efedb354b0ad486cd271f8ced81473cc5a0.jpg,image:62cb91c1d7749dc9bd7e3d808c2d9efedb354b0ad486cd271f8ced81473cc5a0,related_source_already_in_higher_priority_holdout
Ceriops_zippeliana/Leaves/IMG_20260922_133915_Burst01.jpg,12,Ceriops_zippeliana,62eb1a4863a265893ac4069ce34407a000df5a3c5f344917e9a3219a24a85434,image:ebfb8f8cd1544dc7af9519da4bcacc0840424a0af407c5d3508efe7ad5986f8f,train,dataset/train/Ceriops_zippeliana/62eb1a4863a265893ac4069ce34407a000df5a3c5f344917e9a3219a24a85434.jpg,image:62eb1a4863a265893ac4069ce34407a000df5a3c5f344917e9a3219a24a85434,related_source_already_in_higher_priority_holdout
Rhizophora_stylosa/Bark/IMG_20260922_095351_Burst04.jpg,22,Rhizophora_stylosa,635087beaa660aa2515e10894ecbf65b2d02e3b9241fcacb96a9123b402c6bed,image:f06f7e69b856692058bd0a9f6143290b2e9a88da7a9ddf444df89c75e29124b3,train,dataset/train/Rhizophora_stylosa/635087beaa660aa2515e10894ecbf65b2d02e3b9241fcacb96a9123b402c6bed.jpg,image:635087beaa660aa2515e10894ecbf65b2d02e3b9241fcacb96a9123b402c6bed,related_source_already_in_higher_priority_holdout
Osbornia_octodonta/Leaves/.trashed-1792646624-IMG_20260922_101348_Burst01.jpg,18,Osbornia_octodonta,63fecdc16dc697d70af3b6f56b7e80b29b742701269cddf950a0ba7acfb7f4b3,image:854a3febb49cac0576808375d32c761e22a8ae48e28814f8b4e22ed51107d324,train,dataset/train/Osbornia_octodonta/63fecdc16dc697d70af3b6f56b7e80b29b742701269cddf950a0ba7acfb7f4b3.jpg,image:63fecdc16dc697d70af3b6f56b7e80b29b742701269cddf950a0ba7acfb7f4b3,related_source_already_in_higher_priority_holdout
Rhizophora_stylosa/Roots/IMG_20260922_095705_Burst03.jpg,22,Rhizophora_stylosa,67f4a896064fcb7a3711f644cd43fa0cbd5ed72d9c5a6f439d66f01696f463d0,image:e0a3d27d161da050982d44d3531609bf329e067fe689c229f41cf537007e56f0,train,dataset/train/Rhizophora_stylosa/67f4a896064fcb7a3711f644cd43fa0cbd5ed72d9c5a6f439d66f01696f463d0.jpg,image:67f4a896064fcb7a3711f644cd43fa0cbd5ed72d9c5a6f439d66f01696f463d0,related_source_already_in_higher_priority_holdout
Osbornia_octodonta/bark/.trashed-1792646624-IMG_20260922_101340_Burst07.jpg,18,Osbornia_octodonta,6896457e1a4648f42f4e04a95206fbee3028eda5ef3604e1690a026431755111,image:ee7d179ff7949374408415f49a2f00290e0c04d3d9398aae07b1b9265e467a2f,train,dataset/train/Osbornia_octodonta/6896457e1a4648f42f4e04a95206fbee3028eda5ef3604e1690a026431755111.jpg,image:6896457e1a4648f42f4e04a95206fbee3028eda5ef3604e1690a026431755111,related_source_already_in_higher_priority_holdout
Camptostemon_philippinensis/Roots/IMG_20260922_132711_Burst04.jpg,10,Camptostemon_philippinensis,690aeb956e833aae8578b7532030d2da86b72626c12c42040cb7785a5000acf1,image:fc66a821e100e58b4f8db175663e43bf312891e9918087baba8ccd3daaa4f219,train,dataset/train/Camptostemon_philippinensis/690aeb956e833aae8578b7532030d2da86b72626c12c42040cb7785a5000acf1.jpg,image:690aeb956e833aae8578b7532030d2da86b72626c12c42040cb7785a5000acf1,related_source_already_in_higher_priority_holdout
Excoecaria_agallocha/leaves/IMG_20260922_131950_Burst03.jpg,13,Excoecaria_agallocha,6988bec67c65850f636f9ca5141046ee0a0b430f4b8f0b18f74456b1d8a056ef,image:dcf3adfd8046f32c96fba7c6a3415f0611a8b97f8698221d9cae04ed316f4e78,train,dataset/train/Excoecaria_agallocha/6988bec67c65850f636f9ca5141046ee0a0b430f4b8f0b18f74456b1d8a056ef.jpg,image:6988bec67c65850f636f9ca5141046ee0a0b430f4b8f0b18f74456b1d8a056ef,related_source_already_in_higher_priority_holdout
Rhizophora_stylosa/Leaves/.trashed-1792659495-IMG_20260922_095448_Burst03.jpg,22,Rhizophora_stylosa,69bbc07b418683a400bf7b3efeb8c2bc8ebafadd523f3e3815d03a2a5b8d60cd,image:ff2b0e234adada7e913c2b198a1cd013d0ccc4f2ae7050cccf09aa69ae3cf9a6,train,dataset/train/Rhizophora_stylosa/69bbc07b418683a400bf7b3efeb8c2bc8ebafadd523f3e3815d03a2a5b8d60cd.jpg,image:69bbc07b418683a400bf7b3efeb8c2bc8ebafadd523f3e3815d03a2a5b8d60cd,related_source_already_in_higher_priority_holdout
Camptostemon_philippinensis/Leaves/IMG_20260922_133628_Burst03.jpg,10,Camptostemon_philippinensis,6a8983056be9f3b8d493ed1819c0de9aba4ea6bcbabdfc1538bb338e2ec0b231,image:fc4480f1f24181bd89c4b2375735fb4331c37bb2e6a52ff14c42d9babd571657,val,dataset/val/Camptostemon_philippinensis/6a8983056be9f3b8d493ed1819c0de9aba4ea6bcbabdfc1538bb338e2ec0b231.jpg,image:6a8983056be9f3b8d493ed1819c0de9aba4ea6bcbabdfc1538bb338e2ec0b231,related_source_already_in_higher_priority_holdout
Ceriops_zippeliana/Leaves/.trashed-1792647498-IMG_20260922_133503_Burst03.jpg,12,Ceriops_zippeliana,6b27d50bdca409ba5c01dd6f2059de1f83002bba9f0f5da6168e58bbca0b0f5e,image:e2e421e9fd7ce33f40fbc9bb4afb4c2bea1a29816ae0eae48846ecb7ddc03e1a,train,dataset/train/Ceriops_zippeliana/6b27d50bdca409ba5c01dd6f2059de1f83002bba9f0f5da6168e58bbca0b0f5e.jpg,image:6b27d50bdca409ba5c01dd6f2059de1f83002bba9f0f5da6168e58bbca0b0f5e,related_source_already_in_higher_priority_holdout
Avicennia_marina/Bark/IMG_20260922_093936_Burst05.jpg,4,Avicennia_marina,6c8f9fbbb5da38233dc4855cb7f81ddd3ec81dc4e0b1923e87cfca33356a7fe0,image:cf64cbe1ea57de5a3aa31572b7f53bd93f63db9d03ec26123373aa9b7df1dfea,train,dataset/train/Avicennia_marina/6c8f9fbbb5da38233dc4855cb7f81ddd3ec81dc4e0b1923e87cfca33356a7fe0.jpg,image:6c8f9fbbb5da38233dc4855cb7f81ddd3ec81dc4e0b1923e87cfca33356a7fe0,related_source_already_in_higher_priority_holdout
Rhizophora_stylosa/Bark/IMG_20260922_095351_Burst07.jpg,22,Rhizophora_stylosa,6cb0329eda8a696d19a44c7fd945b1b2cc1e8bfe30a20601e54abb14da97535b,image:f06f7e69b856692058bd0a9f6143290b2e9a88da7a9ddf444df89c75e29124b3,train,dataset/train/Rhizophora_stylosa/6cb0329eda8a696d19a44c7fd945b1b2cc1e8bfe30a20601e54abb14da97535b.jpg,image:6cb0329eda8a696d19a44c7fd945b1b2cc1e8bfe30a20601e54abb14da97535b,related_source_already_in_higher_priority_holdout
Avicennia_officinalis/bark/IMG_20260922_132217_Burst02.jpg,5,Avicennia_officinalis,6cb08ac445f60ba78ccf547ef9bf339e54e31bdbcfe1a5cba394c0b47a721f21,image:d6aeb1f155fc83631220bd1394eadfdc814d366f7d2b9d6fba1e82533e80ff39,train,dataset/train/Avicennia_officinalis/6cb08ac445f60ba78ccf547ef9bf339e54e31bdbcfe1a5cba394c0b47a721f21.jpg,image:6cb08ac445f60ba78ccf547ef9bf339e54e31bdbcfe1a5cba394c0b47a721f21,related_source_already_in_higher_priority_holdout
Ceriops_zippeliana/Leaves/.trashed-1792647498-IMG_20260922_133503_Burst05.jpg,12,Ceriops_zippeliana,6dc1e57a8dc82c062027bb50f2a7f950589a7832f7abf0bd363f5b4965486a8f,image:e2e421e9fd7ce33f40fbc9bb4afb4c2bea1a29816ae0eae48846ecb7ddc03e1a,train,dataset/train/Ceriops_zippeliana/6dc1e57a8dc82c062027bb50f2a7f950589a7832f7abf0bd363f5b4965486a8f.jpg,image:6dc1e57a8dc82c062027bb50f2a7f950589a7832f7abf0bd363f5b4965486a8f,related_source_already_in_higher_priority_holdout
Avicennia_marina/Leaves/IMG_20260922_094015_Burst06.jpg,4,Avicennia_marina,6e471fcd8d6bb7ce034779e88f76cece51a66c737fe36f77e65994286f74ae94,image:d9d028c8d650615586fd51e351f88b68134f4e7ec768731fa581b1dfff166ebc,train,dataset/train/Avicennia_marina/6e471fcd8d6bb7ce034779e88f76cece51a66c737fe36f77e65994286f74ae94.jpg,image:6e471fcd8d6bb7ce034779e88f76cece51a66c737fe36f77e65994286f74ae94,related_source_already_in_higher_priority_holdout
Avicennia_marina/Leaves/IMG_20260922_094015_Burst04.jpg,4,Avicennia_marina,7106a3de5fffa587cd3f9c7972bfe45c660d18bd0581f519ffb64ddf79ab78eb,image:d9d028c8d650615586fd51e351f88b68134f4e7ec768731fa581b1dfff166ebc,train,dataset/train/Avicennia_marina/7106a3de5fffa587cd3f9c7972bfe45c660d18bd0581f519ffb64ddf79ab78eb.jpg,image:7106a3de5fffa587cd3f9c7972bfe45c660d18bd0581f519ffb64ddf79ab78eb,related_source_already_in_higher_priority_holdout
Rhizophora_stylosa/Leaves/IMG_20260922_095525_Burst05.jpg,22,Rhizophora_stylosa,715b4fce709608d2d098f889ab83512fa4e00036ae65eee07b6aab50b500cc04,image:f8d71c8c9629184b8cb8bef8f0a60da25e703cde1e62b26df330bfc0d3522465,train,dataset/train/Rhizophora_stylosa/715b4fce709608d2d098f889ab83512fa4e00036ae65eee07b6aab50b500cc04.jpg,image:715b4fce709608d2d098f889ab83512fa4e00036ae65eee07b6aab50b500cc04,related_source_already_in_higher_priority_holdout
Osbornia_octodonta/Leaves/.trashed-1792646624-IMG_20260922_101348_Burst02.jpg,18,Osbornia_octodonta,73d9d4c611c02e77e2ade83f47041bc6619280053b6bb93d19166acc26dae568,image:854a3febb49cac0576808375d32c761e22a8ae48e28814f8b4e22ed51107d324,train,dataset/train/Osbornia_octodonta/73d9d4c611c02e77e2ade83f47041bc6619280053b6bb93d19166acc26dae568.jpg,image:73d9d4c611c02e77e2ade83f47041bc6619280053b6bb93d19166acc26dae568,related_source_already_in_higher_priority_holdout
Osbornia_octodonta/Leaves/IMG_20260922_132438_Burst02.jpg,18,Osbornia_octodonta,7478cad275e9f8fe7c4d2170fd0e3ed4100e1c87268752c66db0ac91aa90dbef,image:fc9ff3b362ed183230cc3ef66cf2c230e185e75ff9755ba806350207e424351f,train,dataset/train/Osbornia_octodonta/7478cad275e9f8fe7c4d2170fd0e3ed4100e1c87268752c66db0ac91aa90dbef.jpg,image:7478cad275e9f8fe7c4d2170fd0e3ed4100e1c87268752c66db0ac91aa90dbef,related_source_already_in_higher_priority_holdout
Ceriops_zippeliana/Leaves/.trashed-1792647498-IMG_20260922_133503_Burst02.jpg,12,Ceriops_zippeliana,75005f023cc77e68db89055259171ab25a296e19e30713fe80f976e2387063bb,image:e2e421e9fd7ce33f40fbc9bb4afb4c2bea1a29816ae0eae48846ecb7ddc03e1a,train,dataset/train/Ceriops_zippeliana/75005f023cc77e68db89055259171ab25a296e19e30713fe80f976e2387063bb.jpg,image:75005f023cc77e68db89055259171ab25a296e19e30713fe80f976e2387063bb,related_source_already_in_higher_priority_holdout
Camptostemon_philippinensis/Roots/IMG_20260922_132711_Burst10.jpg,10,Camptostemon_philippinensis,762a1dd4e9483d4d87fc6e77e6de8bea36c590f0d5096f18aefdb3604f9a7012,image:fc66a821e100e58b4f8db175663e43bf312891e9918087baba8ccd3daaa4f219,train,dataset/train/Camptostemon_philippinensis/762a1dd4e9483d4d87fc6e77e6de8bea36c590f0d5096f18aefdb3604f9a7012.jpg,image:762a1dd4e9483d4d87fc6e77e6de8bea36c590f0d5096f18aefdb3604f9a7012,related_source_already_in_higher_priority_holdout
Camptostemon_philippinensis/Roots/IMG_20260922_132711_Burst01.jpg,10,Camptostemon_philippinensis,777fda43633a875bbef180b3900cf1117a9a3b08deaccedbc03a23024ac85174,image:fc66a821e100e58b4f8db175663e43bf312891e9918087baba8ccd3daaa4f219,train,dataset/train/Camptostemon_philippinensis/777fda43633a875bbef180b3900cf1117a9a3b08deaccedbc03a23024ac85174.jpg,image:777fda43633a875bbef180b3900cf1117a9a3b08deaccedbc03a23024ac85174,related_source_already_in_higher_priority_holdout
Ceriops_zippeliana/Leaves/IMG_20260922_133433_Burst10.jpg,12,Ceriops_zippeliana,78f9c5df012b57abbdf4c07d0f023d2aaf7c00bfdc1bbbfabda69cfcc4d287cb,image:dd80e0d4ad7836043b349e8037fafbbe342952da8c5df532e131044c3428abff,train,dataset/train/Ceriops_zippeliana/78f9c5df012b57abbdf4c07d0f023d2aaf7c00bfdc1bbbfabda69cfcc4d287cb.jpg,image:78f9c5df012b57abbdf4c07d0f023d2aaf7c00bfdc1bbbfabda69cfcc4d287cb,related_source_already_in_higher_priority_holdout
Sonneratia_alba/Bark/IMG_20260922_093645_Burst10.jpg,24,Sonneratia_alba,79b7ad7e0c09bedef448d0dfa7bca63d91decaf53475f5ba1e0c04268f4d0ed1,image:ea9ba3367c1165b4af9dd640ed2825b4db3438732dc5396a625b7dafabce0e4b,train,dataset/train/Sonneratia_alba/79b7ad7e0c09bedef448d0dfa7bca63d91decaf53475f5ba1e0c04268f4d0ed1.jpg,image:79b7ad7e0c09bedef448d0dfa7bca63d91decaf53475f5ba1e0c04268f4d0ed1,related_source_already_in_higher_priority_holdout
Osbornia_octodonta/bark/IMG_20260922_132511_Burst07.jpg,18,Osbornia_octodonta,7b9feabf97a903c2c89df558a717b8542faa7eb6ca2dfb305fb670ae056807f5,image:d8f575eb93da58d177e4a8ddefe60ed3f89193176760c036b835910b4c4cba8c,train,dataset/train/Osbornia_octodonta/7b9feabf97a903c2c89df558a717b8542faa7eb6ca2dfb305fb670ae056807f5.jpg,image:7b9feabf97a903c2c89df558a717b8542faa7eb6ca2dfb305fb670ae056807f5,related_source_already_in_higher_priority_holdout
Rhizophora_stylosa/Leaves/IMG_20260922_095525_Burst06.jpg,22,Rhizophora_stylosa,7c527f257cc5eb694e6a53b720f726b6d10c38c4bfc5e38752490e9c925c1ca9,image:f8d71c8c9629184b8cb8bef8f0a60da25e703cde1e62b26df330bfc0d3522465,train,dataset/train/Rhizophora_stylosa/7c527f257cc5eb694e6a53b720f726b6d10c38c4bfc5e38752490e9c925c1ca9.jpg,image:7c527f257cc5eb694e6a53b720f726b6d10c38c4bfc5e38752490e9c925c1ca9,related_source_already_in_higher_priority_holdout
Avicennia_officinalis/bark/IMG_20260922_132217_Burst01.jpg,5,Avicennia_officinalis,7cfcd1e53633c2ff9421b7e19f128f48f2181d8936f86ab9cd38613806374433,image:d6aeb1f155fc83631220bd1394eadfdc814d366f7d2b9d6fba1e82533e80ff39,train,dataset/train/Avicennia_officinalis/7cfcd1e53633c2ff9421b7e19f128f48f2181d8936f86ab9cd38613806374433.jpg,image:7cfcd1e53633c2ff9421b7e19f128f48f2181d8936f86ab9cd38613806374433,related_source_already_in_higher_priority_holdout
Avicennia_officinalis/Roots/IMG_20260922_132135_Burst09.jpg,5,Avicennia_officinalis,7d6b004663bc4338ab4dc925b8afd9e7cfdd6ee57940fbc05b235c994d8fa375,image:ffe4522a45a54e43e7f086f5829881b97e375aef68d0470c447b250a7a0ce01b,train,dataset/train/Avicennia_officinalis/7d6b004663bc4338ab4dc925b8afd9e7cfdd6ee57940fbc05b235c994d8fa375.jpg,image:7d6b004663bc4338ab4dc925b8afd9e7cfdd6ee57940fbc05b235c994d8fa375,related_source_already_in_higher_priority_holdout
Rhizophora_stylosa/Leaves/IMG_20260922_095612_Burst06.jpg,22,Rhizophora_stylosa,7d78565ade88c6aabcacba957623a4397e08e3e5ef051567e871a639fae44acb,image:e37fa073ebee69f1125cd8a2fb28e8e56c993ddd2e8dd6487ab7478b64ba174d,train,dataset/train/Rhizophora_stylosa/7d78565ade88c6aabcacba957623a4397e08e3e5ef051567e871a639fae44acb.jpg,image:7d78565ade88c6aabcacba957623a4397e08e3e5ef051567e871a639fae44acb,related_source_already_in_higher_priority_holdout
Osbornia_octodonta/Leaves/.trashed-1792646623-IMG_20260922_101348_Burst10.jpg,18,Osbornia_octodonta,824138a81b3761819210c94fd6885ddd142bfef38c32e87fe0719adcf74d9a0c,image:854a3febb49cac0576808375d32c761e22a8ae48e28814f8b4e22ed51107d324,train,dataset/train/Osbornia_octodonta/824138a81b3761819210c94fd6885ddd142bfef38c32e87fe0719adcf74d9a0c.jpg,image:824138a81b3761819210c94fd6885ddd142bfef38c32e87fe0719adcf74d9a0c,related_source_already_in_higher_priority_holdout
Osbornia_octodonta/Leaves/.trashed-1792646623-IMG_20260922_101348_Burst07.jpg,18,Osbornia_octodonta,827cd6338490fd005b032cf52d6fc0a0555587dfd2ddfdb04a52718c0eb686ad,image:854a3febb49cac0576808375d32c761e22a8ae48e28814f8b4e22ed51107d324,train,dataset/train/Osbornia_octodonta/827cd6338490fd005b032cf52d6fc0a0555587dfd2ddfdb04a52718c0eb686ad.jpg,image:827cd6338490fd005b032cf52d6fc0a0555587dfd2ddfdb04a52718c0eb686ad,related_source_already_in_higher_priority_holdout
Osbornia_octodonta/Leaves/.trashed-1792646624-IMG_20260922_101348_Burst05.jpg,18,Osbornia_octodonta,854a3febb49cac0576808375d32c761e22a8ae48e28814f8b4e22ed51107d324,image:854a3febb49cac0576808375d32c761e22a8ae48e28814f8b4e22ed51107d324,train,dataset/train/Osbornia_octodonta/854a3febb49cac0576808375d32c761e22a8ae48e28814f8b4e22ed51107d324.jpg,image:854a3febb49cac0576808375d32c761e22a8ae48e28814f8b4e22ed51107d324,related_source_already_in_higher_priority_holdout
Avicennia_marina/Leaves/IMG_20260922_094015_Burst10.jpg,4,Avicennia_marina,89a92d5f3a8e08bc74f371df0b6a538f81cb1afd98b1ed508c9d8d8a86255839,image:d9d028c8d650615586fd51e351f88b68134f4e7ec768731fa581b1dfff166ebc,train,dataset/train/Avicennia_marina/89a92d5f3a8e08bc74f371df0b6a538f81cb1afd98b1ed508c9d8d8a86255839.jpg,image:89a92d5f3a8e08bc74f371df0b6a538f81cb1afd98b1ed508c9d8d8a86255839,related_source_already_in_higher_priority_holdout
Rhizophora_stylosa/Leaves/IMG_20260922_095612_Burst02.jpg,22,Rhizophora_stylosa,8a41aec136b071374ef15c9fe5091693b13e0c3f1ff1009023e7142cba52cec6,image:e37fa073ebee69f1125cd8a2fb28e8e56c993ddd2e8dd6487ab7478b64ba174d,train,dataset/train/Rhizophora_stylosa/8a41aec136b071374ef15c9fe5091693b13e0c3f1ff1009023e7142cba52cec6.jpg,image:8a41aec136b071374ef15c9fe5091693b13e0c3f1ff1009023e7142cba52cec6,related_source_already_in_higher_priority_holdout
Camptostemon_philippinensis/Leaves/IMG_20260922_133628_Burst02.jpg,10,Camptostemon_philippinensis,8e13a99585665ca920f04a9ffd0e804e6ba49e65993d1f3041e263da5b565ba4,image:fc4480f1f24181bd89c4b2375735fb4331c37bb2e6a52ff14c42d9babd571657,train,dataset/train/Camptostemon_philippinensis/8e13a99585665ca920f04a9ffd0e804e6ba49e65993d1f3041e263da5b565ba4.jpg,image:8e13a99585665ca920f04a9ffd0e804e6ba49e65993d1f3041e263da5b565ba4,related_source_already_in_higher_priority_holdout
Avicennia_marina/Bark/IMG_20260922_093936_Burst10.jpg,4,Avicennia_marina,8ebe6db40bbb00790212198a34e51c8e19e4100891f6095eb25190d140cd4ff1,image:cf64cbe1ea57de5a3aa31572b7f53bd93f63db9d03ec26123373aa9b7df1dfea,train,dataset/train/Avicennia_marina/8ebe6db40bbb00790212198a34e51c8e19e4100891f6095eb25190d140cd4ff1.jpg,image:8ebe6db40bbb00790212198a34e51c8e19e4100891f6095eb25190d140cd4ff1,related_source_already_in_higher_priority_holdout
Rhizophora_stylosa/Leaves/IMG_20260922_095612_Burst10.jpg,22,Rhizophora_stylosa,9170e510f4872a400da750bbd85eaab3275f7e81f32e1062e3f01302458198ee,image:e37fa073ebee69f1125cd8a2fb28e8e56c993ddd2e8dd6487ab7478b64ba174d,train,dataset/train/Rhizophora_stylosa/9170e510f4872a400da750bbd85eaab3275f7e81f32e1062e3f01302458198ee.jpg,image:9170e510f4872a400da750bbd85eaab3275f7e81f32e1062e3f01302458198ee,related_source_already_in_higher_priority_holdout
Avicennia_marina/Bark/IMG_20260922_093936_Burst07.jpg,4,Avicennia_marina,9250c7e7e7334c51e01106b67369795e8cc6e03fd139e5b699c015bf647836f7,image:cf64cbe1ea57de5a3aa31572b7f53bd93f63db9d03ec26123373aa9b7df1dfea,train,dataset/train/Avicennia_marina/9250c7e7e7334c51e01106b67369795e8cc6e03fd139e5b699c015bf647836f7.jpg,image:9250c7e7e7334c51e01106b67369795e8cc6e03fd139e5b699c015bf647836f7,related_source_already_in_higher_priority_holdout
Rhizophora_stylosa/Leaves/IMG_20260922_095525_Burst07.jpg,22,Rhizophora_stylosa,93eda8abfa77c3d3b75bc0779e4dceeb79a2b2cca7ea0b5c0520b86a695e236a,image:f8d71c8c9629184b8cb8bef8f0a60da25e703cde1e62b26df330bfc0d3522465,train,dataset/train/Rhizophora_stylosa/93eda8abfa77c3d3b75bc0779e4dceeb79a2b2cca7ea0b5c0520b86a695e236a.jpg,image:93eda8abfa77c3d3b75bc0779e4dceeb79a2b2cca7ea0b5c0520b86a695e236a,related_source_already_in_higher_priority_holdout
Rhizophora_stylosa/Leaves/IMG_20260922_095612_Burst09.jpg,22,Rhizophora_stylosa,9453823186c27eb9bb954aad419280cff1836d38fa525a201b5485867d89c773,image:e37fa073ebee69f1125cd8a2fb28e8e56c993ddd2e8dd6487ab7478b64ba174d,train,dataset/train/Rhizophora_stylosa/9453823186c27eb9bb954aad419280cff1836d38fa525a201b5485867d89c773.jpg,image:9453823186c27eb9bb954aad419280cff1836d38fa525a201b5485867d89c773,related_source_already_in_higher_priority_holdout
Osbornia_octodonta/bark/IMG_20260922_132511_Burst09.jpg,18,Osbornia_octodonta,947b6644e7a3f7243b3a29d7f6131a2b95b6ea638bf15a0f1d4cc61db4077cc8,image:d8f575eb93da58d177e4a8ddefe60ed3f89193176760c036b835910b4c4cba8c,train,dataset/train/Osbornia_octodonta/947b6644e7a3f7243b3a29d7f6131a2b95b6ea638bf15a0f1d4cc61db4077cc8.jpg,image:947b6644e7a3f7243b3a29d7f6131a2b95b6ea638bf15a0f1d4cc61db4077cc8,related_source_already_in_higher_priority_holdout
Avicennia_marina/Bark/IMG_20260922_093936_Burst08.jpg,4,Avicennia_marina,951fa550c6047c33e48d84271737c3723c233118dff7557e2fa762c5fa7c166d,image:cf64cbe1ea57de5a3aa31572b7f53bd93f63db9d03ec26123373aa9b7df1dfea,train,dataset/train/Avicennia_marina/951fa550c6047c33e48d84271737c3723c233118dff7557e2fa762c5fa7c166d.jpg,image:951fa550c6047c33e48d84271737c3723c233118dff7557e2fa762c5fa7c166d,related_source_already_in_higher_priority_holdout
Excoecaria_agallocha/leaves/IMG_20260922_131950_Burst08.jpg,13,Excoecaria_agallocha,958f86efec2aa3ac8e275fdbb7541fffe92ebcb62411d00d23662dc0104f7cdb,image:dcf3adfd8046f32c96fba7c6a3415f0611a8b97f8698221d9cae04ed316f4e78,train,dataset/train/Excoecaria_agallocha/958f86efec2aa3ac8e275fdbb7541fffe92ebcb62411d00d23662dc0104f7cdb.jpg,image:958f86efec2aa3ac8e275fdbb7541fffe92ebcb62411d00d23662dc0104f7cdb,related_source_already_in_higher_priority_holdout
Rhizophora_stylosa/Leaves/IMG_20260922_095525_Burst03.jpg,22,Rhizophora_stylosa,95c2ab5de442b7fa57d233aedeee0fae8c08e9cccd3ccd94b7461553aa241342,image:f8d71c8c9629184b8cb8bef8f0a60da25e703cde1e62b26df330bfc0d3522465,train,dataset/train/Rhizophora_stylosa/95c2ab5de442b7fa57d233aedeee0fae8c08e9cccd3ccd94b7461553aa241342.jpg,image:95c2ab5de442b7fa57d233aedeee0fae8c08e9cccd3ccd94b7461553aa241342,related_source_already_in_higher_priority_holdout
Rhizophora_stylosa/Bark/IMG_20260922_095351_Burst10.jpg,22,Rhizophora_stylosa,988315a99bd5e7e5a018a856230fb72a0ece46172f8d610ae351e3c1631ffbe7,image:f06f7e69b856692058bd0a9f6143290b2e9a88da7a9ddf444df89c75e29124b3,train,dataset/train/Rhizophora_stylosa/988315a99bd5e7e5a018a856230fb72a0ece46172f8d610ae351e3c1631ffbe7.jpg,image:988315a99bd5e7e5a018a856230fb72a0ece46172f8d610ae351e3c1631ffbe7,related_source_already_in_higher_priority_holdout
Excoecaria_agallocha/leaves/IMG_20260922_131950_Burst10.jpg,13,Excoecaria_agallocha,994f5bc2944f6a16db665742275e564faf2a037c41612c0dbb4a87310f247137,image:dcf3adfd8046f32c96fba7c6a3415f0611a8b97f8698221d9cae04ed316f4e78,val,dataset/val/Excoecaria_agallocha/994f5bc2944f6a16db665742275e564faf2a037c41612c0dbb4a87310f247137.jpg,image:994f5bc2944f6a16db665742275e564faf2a037c41612c0dbb4a87310f247137,related_source_already_in_higher_priority_holdout
Camptostemon_philippinensis/Roots/IMG_20260922_132711_Burst02.jpg,10,Camptostemon_philippinensis,9aa7102030db5d86b718886c6d21341cf9a7b6375424beec40aa6b2b772db154,image:fc66a821e100e58b4f8db175663e43bf312891e9918087baba8ccd3daaa4f219,train,dataset/train/Camptostemon_philippinensis/9aa7102030db5d86b718886c6d21341cf9a7b6375424beec40aa6b2b772db154.jpg,image:9aa7102030db5d86b718886c6d21341cf9a7b6375424beec40aa6b2b772db154,related_source_already_in_higher_priority_holdout
Sonneratia_alba/Leaves/IMG_20260922_093706_Burst09.jpg,24,Sonneratia_alba,9d70ebd60f62efb3d11f1396dce2c60f55d35c1810095adf0e72ee7b0afbda8a,image:c54784896851b4556dde53b763ffcd0ed5b40be885a7b473db65d142ba84e5d6,train,dataset/train/Sonneratia_alba/9d70ebd60f62efb3d11f1396dce2c60f55d35c1810095adf0e72ee7b0afbda8a.jpg,image:9d70ebd60f62efb3d11f1396dce2c60f55d35c1810095adf0e72ee7b0afbda8a,related_source_already_in_higher_priority_holdout
Avicennia_officinalis/bark/IMG_20260922_132217_Burst05.jpg,5,Avicennia_officinalis,9e07c3bb200c42edf1c4032fa4b4a66bfdce7e7f1711e2a23fd2b791e0351dc8,image:d6aeb1f155fc83631220bd1394eadfdc814d366f7d2b9d6fba1e82533e80ff39,train,dataset/train/Avicennia_officinalis/9e07c3bb200c42edf1c4032fa4b4a66bfdce7e7f1711e2a23fd2b791e0351dc8.jpg,image:9e07c3bb200c42edf1c4032fa4b4a66bfdce7e7f1711e2a23fd2b791e0351dc8,related_source_already_in_higher_priority_holdout
Avicennia_marina/Bark/IMG_20260922_093936_Burst06.jpg,4,Avicennia_marina,a2423bdf73d35b7536b935acbece43180dde6c56a2de774f38212f61bac52063,image:cf64cbe1ea57de5a3aa31572b7f53bd93f63db9d03ec26123373aa9b7df1dfea,train,dataset/train/Avicennia_marina/a2423bdf73d35b7536b935acbece43180dde6c56a2de774f38212f61bac52063.jpg,image:a2423bdf73d35b7536b935acbece43180dde6c56a2de774f38212f61bac52063,related_source_already_in_higher_priority_holdout
Sonneratia_alba/Bark/IMG_20260922_093645_Burst03.jpg,24,Sonneratia_alba,a4f41bdf64ace26768408c9b5382e9f4b95f323b09930a88dcf00ba5e48ed5fb,image:ea9ba3367c1165b4af9dd640ed2825b4db3438732dc5396a625b7dafabce0e4b,val,dataset/val/Sonneratia_alba/a4f41bdf64ace26768408c9b5382e9f4b95f323b09930a88dcf00ba5e48ed5fb.jpg,image:a4f41bdf64ace26768408c9b5382e9f4b95f323b09930a88dcf00ba5e48ed5fb,related_source_already_in_higher_priority_holdout
Ceriops_zippeliana/Leaves/.trashed-1792647497-IMG_20260922_133503_Burst06.jpg,12,Ceriops_zippeliana,a68fb82d8a6feedc07e79e6142dc10ba094072a6ef2a0fbb709db9ad7174b858,image:e2e421e9fd7ce33f40fbc9bb4afb4c2bea1a29816ae0eae48846ecb7ddc03e1a,train,dataset/train/Ceriops_zippeliana/a68fb82d8a6feedc07e79e6142dc10ba094072a6ef2a0fbb709db9ad7174b858.jpg,image:a68fb82d8a6feedc07e79e6142dc10ba094072a6ef2a0fbb709db9ad7174b858,related_source_already_in_higher_priority_holdout
Osbornia_octodonta/bark/.trashed-1792646624-IMG_20260922_101340_Burst03.jpg,18,Osbornia_octodonta,a8f679081fb5625c6131c49022947e3ffe2494f0b514bedb03a6a30ca423c678,image:ee7d179ff7949374408415f49a2f00290e0c04d3d9398aae07b1b9265e467a2f,train,dataset/train/Osbornia_octodonta/a8f679081fb5625c6131c49022947e3ffe2494f0b514bedb03a6a30ca423c678.jpg,image:a8f679081fb5625c6131c49022947e3ffe2494f0b514bedb03a6a30ca423c678,related_source_already_in_higher_priority_holdout
Rhizophora_stylosa/Leaves/IMG_20260922_095525_Burst04.jpg,22,Rhizophora_stylosa,a9b3b82fd0320c9cd0b09ce025d97d26e7cb42eb8ca1bea25103978726df9459,image:f8d71c8c9629184b8cb8bef8f0a60da25e703cde1e62b26df330bfc0d3522465,train,dataset/train/Rhizophora_stylosa/a9b3b82fd0320c9cd0b09ce025d97d26e7cb42eb8ca1bea25103978726df9459.jpg,image:a9b3b82fd0320c9cd0b09ce025d97d26e7cb42eb8ca1bea25103978726df9459,related_source_already_in_higher_priority_holdout
Ceriops_zippeliana/Leaves/.trashed-1792647497-IMG_20260922_133503_Burst10.jpg,12,Ceriops_zippeliana,ab756e02fdcb9e77b760f622534542da348f438243a7c1e3a78d494afc766836,image:e2e421e9fd7ce33f40fbc9bb4afb4c2bea1a29816ae0eae48846ecb7ddc03e1a,train,dataset/train/Ceriops_zippeliana/ab756e02fdcb9e77b760f622534542da348f438243a7c1e3a78d494afc766836.jpg,image:ab756e02fdcb9e77b760f622534542da348f438243a7c1e3a78d494afc766836,related_source_already_in_higher_priority_holdout
Rhizophora_stylosa/Roots/IMG_20260922_095705_Burst09.jpg,22,Rhizophora_stylosa,ab7e4607e66bc36cce22f9eb983719b52afce857f830ebd4f466c16bb66d097e,image:e0a3d27d161da050982d44d3531609bf329e067fe689c229f41cf537007e56f0,train,dataset/train/Rhizophora_stylosa/ab7e4607e66bc36cce22f9eb983719b52afce857f830ebd4f466c16bb66d097e.jpg,image:ab7e4607e66bc36cce22f9eb983719b52afce857f830ebd4f466c16bb66d097e,related_source_already_in_higher_priority_holdout
Camptostemon_philippinensis/Leaves/IMG_20260922_133628_Burst05.jpg,10,Camptostemon_philippinensis,ac496d15c4dc71945859daba4e6a4de1d99461ddffa7b6e9ce00aa80a15dc7e5,image:fc4480f1f24181bd89c4b2375735fb4331c37bb2e6a52ff14c42d9babd571657,train,dataset/train/Camptostemon_philippinensis/ac496d15c4dc71945859daba4e6a4de1d99461ddffa7b6e9ce00aa80a15dc7e5.jpg,image:ac496d15c4dc71945859daba4e6a4de1d99461ddffa7b6e9ce00aa80a15dc7e5,related_source_already_in_higher_priority_holdout
Osbornia_octodonta/bark/IMG_20260922_132511_Burst08.jpg,18,Osbornia_octodonta,ac788d3f4a1c870791f22fa1e6cb41e977f8197098ce9b9a0d25b8c6c1a10b0f,image:d8f575eb93da58d177e4a8ddefe60ed3f89193176760c036b835910b4c4cba8c,train,dataset/train/Osbornia_octodonta/ac788d3f4a1c870791f22fa1e6cb41e977f8197098ce9b9a0d25b8c6c1a10b0f.jpg,image:ac788d3f4a1c870791f22fa1e6cb41e977f8197098ce9b9a0d25b8c6c1a10b0f,related_source_already_in_higher_priority_holdout
Excoecaria_agallocha/leaves/IMG_20260922_131950_Burst02.jpg,13,Excoecaria_agallocha,af91b0f58196aa669349d54907a163b42707a60e766212d1a9a4f0b2b91501be,image:dcf3adfd8046f32c96fba7c6a3415f0611a8b97f8698221d9cae04ed316f4e78,train,dataset/train/Excoecaria_agallocha/af91b0f58196aa669349d54907a163b42707a60e766212d1a9a4f0b2b91501be.jpg,image:af91b0f58196aa669349d54907a163b42707a60e766212d1a9a4f0b2b91501be,related_source_already_in_higher_priority_holdout
Rhizophora_stylosa/Leaves/IMG_20260922_095612_Burst08.jpg,22,Rhizophora_stylosa,b09987bee546e5f7d77a2767ae2b9e81b9e36032d3a8c1182f9896a713bc3b79,image:e37fa073ebee69f1125cd8a2fb28e8e56c993ddd2e8dd6487ab7478b64ba174d,train,dataset/train/Rhizophora_stylosa/b09987bee546e5f7d77a2767ae2b9e81b9e36032d3a8c1182f9896a713bc3b79.jpg,image:b09987bee546e5f7d77a2767ae2b9e81b9e36032d3a8c1182f9896a713bc3b79,related_source_already_in_higher_priority_holdout
Rhizophora_stylosa/Roots/IMG_20260922_095705_Burst02.jpg,22,Rhizophora_stylosa,b2c89b5424d3d7f19445e68d174dd218f13cefeda2d327cbf705fc5f41d7a235,image:e0a3d27d161da050982d44d3531609bf329e067fe689c229f41cf537007e56f0,train,dataset/train/Rhizophora_stylosa/b2c89b5424d3d7f19445e68d174dd218f13cefeda2d327cbf705fc5f41d7a235.jpg,image:b2c89b5424d3d7f19445e68d174dd218f13cefeda2d327cbf705fc5f41d7a235,related_source_already_in_higher_priority_holdout
Ceriops_zippeliana/Leaves/IMG_20260922_133433_Burst04.jpg,12,Ceriops_zippeliana,b437889d14f8a8113fbdb54e7b9b5c1ff48d86758ef1d4355c0695be27f5091a,image:dd80e0d4ad7836043b349e8037fafbbe342952da8c5df532e131044c3428abff,train,dataset/train/Ceriops_zippeliana/b437889d14f8a8113fbdb54e7b9b5c1ff48d86758ef1d4355c0695be27f5091a.jpg,image:b437889d14f8a8113fbdb54e7b9b5c1ff48d86758ef1d4355c0695be27f5091a,related_source_already_in_higher_priority_holdout
Avicennia_marina/Leaves/IMG_20260922_094015_Burst08.jpg,4,Avicennia_marina,b48f74fe4ac9274009c9450e29089559036cdcb7cc291792db892612b3295e85,image:d9d028c8d650615586fd51e351f88b68134f4e7ec768731fa581b1dfff166ebc,train,dataset/train/Avicennia_marina/b48f74fe4ac9274009c9450e29089559036cdcb7cc291792db892612b3295e85.jpg,image:b48f74fe4ac9274009c9450e29089559036cdcb7cc291792db892612b3295e85,related_source_already_in_higher_priority_holdout
Ceriops_zippeliana/Leaves/IMG_20260922_133433_Burst09.jpg,12,Ceriops_zippeliana,b8768fe5a6cf7269d8ebc6cd6815324b7fab25885ea7444d062ad37758a73d30,image:dd80e0d4ad7836043b349e8037fafbbe342952da8c5df532e131044c3428abff,train,dataset/train/Ceriops_zippeliana/b8768fe5a6cf7269d8ebc6cd6815324b7fab25885ea7444d062ad37758a73d30.jpg,image:b8768fe5a6cf7269d8ebc6cd6815324b7fab25885ea7444d062ad37758a73d30,related_source_already_in_higher_priority_holdout
Sonneratia_alba/Leaves/IMG_20260922_093706_Burst08.jpg,24,Sonneratia_alba,baa4bb2c65782314ab5df6cd2fa9509c726e325b6728cbfce75eb861ecea0d44,image:c54784896851b4556dde53b763ffcd0ed5b40be885a7b473db65d142ba84e5d6,train,dataset/train/Sonneratia_alba/baa4bb2c65782314ab5df6cd2fa9509c726e325b6728cbfce75eb861ecea0d44.jpg,image:baa4bb2c65782314ab5df6cd2fa9509c726e325b6728cbfce75eb861ecea0d44,related_source_already_in_higher_priority_holdout
Rhizophora_stylosa/Leaves/.trashed-1792659495-IMG_20260922_095448_Burst04.jpg,22,Rhizophora_stylosa,bac55f63122696b1041702681ee4afddfd5e32cecbb701a2b84d80c3ed27a410,image:ff2b0e234adada7e913c2b198a1cd013d0ccc4f2ae7050cccf09aa69ae3cf9a6,val,dataset/val/Rhizophora_stylosa/bac55f63122696b1041702681ee4afddfd5e32cecbb701a2b84d80c3ed27a410.jpg,image:bac55f63122696b1041702681ee4afddfd5e32cecbb701a2b84d80c3ed27a410,related_source_already_in_higher_priority_holdout
Avicennia_officinalis/Leaves/IMG_20260922_132230_Burst08.jpg,5,Avicennia_officinalis,bb97b36c91b1016032a5f62e490b4ad2638c38b0d58e2255a49e7f5557660e13,image:e414d37a5602059adc66f19cef7c45c3ec74e2c83f66123c73af0df47619ed69,train,dataset/train/Avicennia_officinalis/bb97b36c91b1016032a5f62e490b4ad2638c38b0d58e2255a49e7f5557660e13.jpg,image:bb97b36c91b1016032a5f62e490b4ad2638c38b0d58e2255a49e7f5557660e13,related_source_already_in_higher_priority_holdout
Camptostemon_philippinensis/Leaves/IMG_20260922_133628_Burst09.jpg,10,Camptostemon_philippinensis,bc43819354356fbae35d20ad866da55a950c317e9b18189018b393bb07b5370d,image:fc4480f1f24181bd89c4b2375735fb4331c37bb2e6a52ff14c42d9babd571657,train,dataset/train/Camptostemon_philippinensis/bc43819354356fbae35d20ad866da55a950c317e9b18189018b393bb07b5370d.jpg,image:bc43819354356fbae35d20ad866da55a950c317e9b18189018b393bb07b5370d,related_source_already_in_higher_priority_holdout
Rhizophora_stylosa/Leaves/IMG_20260922_095612_Burst05.jpg,22,Rhizophora_stylosa,bcb6b9ff4802bcfa6ab36a9d658a45703d670d44feb3ac8a714f4ff124aea34b,image:e37fa073ebee69f1125cd8a2fb28e8e56c993ddd2e8dd6487ab7478b64ba174d,train,dataset/train/Rhizophora_stylosa/bcb6b9ff4802bcfa6ab36a9d658a45703d670d44feb3ac8a714f4ff124aea34b.jpg,image:bcb6b9ff4802bcfa6ab36a9d658a45703d670d44feb3ac8a714f4ff124aea34b,related_source_already_in_higher_priority_holdout
Ceriops_zippeliana/Leaves/IMG_20260922_133915_Burst03.jpg,12,Ceriops_zippeliana,bd6fcbf4db50d6a042b0a4ece6838885fb30deb98494835ed4eab02493849f25,image:ebfb8f8cd1544dc7af9519da4bcacc0840424a0af407c5d3508efe7ad5986f8f,train,dataset/train/Ceriops_zippeliana/bd6fcbf4db50d6a042b0a4ece6838885fb30deb98494835ed4eab02493849f25.jpg,image:bd6fcbf4db50d6a042b0a4ece6838885fb30deb98494835ed4eab02493849f25,related_source_already_in_higher_priority_holdout
Osbornia_octodonta/bark/IMG_20260922_132511_Burst05.jpg,18,Osbornia_octodonta,bda17d781d8049dfa7b11d46eaceaa4d0068135f520e901613ff76de759f6719,image:d8f575eb93da58d177e4a8ddefe60ed3f89193176760c036b835910b4c4cba8c,train,dataset/train/Osbornia_octodonta/bda17d781d8049dfa7b11d46eaceaa4d0068135f520e901613ff76de759f6719.jpg,image:bda17d781d8049dfa7b11d46eaceaa4d0068135f520e901613ff76de759f6719,related_source_already_in_higher_priority_holdout
Osbornia_octodonta/Leaves/.trashed-1792646624-IMG_20260922_101340_Burst10.jpg,18,Osbornia_octodonta,bfdf8f70b93e33b9a1a842af0f146058188691458a90f49466e3fe99eddf6e08,image:ee7d179ff7949374408415f49a2f00290e0c04d3d9398aae07b1b9265e467a2f,train,dataset/train/Osbornia_octodonta/bfdf8f70b93e33b9a1a842af0f146058188691458a90f49466e3fe99eddf6e08.jpg,image:bfdf8f70b93e33b9a1a842af0f146058188691458a90f49466e3fe99eddf6e08,related_source_already_in_higher_priority_holdout
Osbornia_octodonta/bark/IMG_20260922_132511_Burst06.jpg,18,Osbornia_octodonta,c338a0e6b7a48ca2c7e965426ddd2feec48492998af2d9817c0c12a2413c947a,image:d8f575eb93da58d177e4a8ddefe60ed3f89193176760c036b835910b4c4cba8c,train,dataset/train/Osbornia_octodonta/c338a0e6b7a48ca2c7e965426ddd2feec48492998af2d9817c0c12a2413c947a.jpg,image:c338a0e6b7a48ca2c7e965426ddd2feec48492998af2d9817c0c12a2413c947a,related_source_already_in_higher_priority_holdout
Sonneratia_alba/Leaves/IMG_20260922_093706_Burst03.jpg,24,Sonneratia_alba,c4eaab2fc8c7e7fd318646f7aef34929c2290066d49631100312f5bb0008ee5a,image:c54784896851b4556dde53b763ffcd0ed5b40be885a7b473db65d142ba84e5d6,train,dataset/train/Sonneratia_alba/c4eaab2fc8c7e7fd318646f7aef34929c2290066d49631100312f5bb0008ee5a.jpg,image:c4eaab2fc8c7e7fd318646f7aef34929c2290066d49631100312f5bb0008ee5a,related_source_already_in_higher_priority_holdout
Sonneratia_alba/Leaves/IMG_20260922_093706_Burst04.jpg,24,Sonneratia_alba,c54784896851b4556dde53b763ffcd0ed5b40be885a7b473db65d142ba84e5d6,image:c54784896851b4556dde53b763ffcd0ed5b40be885a7b473db65d142ba84e5d6,train,dataset/train/Sonneratia_alba/c54784896851b4556dde53b763ffcd0ed5b40be885a7b473db65d142ba84e5d6.jpg,image:c54784896851b4556dde53b763ffcd0ed5b40be885a7b473db65d142ba84e5d6,related_source_already_in_higher_priority_holdout
Ceriops_zippeliana/Leaves/IMG_20260922_133915_Burst08.jpg,12,Ceriops_zippeliana,c99809e9eb60d947fedbdbad539cf26c57cf6138335e84d6f4fe63b2b9259321,image:ebfb8f8cd1544dc7af9519da4bcacc0840424a0af407c5d3508efe7ad5986f8f,train,dataset/train/Ceriops_zippeliana/c99809e9eb60d947fedbdbad539cf26c57cf6138335e84d6f4fe63b2b9259321.jpg,image:c99809e9eb60d947fedbdbad539cf26c57cf6138335e84d6f4fe63b2b9259321,related_source_already_in_higher_priority_holdout
Avicennia_officinalis/bark/IMG_20260922_132217_Burst03.jpg,5,Avicennia_officinalis,cb4e2962bcfa0c4ddfa57350e35f4f66601c92c77c8c4777d8854de41f102f17,image:d6aeb1f155fc83631220bd1394eadfdc814d366f7d2b9d6fba1e82533e80ff39,train,dataset/train/Avicennia_officinalis/cb4e2962bcfa0c4ddfa57350e35f4f66601c92c77c8c4777d8854de41f102f17.jpg,image:cb4e2962bcfa0c4ddfa57350e35f4f66601c92c77c8c4777d8854de41f102f17,related_source_already_in_higher_priority_holdout
Avicennia_marina/Bark/IMG_20260922_093936_Burst02.jpg,4,Avicennia_marina,cceba831a84b98827c39ce3b0ed6a3d0ed1f4bd88e8cc5a9bd71bb7ceaed799a,image:cf64cbe1ea57de5a3aa31572b7f53bd93f63db9d03ec26123373aa9b7df1dfea,train,dataset/train/Avicennia_marina/cceba831a84b98827c39ce3b0ed6a3d0ed1f4bd88e8cc5a9bd71bb7ceaed799a.jpg,image:cceba831a84b98827c39ce3b0ed6a3d0ed1f4bd88e8cc5a9bd71bb7ceaed799a,related_source_already_in_higher_priority_holdout
Avicennia_marina/Bark/IMG_20260922_093936_Burst03.jpg,4,Avicennia_marina,cf64cbe1ea57de5a3aa31572b7f53bd93f63db9d03ec26123373aa9b7df1dfea,image:cf64cbe1ea57de5a3aa31572b7f53bd93f63db9d03ec26123373aa9b7df1dfea,val,dataset/val/Avicennia_marina/cf64cbe1ea57de5a3aa31572b7f53bd93f63db9d03ec26123373aa9b7df1dfea.jpg,image:cf64cbe1ea57de5a3aa31572b7f53bd93f63db9d03ec26123373aa9b7df1dfea,related_source_already_in_higher_priority_holdout
Rhizophora_stylosa/Leaves/.trashed-1792659495-IMG_20260922_095448_Burst02.jpg,22,Rhizophora_stylosa,d20150169f9cc68d2e40c7d56bcf969e840c3b918bae71fbb6aeb19f0b94f7a0,image:ff2b0e234adada7e913c2b198a1cd013d0ccc4f2ae7050cccf09aa69ae3cf9a6,train,dataset/train/Rhizophora_stylosa/d20150169f9cc68d2e40c7d56bcf969e840c3b918bae71fbb6aeb19f0b94f7a0.jpg,image:d20150169f9cc68d2e40c7d56bcf969e840c3b918bae71fbb6aeb19f0b94f7a0,related_source_already_in_higher_priority_holdout
Avicennia_marina/Leaves/IMG_20260922_094015_Burst02.jpg,4,Avicennia_marina,d269962f0c2c9d26d783d0583baf7eddc1a3cd5d387a59e0e138b817ad9833df,image:d9d028c8d650615586fd51e351f88b68134f4e7ec768731fa581b1dfff166ebc,train,dataset/train/Avicennia_marina/d269962f0c2c9d26d783d0583baf7eddc1a3cd5d387a59e0e138b817ad9833df.jpg,image:d269962f0c2c9d26d783d0583baf7eddc1a3cd5d387a59e0e138b817ad9833df,related_source_already_in_higher_priority_holdout
Osbornia_octodonta/Leaves/IMG_20260922_132438_Burst04.jpg,18,Osbornia_octodonta,d28f3ba6e0d8014826bb94e3f520abebe2f998c332ae4bd87e07fd1b4ed114ee,image:fc9ff3b362ed183230cc3ef66cf2c230e185e75ff9755ba806350207e424351f,train,dataset/train/Osbornia_octodonta/d28f3ba6e0d8014826bb94e3f520abebe2f998c332ae4bd87e07fd1b4ed114ee.jpg,image:d28f3ba6e0d8014826bb94e3f520abebe2f998c332ae4bd87e07fd1b4ed114ee,related_source_already_in_higher_priority_holdout
Osbornia_octodonta/Leaves/.trashed-1792646624-IMG_20260922_101340_Burst08.jpg,18,Osbornia_octodonta,d2b7cb94e96810730b377419ef89422e1ec97f9b20b6f983cc5269241ae95b87,image:ee7d179ff7949374408415f49a2f00290e0c04d3d9398aae07b1b9265e467a2f,train,dataset/train/Osbornia_octodonta/d2b7cb94e96810730b377419ef89422e1ec97f9b20b6f983cc5269241ae95b87.jpg,image:d2b7cb94e96810730b377419ef89422e1ec97f9b20b6f983cc5269241ae95b87,related_source_already_in_higher_priority_holdout
Rhizophora_stylosa/Bark/IMG_20260922_095351_Burst02.jpg,22,Rhizophora_stylosa,d2c7ebc8bcdbc86f8e9b58d96fb36ab4a2667344f0971b6010badbc1d1b9cae7,image:f06f7e69b856692058bd0a9f6143290b2e9a88da7a9ddf444df89c75e29124b3,train,dataset/train/Rhizophora_stylosa/d2c7ebc8bcdbc86f8e9b58d96fb36ab4a2667344f0971b6010badbc1d1b9cae7.jpg,image:d2c7ebc8bcdbc86f8e9b58d96fb36ab4a2667344f0971b6010badbc1d1b9cae7,related_source_already_in_higher_priority_holdout
Avicennia_officinalis/Roots/IMG_20260922_132135_Burst05.jpg,5,Avicennia_officinalis,d3e65f26edaaa7f4c1eb1f651b3f391c1efceb40a97413f76e76fe8ea199aca9,image:ffe4522a45a54e43e7f086f5829881b97e375aef68d0470c447b250a7a0ce01b,val,dataset/val/Avicennia_officinalis/d3e65f26edaaa7f4c1eb1f651b3f391c1efceb40a97413f76e76fe8ea199aca9.jpg,image:d3e65f26edaaa7f4c1eb1f651b3f391c1efceb40a97413f76e76fe8ea199aca9,related_source_already_in_higher_priority_holdout
Ceriops_zippeliana/Leaves/.trashed-1792647497-IMG_20260922_133503_Burst08.jpg,12,Ceriops_zippeliana,d4c0215a7ecd7bda5c5a392d61eb1f6768eae95850e58f7dcb844bef18a50c93,image:e2e421e9fd7ce33f40fbc9bb4afb4c2bea1a29816ae0eae48846ecb7ddc03e1a,train,dataset/train/Ceriops_zippeliana/d4c0215a7ecd7bda5c5a392d61eb1f6768eae95850e58f7dcb844bef18a50c93.jpg,image:d4c0215a7ecd7bda5c5a392d61eb1f6768eae95850e58f7dcb844bef18a50c93,related_source_already_in_higher_priority_holdout
Rhizophora_stylosa/Leaves/IMG_20260922_095612_Burst04.jpg,22,Rhizophora_stylosa,d51f8becaf7a43045b87fcf06071138e630334e2c7d5977078f773b83b559ca9,image:e37fa073ebee69f1125cd8a2fb28e8e56c993ddd2e8dd6487ab7478b64ba174d,train,dataset/train/Rhizophora_stylosa/d51f8becaf7a43045b87fcf06071138e630334e2c7d5977078f773b83b559ca9.jpg,image:d51f8becaf7a43045b87fcf06071138e630334e2c7d5977078f773b83b559ca9,related_source_already_in_higher_priority_holdout
Excoecaria_agallocha/leaves/IMG_20260922_131950_Burst09.jpg,13,Excoecaria_agallocha,d524cbc92d9f119057fcc6b67d17c2a70b2371a323c43f8796f75f14f4a647ad,image:dcf3adfd8046f32c96fba7c6a3415f0611a8b97f8698221d9cae04ed316f4e78,train,dataset/train/Excoecaria_agallocha/d524cbc92d9f119057fcc6b67d17c2a70b2371a323c43f8796f75f14f4a647ad.jpg,image:d524cbc92d9f119057fcc6b67d17c2a70b2371a323c43f8796f75f14f4a647ad,related_source_already_in_higher_priority_holdout
Avicennia_officinalis/bark/IMG_20260922_132217_Burst10.jpg,5,Avicennia_officinalis,d6aeb1f155fc83631220bd1394eadfdc814d366f7d2b9d6fba1e82533e80ff39,image:d6aeb1f155fc83631220bd1394eadfdc814d366f7d2b9d6fba1e82533e80ff39,train,dataset/train/Avicennia_officinalis/d6aeb1f155fc83631220bd1394eadfdc814d366f7d2b9d6fba1e82533e80ff39.jpg,image:d6aeb1f155fc83631220bd1394eadfdc814d366f7d2b9d6fba1e82533e80ff39,related_source_already_in_higher_priority_holdout
Rhizophora_stylosa/Leaves/IMG_20260922_095612_Burst07.jpg,22,Rhizophora_stylosa,d813fbab5fe77255ba18708baf0f6484e82f6b460349a6f93da251b5d8fd5022,image:e37fa073ebee69f1125cd8a2fb28e8e56c993ddd2e8dd6487ab7478b64ba174d,train,dataset/train/Rhizophora_stylosa/d813fbab5fe77255ba18708baf0f6484e82f6b460349a6f93da251b5d8fd5022.jpg,image:d813fbab5fe77255ba18708baf0f6484e82f6b460349a6f93da251b5d8fd5022,related_source_already_in_higher_priority_holdout
Osbornia_octodonta/bark/IMG_20260922_132511_Burst04.jpg,18,Osbornia_octodonta,d8f575eb93da58d177e4a8ddefe60ed3f89193176760c036b835910b4c4cba8c,image:d8f575eb93da58d177e4a8ddefe60ed3f89193176760c036b835910b4c4cba8c,train,dataset/train/Osbornia_octodonta/d8f575eb93da58d177e4a8ddefe60ed3f89193176760c036b835910b4c4cba8c.jpg,image:d8f575eb93da58d177e4a8ddefe60ed3f89193176760c036b835910b4c4cba8c,related_source_already_in_higher_priority_holdout
Avicennia_officinalis/Roots/IMG_20260922_132135_Burst03.jpg,5,Avicennia_officinalis,d9005fb7e2d90eb65e7db961fd12258b653796917b9ac69fb003097b0275fa64,image:ffe4522a45a54e43e7f086f5829881b97e375aef68d0470c447b250a7a0ce01b,val,dataset/val/Avicennia_officinalis/d9005fb7e2d90eb65e7db961fd12258b653796917b9ac69fb003097b0275fa64.jpg,image:d9005fb7e2d90eb65e7db961fd12258b653796917b9ac69fb003097b0275fa64,related_source_already_in_higher_priority_holdout
Avicennia_officinalis/Leaves/IMG_20260922_132230_Burst03.jpg,5,Avicennia_officinalis,dc85f8e4d41e48d3b69be9564dfa713147d5864f19a594fe3f3fac750b375254,image:e414d37a5602059adc66f19cef7c45c3ec74e2c83f66123c73af0df47619ed69,train,dataset/train/Avicennia_officinalis/dc85f8e4d41e48d3b69be9564dfa713147d5864f19a594fe3f3fac750b375254.jpg,image:dc85f8e4d41e48d3b69be9564dfa713147d5864f19a594fe3f3fac750b375254,related_source_already_in_higher_priority_holdout
Excoecaria_agallocha/leaves/IMG_20260922_131950_Burst07.jpg,13,Excoecaria_agallocha,dcf3adfd8046f32c96fba7c6a3415f0611a8b97f8698221d9cae04ed316f4e78,image:dcf3adfd8046f32c96fba7c6a3415f0611a8b97f8698221d9cae04ed316f4e78,train,dataset/train/Excoecaria_agallocha/dcf3adfd8046f32c96fba7c6a3415f0611a8b97f8698221d9cae04ed316f4e78.jpg,image:dcf3adfd8046f32c96fba7c6a3415f0611a8b97f8698221d9cae04ed316f4e78,related_source_already_in_higher_priority_holdout
Ceriops_zippeliana/Leaves/IMG_20260922_133433_Burst03.jpg,12,Ceriops_zippeliana,dd80e0d4ad7836043b349e8037fafbbe342952da8c5df532e131044c3428abff,image:dd80e0d4ad7836043b349e8037fafbbe342952da8c5df532e131044c3428abff,train,dataset/train/Ceriops_zippeliana/dd80e0d4ad7836043b349e8037fafbbe342952da8c5df532e131044c3428abff.jpg,image:dd80e0d4ad7836043b349e8037fafbbe342952da8c5df532e131044c3428abff,related_source_already_in_higher_priority_holdout
Osbornia_octodonta/Leaves/IMG_20260922_132438_Burst10.jpg,18,Osbornia_octodonta,ddcbf79ebf8e048fa40704b4eb3621bfa41d157f78d2000d6b9253b13689dbf2,image:fc9ff3b362ed183230cc3ef66cf2c230e185e75ff9755ba806350207e424351f,train,dataset/train/Osbornia_octodonta/ddcbf79ebf8e048fa40704b4eb3621bfa41d157f78d2000d6b9253b13689dbf2.jpg,image:ddcbf79ebf8e048fa40704b4eb3621bfa41d157f78d2000d6b9253b13689dbf2,related_source_already_in_higher_priority_holdout
Camptostemon_philippinensis/Roots/IMG_20260922_132711_Burst07.jpg,10,Camptostemon_philippinensis,de85a8ffc325f3af57c6976b73150c03752fa3e1d080889150c091db2f71a200,image:fc66a821e100e58b4f8db175663e43bf312891e9918087baba8ccd3daaa4f219,train,dataset/train/Camptostemon_philippinensis/de85a8ffc325f3af57c6976b73150c03752fa3e1d080889150c091db2f71a200.jpg,image:de85a8ffc325f3af57c6976b73150c03752fa3e1d080889150c091db2f71a200,related_source_already_in_higher_priority_holdout
Rhizophora_stylosa/Roots/IMG_20260922_095705_Burst05.jpg,22,Rhizophora_stylosa,e0a3d27d161da050982d44d3531609bf329e067fe689c229f41cf537007e56f0,image:e0a3d27d161da050982d44d3531609bf329e067fe689c229f41cf537007e56f0,train,dataset/train/Rhizophora_stylosa/e0a3d27d161da050982d44d3531609bf329e067fe689c229f41cf537007e56f0.jpg,image:e0a3d27d161da050982d44d3531609bf329e067fe689c229f41cf537007e56f0,related_source_already_in_higher_priority_holdout
Avicennia_officinalis/Leaves/IMG_20260922_132230_Burst02.jpg,5,Avicennia_officinalis,e2d6a6b6f124559eae8bf8960ece1d4c8ec59120a2f3559f36a43123939a1250,image:e414d37a5602059adc66f19cef7c45c3ec74e2c83f66123c73af0df47619ed69,train,dataset/train/Avicennia_officinalis/e2d6a6b6f124559eae8bf8960ece1d4c8ec59120a2f3559f36a43123939a1250.jpg,image:e2d6a6b6f124559eae8bf8960ece1d4c8ec59120a2f3559f36a43123939a1250,related_source_already_in_higher_priority_holdout
Ceriops_zippeliana/Leaves/.trashed-1792647497-IMG_20260922_133503_Burst07.jpg,12,Ceriops_zippeliana,e2e421e9fd7ce33f40fbc9bb4afb4c2bea1a29816ae0eae48846ecb7ddc03e1a,image:e2e421e9fd7ce33f40fbc9bb4afb4c2bea1a29816ae0eae48846ecb7ddc03e1a,train,dataset/train/Ceriops_zippeliana/e2e421e9fd7ce33f40fbc9bb4afb4c2bea1a29816ae0eae48846ecb7ddc03e1a.jpg,image:e2e421e9fd7ce33f40fbc9bb4afb4c2bea1a29816ae0eae48846ecb7ddc03e1a,related_source_already_in_higher_priority_holdout
Rhizophora_stylosa/Leaves/IMG_20260922_095612_Burst03.jpg,22,Rhizophora_stylosa,e37fa073ebee69f1125cd8a2fb28e8e56c993ddd2e8dd6487ab7478b64ba174d,image:e37fa073ebee69f1125cd8a2fb28e8e56c993ddd2e8dd6487ab7478b64ba174d,train,dataset/train/Rhizophora_stylosa/e37fa073ebee69f1125cd8a2fb28e8e56c993ddd2e8dd6487ab7478b64ba174d.jpg,image:e37fa073ebee69f1125cd8a2fb28e8e56c993ddd2e8dd6487ab7478b64ba174d,related_source_already_in_higher_priority_holdout
Avicennia_officinalis/Leaves/IMG_20260922_132230_Burst09.jpg,5,Avicennia_officinalis,e414d37a5602059adc66f19cef7c45c3ec74e2c83f66123c73af0df47619ed69,image:e414d37a5602059adc66f19cef7c45c3ec74e2c83f66123c73af0df47619ed69,train,dataset/train/Avicennia_officinalis/e414d37a5602059adc66f19cef7c45c3ec74e2c83f66123c73af0df47619ed69.jpg,image:e414d37a5602059adc66f19cef7c45c3ec74e2c83f66123c73af0df47619ed69,related_source_already_in_higher_priority_holdout
Sonneratia_alba/Bark/IMG_20260922_093645_Burst04.jpg,24,Sonneratia_alba,ea9ba3367c1165b4af9dd640ed2825b4db3438732dc5396a625b7dafabce0e4b,image:ea9ba3367c1165b4af9dd640ed2825b4db3438732dc5396a625b7dafabce0e4b,val,dataset/val/Sonneratia_alba/ea9ba3367c1165b4af9dd640ed2825b4db3438732dc5396a625b7dafabce0e4b.jpg,image:ea9ba3367c1165b4af9dd640ed2825b4db3438732dc5396a625b7dafabce0e4b,related_source_already_in_higher_priority_holdout
Ceriops_zippeliana/Leaves/IMG_20260922_133915_Burst09.jpg,12,Ceriops_zippeliana,ebfb8f8cd1544dc7af9519da4bcacc0840424a0af407c5d3508efe7ad5986f8f,image:ebfb8f8cd1544dc7af9519da4bcacc0840424a0af407c5d3508efe7ad5986f8f,train,dataset/train/Ceriops_zippeliana/ebfb8f8cd1544dc7af9519da4bcacc0840424a0af407c5d3508efe7ad5986f8f.jpg,image:ebfb8f8cd1544dc7af9519da4bcacc0840424a0af407c5d3508efe7ad5986f8f,related_source_already_in_higher_priority_holdout
Rhizophora_stylosa/Bark/IMG_20260922_095351_Burst09.jpg,22,Rhizophora_stylosa,ecb2959079b85e9913380f34aa412b32003690fb81a082281626813b9067c33a,image:f06f7e69b856692058bd0a9f6143290b2e9a88da7a9ddf444df89c75e29124b3,train,dataset/train/Rhizophora_stylosa/ecb2959079b85e9913380f34aa412b32003690fb81a082281626813b9067c33a.jpg,image:ecb2959079b85e9913380f34aa412b32003690fb81a082281626813b9067c33a,related_source_already_in_higher_priority_holdout
Osbornia_octodonta/Leaves/.trashed-1792646624-IMG_20260922_101340_Burst09.jpg,18,Osbornia_octodonta,ee7d179ff7949374408415f49a2f00290e0c04d3d9398aae07b1b9265e467a2f,image:ee7d179ff7949374408415f49a2f00290e0c04d3d9398aae07b1b9265e467a2f,train,dataset/train/Osbornia_octodonta/ee7d179ff7949374408415f49a2f00290e0c04d3d9398aae07b1b9265e467a2f.jpg,image:ee7d179ff7949374408415f49a2f00290e0c04d3d9398aae07b1b9265e467a2f,related_source_already_in_higher_priority_holdout
Camptostemon_philippinensis/Leaves/IMG_20260922_133628_Burst10.jpg,10,Camptostemon_philippinensis,eefb7e5e80635ef145adcc19bf877a20a7b3275ec03c07a03867b3ffe1cccf68,image:fc4480f1f24181bd89c4b2375735fb4331c37bb2e6a52ff14c42d9babd571657,train,dataset/train/Camptostemon_philippinensis/eefb7e5e80635ef145adcc19bf877a20a7b3275ec03c07a03867b3ffe1cccf68.jpg,image:eefb7e5e80635ef145adcc19bf877a20a7b3275ec03c07a03867b3ffe1cccf68,related_source_already_in_higher_priority_holdout
Rhizophora_stylosa/Leaves/.trashed-1792659495-IMG_20260922_095448_Burst08.jpg,22,Rhizophora_stylosa,f0649f096f1a2bee64b00c540bfd096dca418cfca9adcb48c56e41ad02aa5b24,image:ff2b0e234adada7e913c2b198a1cd013d0ccc4f2ae7050cccf09aa69ae3cf9a6,val,dataset/val/Rhizophora_stylosa/f0649f096f1a2bee64b00c540bfd096dca418cfca9adcb48c56e41ad02aa5b24.jpg,image:f0649f096f1a2bee64b00c540bfd096dca418cfca9adcb48c56e41ad02aa5b24,related_source_already_in_higher_priority_holdout
Rhizophora_stylosa/Bark/IMG_20260922_095351_Burst05.jpg,22,Rhizophora_stylosa,f06f7e69b856692058bd0a9f6143290b2e9a88da7a9ddf444df89c75e29124b3,image:f06f7e69b856692058bd0a9f6143290b2e9a88da7a9ddf444df89c75e29124b3,train,dataset/train/Rhizophora_stylosa/f06f7e69b856692058bd0a9f6143290b2e9a88da7a9ddf444df89c75e29124b3.jpg,image:f06f7e69b856692058bd0a9f6143290b2e9a88da7a9ddf444df89c75e29124b3,related_source_already_in_higher_priority_holdout
Rhizophora_stylosa/Leaves/IMG_20260922_095525_Burst08.jpg,22,Rhizophora_stylosa,f8d71c8c9629184b8cb8bef8f0a60da25e703cde1e62b26df330bfc0d3522465,image:f8d71c8c9629184b8cb8bef8f0a60da25e703cde1e62b26df330bfc0d3522465,train,dataset/train/Rhizophora_stylosa/f8d71c8c9629184b8cb8bef8f0a60da25e703cde1e62b26df330bfc0d3522465.jpg,image:f8d71c8c9629184b8cb8bef8f0a60da25e703cde1e62b26df330bfc0d3522465,related_source_already_in_higher_priority_holdout
Camptostemon_philippinensis/Leaves/IMG_20260922_133628_Burst04.jpg,10,Camptostemon_philippinensis,fc4480f1f24181bd89c4b2375735fb4331c37bb2e6a52ff14c42d9babd571657,image:fc4480f1f24181bd89c4b2375735fb4331c37bb2e6a52ff14c42d9babd571657,train,dataset/train/Camptostemon_philippinensis/fc4480f1f24181bd89c4b2375735fb4331c37bb2e6a52ff14c42d9babd571657.jpg,image:fc4480f1f24181bd89c4b2375735fb4331c37bb2e6a52ff14c42d9babd571657,related_source_already_in_higher_priority_holdout
Camptostemon_philippinensis/Roots/IMG_20260922_132711_Burst06.jpg,10,Camptostemon_philippinensis,fc66a821e100e58b4f8db175663e43bf312891e9918087baba8ccd3daaa4f219,image:fc66a821e100e58b4f8db175663e43bf312891e9918087baba8ccd3daaa4f219,val,dataset/val/Camptostemon_philippinensis/fc66a821e100e58b4f8db175663e43bf312891e9918087baba8ccd3daaa4f219.jpg,image:fc66a821e100e58b4f8db175663e43bf312891e9918087baba8ccd3daaa4f219,related_source_already_in_higher_priority_holdout
Osbornia_octodonta/Leaves/IMG_20260922_132438_Burst05.jpg,18,Osbornia_octodonta,fc9ff3b362ed183230cc3ef66cf2c230e185e75ff9755ba806350207e424351f,image:fc9ff3b362ed183230cc3ef66cf2c230e185e75ff9755ba806350207e424351f,train,dataset/train/Osbornia_octodonta/fc9ff3b362ed183230cc3ef66cf2c230e185e75ff9755ba806350207e424351f.jpg,image:fc9ff3b362ed183230cc3ef66cf2c230e185e75ff9755ba806350207e424351f,related_source_already_in_higher_priority_holdout
Rhizophora_stylosa/Leaves/.trashed-1792659495-IMG_20260922_095448_Burst07.jpg,22,Rhizophora_stylosa,ff2b0e234adada7e913c2b198a1cd013d0ccc4f2ae7050cccf09aa69ae3cf9a6,image:ff2b0e234adada7e913c2b198a1cd013d0ccc4f2ae7050cccf09aa69ae3cf9a6,train,dataset/train/Rhizophora_stylosa/ff2b0e234adada7e913c2b198a1cd013d0ccc4f2ae7050cccf09aa69ae3cf9a6.jpg,image:ff2b0e234adada7e913c2b198a1cd013d0ccc4f2ae7050cccf09aa69ae3cf9a6,related_source_already_in_higher_priority_holdout
Avicennia_officinalis/Roots/IMG_20260922_132135_Burst01.jpg,5,Avicennia_officinalis,ffe4522a45a54e43e7f086f5829881b97e375aef68d0470c447b250a7a0ce01b,image:ffe4522a45a54e43e7f086f5829881b97e375aef68d0470c447b250a7a0ce01b,train,dataset/train/Avicennia_officinalis/ffe4522a45a54e43e7f086f5829881b97e375aef68d0470c447b250a7a0ce01b.jpg,image:ffe4522a45a54e43e7f086f5829881b97e375aef68d0470c447b250a7a0ce01b,related_source_already_in_higher_priority_holdout
