source,saved_path,class_name,sha256_rgb,group,width,height,contrast,gradient,perceptual_hash,flags
Bruguiera_gymnorrhiza/Flowers/Bruguiera - 2026-07-16T153236.669.jpeg,dataset/train/Bruguiera_gymnorrhiza/02597958904b877d1bf89bc196f4a2155b58e6f71c5267a76eca842d7043a330.jpg,Bruguiera_gymnorrhiza,02597958904b877d1bf89bc196f4a2155b58e6f71c5267a76eca842d7043a330,image:02597958904b877d1bf89bc196f4a2155b58e6f71c5267a76eca842d7043a330,500,375,20.220852042450954,2.508150836614173,000020c0c0000000,low_detail_review
unknown/unclassified/coconut/derived/unknown_commons_coconut_12677_643818b8e5_blur1.jpg,dataset/train/unknown/0318d22503c18ddd1cd971582d3e4de0541d0419e97fd3f069ede72aafdb155b.jpg,unknown,0318d22503c18ddd1cd971582d3e4de0541d0419e97fd3f069ede72aafdb155b,commons:12677,960,720,55.93131652222211,2.848948080708661,7c7c7c6c7cf0f4fc,low_detail_review
Rhizophora_apiculata/bark/mangroves-rhizophora-apiculata-stilt-prob-260nw-576649462.webp,dataset/train/Rhizophora_apiculata/03b8dff85b6016546704cd71b6628a0a6853be3f37fa751facb37d6caff73b8b.jpg,Rhizophora_apiculata,03b8dff85b6016546704cd71b6628a0a6853be3f37fa751facb37d6caff73b8b,image:03b8dff85b6016546704cd71b6628a0a6853be3f37fa751facb37d6caff73b8b,173,280,65.11728919715812,24.561300442913385,d0b2b232aa632351,small_image
Ceriops_tagal/flowers/Ceriops - 2026-07-16T160644.075.jpeg,dataset/train/Ceriops_tagal/03f21bb5956765584eea830b629f3eaf9098943b86f52a4f998dd27f3154d4df.jpg,Ceriops_tagal,03f21bb5956765584eea830b629f3eaf9098943b86f52a4f998dd27f3154d4df,image:03f21bb5956765584eea830b629f3eaf9098943b86f52a4f998dd27f3154d4df,225,500,52.45061276677108,12.926150344488189,dc99d9c81809c2c6,wide_or_tall_center_crop_risk
Bruguiera_gymnorrhiza/Flowers/Bruguiera - 2026-07-16T153255.641.jpeg,dataset/train/Bruguiera_gymnorrhiza/049f73c9ce33a4913c7ac263eddcd2ba33364cb56f52adf0e62003d715f58e03.jpg,Bruguiera_gymnorrhiza,049f73c9ce33a4913c7ac263eddcd2ba33364cb56f52adf0e62003d715f58e03,image:049f73c9ce33a4913c7ac263eddcd2ba33364cb56f52adf0e62003d715f58e03,240,180,51.0285714749431,10.687623031496063,da6ee7e7cae9c8c8,small_image
Heritiera_littoralis/Roots/gbif_4009806191_1_fae1d0b62b.jpg,dataset/train/Heritiera_littoralis/07fa2eff15a63eb09ed37fd63744e2f4741411dff5ba782daa15b98cad6ee4ed.jpg,Heritiera_littoralis,07fa2eff15a63eb09ed37fd63744e2f4741411dff5ba782daa15b98cad6ee4ed,gbif:4009806191,1024,469,42.139875181439905,14.412463090551181,15313171f4d64627,wide_or_tall_center_crop_risk
Acanthus_ilicifolius/Flowers/gbif_4607450142_0_cae1701ee9.jpg,dataset/train/Acanthus_ilicifolius/0d107b9c7b23e023521775c0c23e2fd0531158f64099a14be75fc8433d3b75ce.jpg,Acanthus_ilicifolius,0d107b9c7b23e023521775c0c23e2fd0531158f64099a14be75fc8433d3b75ce,gbif:4607450142,473,1024,32.314214498550136,15.41015625,9eaf7ff6d18a2d45,wide_or_tall_center_crop_risk
Avicennia_officinalis/Leaves/gbif_5167870417_1_3e2e878651.jpg,dataset/train/Avicennia_officinalis/0dd1164d642091a9729814d1159f0676eecb640f148020686ed7559f0d09c0ee.jpg,Avicennia_officinalis,0dd1164d642091a9729814d1159f0676eecb640f148020686ed7559f0d09c0ee,gbif:5167870417,473,1024,32.34742422473263,10.007412647637796,99c9793433f143d3,wide_or_tall_center_crop_risk
unknown/unclassified/boats/derived/unknown_commons_boats_106877752_2d4754bd73_dark12.jpg,dataset/train/unknown/0e4972d1bdc15b5207e1545e33c75b8953bfbad190981d9a36db2965b898e009.jpg,unknown,0e4972d1bdc15b5207e1545e33c75b8953bfbad190981d9a36db2965b898e009,commons:106877752,960,1443,7.55552606258166,1.0012918307086613,946060c088804040,low_contrast;low_detail_review
Avicennia_marina/canopy/Avicennia_marina - 2026-07-16T144444.716.jpeg,dataset/train/Avicennia_marina/0f2466987e7af37844814c655dd37d1ed6b529022a3e37a0c156cc39fb596071.jpg,Avicennia_marina,0f2466987e7af37844814c655dd37d1ed6b529022a3e37a0c156cc39fb596071,image:0f2466987e7af37844814c655dd37d1ed6b529022a3e37a0c156cc39fb596071,500,243,40.33265530359761,19.029373769685037,095ddcde2e8f0f0f,wide_or_tall_center_crop_risk
Rhizophora_mucronata/flowers/imgi_287_small - Copy - Copy.jpg,dataset/train/Rhizophora_mucronata/0fbad3691149354645eb102a48bd01489012b6016f7a8c98820688116dea7e1f.jpg,Rhizophora_mucronata,0fbad3691149354645eb102a48bd01489012b6016f7a8c98820688116dea7e1f,image:0fbad3691149354645eb102a48bd01489012b6016f7a8c98820688116dea7e1f,180,240,45.827903353546596,18.104146161417322,c4456c293bd2132b,small_image
Excoecaria_agallocha/leaves/imgi_45_medium.jpg,dataset/train/Excoecaria_agallocha/108bdae2d1aa4475aaf971ea4cfd3b49232af5bec85726c1ea05f0a45bbec501.jpg,Excoecaria_agallocha,108bdae2d1aa4475aaf971ea4cfd3b49232af5bec85726c1ea05f0a45bbec501,image:108bdae2d1aa4475aaf971ea4cfd3b49232af5bec85726c1ea05f0a45bbec501,231,500,36.549304356059004,17.410863681102363,9891e5b172588619,wide_or_tall_center_crop_risk
Heritiera_littoralis/Leaves/imgi_101_medium.jpg,dataset/train/Heritiera_littoralis/14a0035993c7c0ccfecf256d018c555b33804cbf4df9df3d8267db6936890681.jpg,Heritiera_littoralis,14a0035993c7c0ccfecf256d018c555b33804cbf4df9df3d8267db6936890681,image:14a0035993c7c0ccfecf256d018c555b33804cbf4df9df3d8267db6936890681,500,231,53.553153565585,14.445620078740157,696424b69a93944c,wide_or_tall_center_crop_risk
Bruguiera_cylindrica/Flowers/gbif_5938604714_1_c031669930.jpg,dataset/train/Bruguiera_cylindrica/153724c3d10ff21f968263f864a344a455233af0cd0be78d9dada38814c44d4f.jpg,Bruguiera_cylindrica,153724c3d10ff21f968263f864a344a455233af0cd0be78d9dada38814c44d4f,gbif:5938604714,921,2048,57.212656393539575,11.81502214566929,131b9ee1e016bf1d,wide_or_tall_center_crop_risk
Avicennia_marina/canopy/Avicennia_marina - 2026-07-16T144445.534.jpeg,dataset/train/Avicennia_marina/16a28ddd46e21c2243f34d014ba8cae8aa49e9bd0cc66c0eb368dff2573f5c36.jpg,Avicennia_marina,16a28ddd46e21c2243f34d014ba8cae8aa49e9bd0cc66c0eb368dff2573f5c36,image:16a28ddd46e21c2243f34d014ba8cae8aa49e9bd0cc66c0eb368dff2573f5c36,500,199,75.83346528662521,10.735513041338582,d0f3230d3363e189,small_image;wide_or_tall_center_crop_risk
Acanthus_ebracteatus/Flowers/imgi_55_medium.jpg,dataset/train/Acanthus_ebracteatus/1bd8ce1c749aac94161f206c00fdb8f1e1f7df7ca68662c3aa902fd661f81d13.jpg,Acanthus_ebracteatus,1bd8ce1c749aac94161f206c00fdb8f1e1f7df7ca68662c3aa902fd661f81d13,image:1bd8ce1c749aac94161f206c00fdb8f1e1f7df7ca68662c3aa902fd661f81d13,234,500,37.951669891591756,14.020853838582678,c72e0e5894682a28,wide_or_tall_center_crop_risk
Acanthus_ebracteatus/Leaves/imgi_116_medium.jpg,dataset/train/Acanthus_ebracteatus/1e1f191de133b019db0e34f09008e878c0911ca8ed57f51d812c037b7654263c.jpg,Acanthus_ebracteatus,1e1f191de133b019db0e34f09008e878c0911ca8ed57f51d812c037b7654263c,image:1e1f191de133b019db0e34f09008e878c0911ca8ed57f51d812c037b7654263c,225,500,49.90217198157562,18.400282972440944,61c4168eae7a5381,wide_or_tall_center_crop_risk
Avicennia_officinalis/Leaves/imgi_90_medium.jpg,dataset/train/Avicennia_officinalis/242d64f8aad0150e9b63c12c7e85dd03670fb152cf3f1001f797f7db72b38e23.jpg,Avicennia_officinalis,242d64f8aad0150e9b63c12c7e85dd03670fb152cf3f1001f797f7db72b38e23,image:242d64f8aad0150e9b63c12c7e85dd03670fb152cf3f1001f797f7db72b38e23,225,500,46.68436216047229,21.76294906496063,c486a3f4f6db7276,wide_or_tall_center_crop_risk
Avicennia_alba/Leaves/imgi_87_medium.jpg,dataset/train/Avicennia_alba/2b68acb17512ffbae2857b307a0abe4a94ee4b962bbcac481abc07cce0b2db99.jpg,Avicennia_alba,2b68acb17512ffbae2857b307a0abe4a94ee4b962bbcac481abc07cce0b2db99,image:2b68acb17512ffbae2857b307a0abe4a94ee4b962bbcac481abc07cce0b2db99,225,500,45.82077401230402,22.379767470472444,dc9c6c955b3abeb4,wide_or_tall_center_crop_risk
Rhizophora_mucronata/canopy/imgi_306_small.jpg,dataset/train/Rhizophora_mucronata/2dbefcef63f27394910dabddac959dc53c83c0f554188c21e245bcd86f44d672.jpg,Rhizophora_mucronata,2dbefcef63f27394910dabddac959dc53c83c0f554188c21e245bcd86f44d672,image:2dbefcef63f27394910dabddac959dc53c83c0f554188c21e245bcd86f44d672,240,180,56.17692167401609,19.943220964566926,7f67d3e9cecfee78,small_image
Excoecaria_agallocha/flowers/Rhizophora sstylosa - 2026-07-19T222507.456.jpeg,dataset/train/Excoecaria_agallocha/2f0ddf7e5c06b98d6d2ee3d91ed9469a8d8950b6592ab3be229d12b23abfbffa.jpg,Excoecaria_agallocha,2f0ddf7e5c06b98d6d2ee3d91ed9469a8d8950b6592ab3be229d12b23abfbffa,image:2f0ddf7e5c06b98d6d2ee3d91ed9469a8d8950b6592ab3be229d12b23abfbffa,240,177,48.98512233543533,11.60857529527559,b5f9e4e5f352565e,small_image
Sonneratia_alba/Flowers/sonneratia alba - 2026-07-20T131559.561.jpeg,dataset/train/Sonneratia_alba/303c9bb4d491685eaa5c6313a722fc0a674cb804813b1e2a29edda3ae2420f5d.jpg,Sonneratia_alba,303c9bb4d491685eaa5c6313a722fc0a674cb804813b1e2a29edda3ae2420f5d,image:303c9bb4d491685eaa5c6313a722fc0a674cb804813b1e2a29edda3ae2420f5d,240,180,41.712168631923234,10.27820497047244,f363d293ab848cb5,small_image
Heritiera_littoralis/Flowers/gbif_4011587694_0_a9304f16bb.jpg,dataset/train/Heritiera_littoralis/322846c85e82eeb278e3d22807eddb143a4774e92eb00bccdb08cdbfa91f24f3.jpg,Heritiera_littoralis,322846c85e82eeb278e3d22807eddb143a4774e92eb00bccdb08cdbfa91f24f3,gbif:4011587694,469,1024,45.31632017437856,18.994525098425196,5f93631b8fc82c99,wide_or_tall_center_crop_risk
unknown/unclassified/rocks/unknown_commons_rocks_17936581_3dc813c3c1.jpg,dataset/train/unknown/32bc563d91ce2020f43e299374a55ecead9f782383c835ca43c9c17363bece8c.jpg,unknown,32bc563d91ce2020f43e299374a55ecead9f782383c835ca43c9c17363bece8c,commons:17936581,960,540,6.627104100914393,0.6823941929133859,425060e0d8d890f0,low_contrast;low_detail_review
Rhizophora_apiculata/bark/images (1).jpg,dataset/train/Rhizophora_apiculata/332150e3a92b230cbd7b521f9aca1e002a883f4fa0b7c31408392023d8746c8f.jpg,Rhizophora_apiculata,332150e3a92b230cbd7b521f9aca1e002a883f4fa0b7c31408392023d8746c8f,image:332150e3a92b230cbd7b521f9aca1e002a883f4fa0b7c31408392023d8746c8f,216,216,61.88224347248093,17.850024606299215,87070f0f8f1f046c,small_image
Avicennia_marina/Flowers/imgi_130_medium.jpg,dataset/train/Avicennia_marina/36f9583b153950b4fa2368cbded49fa2218ed447a316e192b6edfa446964fb8b.jpg,Avicennia_marina,36f9583b153950b4fa2368cbded49fa2218ed447a316e192b6edfa446964fb8b,image:36f9583b153950b4fa2368cbded49fa2218ed447a316e192b6edfa446964fb8b,225,500,49.071750059845115,12.537001722440944,9018082b656230b2,wide_or_tall_center_crop_risk
Excoecaria_agallocha/leaves/Rhizophora sstylosa - 2026-07-19T222503.615.jpeg,dataset/train/Excoecaria_agallocha/3799a33de60917e8a6ab8e0646aef0cfdba20563f5dfe161c9b8b48429192a7d.jpg,Excoecaria_agallocha,3799a33de60917e8a6ab8e0646aef0cfdba20563f5dfe161c9b8b48429192a7d,image:3799a33de60917e8a6ab8e0646aef0cfdba20563f5dfe161c9b8b48429192a7d,240,180,56.69154594139752,18.198234498031496,7858188eb232c226,small_image
Excoecaria_agallocha/flowers/Rhizophora sstylosa - 2026-07-19T222423.888.jpeg,dataset/train/Excoecaria_agallocha/391c08057fb8c3f528f5ef21ba07ceb1116fbbd102258abcd1213cd48b2c06c9.jpg,Excoecaria_agallocha,391c08057fb8c3f528f5ef21ba07ceb1116fbbd102258abcd1213cd48b2c06c9,image:391c08057fb8c3f528f5ef21ba07ceb1116fbbd102258abcd1213cd48b2c06c9,500,333,44.88657170211791,2.645115649606299,12193930b2333737,low_detail_review
Avicennia_officinalis/Flowers/imgi_130_medium.jpg,dataset/train/Avicennia_officinalis/3aae304aefe8149cca316f2f2e57181a5f19ef635b43ab0ca68c3fb020b9ad44.jpg,Avicennia_officinalis,3aae304aefe8149cca316f2f2e57181a5f19ef635b43ab0ca68c3fb020b9ad44,image:3aae304aefe8149cca316f2f2e57181a5f19ef635b43ab0ca68c3fb020b9ad44,225,500,23.482095820902966,7.214351624015748,b81283d04c86f1da,wide_or_tall_center_crop_risk
Bruguiera_cylindrica/Leaves/gbif_5938604714_4_ca4b11e876.jpg,dataset/train/Bruguiera_cylindrica/3e284751793ee1e3ab24f8286f7cd245956390c9754b0070b6b09054b4d2f0f0.jpg,Bruguiera_cylindrica,3e284751793ee1e3ab24f8286f7cd245956390c9754b0070b6b09054b4d2f0f0,gbif:5938604714,461,1024,52.38713660033351,18.713428887795274,9bbe4c6e333c69e8,wide_or_tall_center_crop_risk
Avicennia_rumphiana/leaves/imgi_68_medium.jpg,dataset/train/Avicennia_rumphiana/42e22365b5490bc9d4b6186cb6d91e7dd36df9bcacbd448b9999b899dfd18b2d.jpg,Avicennia_rumphiana,42e22365b5490bc9d4b6186cb6d91e7dd36df9bcacbd448b9999b899dfd18b2d,image:42e22365b5490bc9d4b6186cb6d91e7dd36df9bcacbd448b9999b899dfd18b2d,231,500,47.255989036650206,20.299427903543307,3831d19509c3c319,wide_or_tall_center_crop_risk
Rhizophora_mucronata/canopy/imgi_153_medium - Copy.jpg,dataset/train/Rhizophora_mucronata/438a6911421b1eae2754dbb07560a921d4231a360029f3e656fe6c21250bd8ca.jpg,Rhizophora_mucronata,438a6911421b1eae2754dbb07560a921d4231a360029f3e656fe6c21250bd8ca,image:438a6911421b1eae2754dbb07560a921d4231a360029f3e656fe6c21250bd8ca,225,500,46.324013685804644,24.93996062992126,c6e7329f2b2b4b49,wide_or_tall_center_crop_risk
Rhizophora_mucronata/canopy/imgi_152_medium.jpg,dataset/train/Rhizophora_mucronata/45621b6741325a21c01ad26b02e6b62a4a3efdcda40456faf3365c0eb7c28a52.jpg,Rhizophora_mucronata,45621b6741325a21c01ad26b02e6b62a4a3efdcda40456faf3365c0eb7c28a52,image:45621b6741325a21c01ad26b02e6b62a4a3efdcda40456faf3365c0eb7c28a52,225,500,42.42874455181194,10.247939222440944,00c526129c06c54b,wide_or_tall_center_crop_risk
Avicennia_officinalis/Flowers/imgi_43_medium.jpg,dataset/train/Avicennia_officinalis/45ac921041eae36cb72410717517c1e35edbc1017d4a7dc00672e63632462ff6.jpg,Avicennia_officinalis,45ac921041eae36cb72410717517c1e35edbc1017d4a7dc00672e63632462ff6,image:45ac921041eae36cb72410717517c1e35edbc1017d4a7dc00672e63632462ff6,500,226,53.00437389386485,18.712290846456693,90342c2c6cacf9f2,wide_or_tall_center_crop_risk
Excoecaria_agallocha/flowers/Rhizophora sstylosa - 2026-07-19T222504.446.jpeg,dataset/train/Excoecaria_agallocha/484db40197c465ff28198335deac052e9cdfaf336249308eb2b305605fbb70be.jpg,Excoecaria_agallocha,484db40197c465ff28198335deac052e9cdfaf336249308eb2b305605fbb70be,image:484db40197c465ff28198335deac052e9cdfaf336249308eb2b305605fbb70be,240,180,42.25274668584768,14.8001968503937,7870c8ecf4e8d434,small_image
Bruguiera_gymnorrhiza/Flowers/Bruguiera - 2026-07-16T153255.139.jpeg,dataset/train/Bruguiera_gymnorrhiza/493604ae2d6a833c0d4c1e053ebfce8256598f621fbf9defe2a3ad29838358df.jpg,Bruguiera_gymnorrhiza,493604ae2d6a833c0d4c1e053ebfce8256598f621fbf9defe2a3ad29838358df,image:493604ae2d6a833c0d4c1e053ebfce8256598f621fbf9defe2a3ad29838358df,180,240,48.17379310025888,17.884288877952756,4663333b73d79377,small_image
Bruguiera_sexangula/Flowers/imgi_16_medium.jpg,dataset/train/Bruguiera_sexangula/4a26b17ec23d1dec294809e3868683bb466c90f0ca4ced772a1541c6c3395966.jpg,Bruguiera_sexangula,4a26b17ec23d1dec294809e3868683bb466c90f0ca4ced772a1541c6c3395966,image:4a26b17ec23d1dec294809e3868683bb466c90f0ca4ced772a1541c6c3395966,231,500,45.87699340041606,15.867525836614174,93d33621ac4b5a5b,wide_or_tall_center_crop_risk
Avicennia_officinalis/Leaves/imgi_93_medium.jpg,dataset/train/Avicennia_officinalis/4b4dcc9ad1c40790a6d99e24c0ed4a49bc4ff302649bdefd81447e339972a4cf.jpg,Avicennia_officinalis,4b4dcc9ad1c40790a6d99e24c0ed4a49bc4ff302649bdefd81447e339972a4cf,image:4b4dcc9ad1c40790a6d99e24c0ed4a49bc4ff302649bdefd81447e339972a4cf,225,500,48.911352991897814,17.675688976377952,1c314660d89ae92e,wide_or_tall_center_crop_risk
unknown/unclassified/water/unknown_commons_water_36959644_ca0fdd3bef.jpg,dataset/train/unknown/4d0370f31ad133a846582b5e17d7ffb2223230c8c979bcd32b27ba1682c7735c.jpg,unknown,4d0370f31ad133a846582b5e17d7ffb2223230c8c979bcd32b27ba1682c7735c,commons:36959644,960,285,54.307185572829596,5.55816313976378,f073d36e5e5373ff,wide_or_tall_center_crop_risk
Acanthus_ebracteatus/Flowers/gbif_6133278993_0_6b492e9df6.jpg,dataset/train/Acanthus_ebracteatus/4d1cf0b14c031f62f3f254c21bb4dd144584ce836bf1098d84854dfe9bca24f2.jpg,Acanthus_ebracteatus,4d1cf0b14c031f62f3f254c21bb4dd144584ce836bf1098d84854dfe9bca24f2,gbif:6133278993,922,2048,57.103458347364246,17.943897637795274,88199e31383979f2,wide_or_tall_center_crop_risk
Bruguiera_cylindrica/Flowers/gbif_5938604714_3_5c5dc5bda0.jpg,dataset/train/Bruguiera_cylindrica/522d11821ed7b6b06c6965a82d672c8b08383918ba58c65d433cd70abef66222.jpg,Bruguiera_cylindrica,522d11821ed7b6b06c6965a82d672c8b08383918ba58c65d433cd70abef66222,gbif:5938604714,461,1024,50.5576804764277,15.960199311023622,b4841e274d4cc312,wide_or_tall_center_crop_risk
Xylocarpus_granatum/Flowers/imgi_153_medium.jpg,dataset/train/Xylocarpus_granatum/52cfee3c9d6d41cc4147de5787d608242b84f31ff7244b940dda1923a48bab2b.jpg,Xylocarpus_granatum,52cfee3c9d6d41cc4147de5787d608242b84f31ff7244b940dda1923a48bab2b,image:52cfee3c9d6d41cc4147de5787d608242b84f31ff7244b940dda1923a48bab2b,225,500,46.15471520064207,20.910002460629922,fdf9b26236939975,wide_or_tall_center_crop_risk
Avicennia_marina/Flowers/Avicennia_marina - 2026-07-16T144446.862.jpeg,dataset/train/Avicennia_marina/54a0fa6b605a01f8a73f5970838fa22868b433894acd9faf011dfdc1367e3249.jpg,Avicennia_marina,54a0fa6b605a01f8a73f5970838fa22868b433894acd9faf011dfdc1367e3249,image:54a0fa6b605a01f8a73f5970838fa22868b433894acd9faf011dfdc1367e3249,240,216,44.945744013882305,10.582431102362204,283ce4c9071b333d,small_image
Avicennia_marina/canopy/Avicennia_marina - 2026-07-16T144445.315.jpeg,dataset/train/Avicennia_marina/569b8aa16a00ba204ef0202fc38cebf1002f75234ad8cf3527408edc1ed718fd.jpg,Avicennia_marina,569b8aa16a00ba204ef0202fc38cebf1002f75234ad8cf3527408edc1ed718fd,image:569b8aa16a00ba204ef0202fc38cebf1002f75234ad8cf3527408edc1ed718fd,500,224,67.89941936452793,12.495324803149606,1e3e3e0384c646c1,wide_or_tall_center_crop_risk
Acanthus_ilicifolius/Leaves/imgi_115_medium.jpg,dataset/train/Acanthus_ilicifolius/56c7cdebe0e502a5ac4b5afd65d1b453ab2e11cbe43e38c6d68f7cc2da843bc6.jpg,Acanthus_ilicifolius,56c7cdebe0e502a5ac4b5afd65d1b453ab2e11cbe43e38c6d68f7cc2da843bc6,image:56c7cdebe0e502a5ac4b5afd65d1b453ab2e11cbe43e38c6d68f7cc2da843bc6,231,500,49.65067334306766,27.52672859251968,74d3094fcecfe36b,wide_or_tall_center_crop_risk
Nypa_fruticans/Leaves/imgi_254_small.jpg,dataset/train/Nypa_fruticans/579846d04303fb8a3bacbe2702ad783ede9318568134145a9ecebce25673f717.jpg,Nypa_fruticans,579846d04303fb8a3bacbe2702ad783ede9318568134145a9ecebce25673f717,image:579846d04303fb8a3bacbe2702ad783ede9318568134145a9ecebce25673f717,240,160,63.68475284909714,10.579078494094489,e0e0e0e0f0e0e0e0,small_image
Nypa_fruticans/Leaves/imgi_53_medium.jpg,dataset/train/Nypa_fruticans/5a35c5ad78886323a784a3b4e6ba39e5509be9fea4f9852d27355a68e3e6b96c.jpg,Nypa_fruticans,5a35c5ad78886323a784a3b4e6ba39e5509be9fea4f9852d27355a68e3e6b96c,image:5a35c5ad78886323a784a3b4e6ba39e5509be9fea4f9852d27355a68e3e6b96c,500,225,47.27063185060168,20.40320497047244,f2ebbdbd59589cde,wide_or_tall_center_crop_risk
Avicennia_officinalis/Flowers/gbif_5110517887_0_1577b0f0b7.jpg,dataset/train/Avicennia_officinalis/5a6f496d244f14a80f6ccc813cfbffa6ab4a53412ca7e9f0846ddf39a03097d0.jpg,Avicennia_officinalis,5a6f496d244f14a80f6ccc813cfbffa6ab4a53412ca7e9f0846ddf39a03097d0,gbif:5110517887,920,1991,46.99016818165541,18.87115526574803,b5b3f21e5cc8d991,wide_or_tall_center_crop_risk
Avicennia_alba/Leaves/imgi_143_medium.jpg,dataset/train/Avicennia_alba/5ac67b11398e65a980dcf42e6db942549225feb3d922ac6139f6e9065e1aa1e7.jpg,Avicennia_alba,5ac67b11398e65a980dcf42e6db942549225feb3d922ac6139f6e9065e1aa1e7,image:5ac67b11398e65a980dcf42e6db942549225feb3d922ac6139f6e9065e1aa1e7,225,500,51.256060607662526,27.71998031496063,6368782e455ca69d,wide_or_tall_center_crop_risk
Ceriops_tagal/flowers/Ceriops - 2026-07-16T160646.041.jpeg,dataset/train/Ceriops_tagal/5c32c9c3b0e8945fabfd6d4a590ee4a96b058c9fd436afa086b3bf33e444f680.jpg,Ceriops_tagal,5c32c9c3b0e8945fabfd6d4a590ee4a96b058c9fd436afa086b3bf33e444f680,image:5c32c9c3b0e8945fabfd6d4a590ee4a96b058c9fd436afa086b3bf33e444f680,240,160,67.13306703608592,7.955462598425197,686060c1c1c3c6ee,small_image
Avicennia_officinalis/Flowers/imgi_45_medium.jpg,dataset/train/Avicennia_officinalis/5c36b26d2fdf41b7bfa9b5f915fdba7198abf1f394d2187e85b2e958bfab0977.jpg,Avicennia_officinalis,5c36b26d2fdf41b7bfa9b5f915fdba7198abf1f394d2187e85b2e958bfab0977,image:5c36b26d2fdf41b7bfa9b5f915fdba7198abf1f394d2187e85b2e958bfab0977,500,226,56.332016864005276,23.484282726377955,5c4282d6d9d9d972,wide_or_tall_center_crop_risk
Xylocarpus_granatum/Leaves/imgi_138_medium.jpg,dataset/train/Xylocarpus_granatum/5d09097da507e13a4b7a2edce24e6430fb597e729c9c490e25da7ff751cc24eb.jpg,Xylocarpus_granatum,5d09097da507e13a4b7a2edce24e6430fb597e729c9c490e25da7ff751cc24eb,image:5d09097da507e13a4b7a2edce24e6430fb597e729c9c490e25da7ff751cc24eb,237,500,48.168934047135025,22.720810777559056,b61a9d8426e29039,wide_or_tall_center_crop_risk
unknown/unclassified/unrelated_objects/unknown_commons_water_61296204_0e221ba1a9.jpg,dataset/train/unknown/5e94cf9191fb16a1a3472492dabd94b0c2bf12fc98ee939a462610a6ec3fbb2e.jpg,unknown,5e94cf9191fb16a1a3472492dabd94b0c2bf12fc98ee939a462610a6ec3fbb2e,commons:61296204,960,1924,57.84166910690991,6.668799212598426,0e0dcdc8ca4b1333,wide_or_tall_center_crop_risk
Bruguiera_cylindrica/Leaves/imgi_23_medium.jpg,dataset/train/Bruguiera_cylindrica/5f6313a8d80e0c0e5b3c394ea0060157c00db16ab9b21fc9607a02920d55c87c.jpg,Bruguiera_cylindrica,5f6313a8d80e0c0e5b3c394ea0060157c00db16ab9b21fc9607a02920d55c87c,image:5f6313a8d80e0c0e5b3c394ea0060157c00db16ab9b21fc9607a02920d55c87c,231,500,39.74284487856082,11.146499753937007,3606873021e6c48c,wide_or_tall_center_crop_risk
Lumnitzera_racemosa/Leaves/imgi_110_medium.jpg,dataset/train/Lumnitzera_racemosa/5febb0c5c3933787fbc8da73684d7595ba0ef7f75fbd89f5f9f8c5791d406b65.jpg,Lumnitzera_racemosa,5febb0c5c3933787fbc8da73684d7595ba0ef7f75fbd89f5f9f8c5791d406b65,image:5febb0c5c3933787fbc8da73684d7595ba0ef7f75fbd89f5f9f8c5791d406b65,500,225,44.060513053854685,21.30554872047244,8fcce9caccacac5c,wide_or_tall_center_crop_risk
Avicennia_marina/Flowers/Avicennia_marina - 2026-07-16T144448.483.jpeg,dataset/train/Avicennia_marina/6069d4aa27c75b2aecb57d31fc9e2aee15c36a7ef76f2d078fe3bf21b0afcb81.jpg,Avicennia_marina,6069d4aa27c75b2aecb57d31fc9e2aee15c36a7ef76f2d078fe3bf21b0afcb81,image:6069d4aa27c75b2aecb57d31fc9e2aee15c36a7ef76f2d078fe3bf21b0afcb81,240,160,49.46115445282407,11.84765625,2e4e4c5a3c7969fd,small_image
Bruguiera_gymnorrhiza/Flowers/Bruguiera - 2026-07-16T153254.799.jpeg,dataset/train/Bruguiera_gymnorrhiza/626e669807c2371b35e129390ce6198ff9af7df62cfed3f66b8202ef30a08281.jpg,Bruguiera_gymnorrhiza,626e669807c2371b35e129390ce6198ff9af7df62cfed3f66b8202ef30a08281,image:626e669807c2371b35e129390ce6198ff9af7df62cfed3f66b8202ef30a08281,240,180,28.993651129810374,4.686669537401574,58a18062e96426e7,small_image
Bruguiera_cylindrica/Flowers/gbif_4980636142_0_5eb0e09c73.jpg,dataset/train/Bruguiera_cylindrica/62ee4adfd52f9a8106d79f7a81eff7bf00f775b3fa893cfa11114d50f378e63d.jpg,Bruguiera_cylindrica,62ee4adfd52f9a8106d79f7a81eff7bf00f775b3fa893cfa11114d50f378e63d,gbif:4980636142,921,2048,40.81355222652524,10.022299458661417,0f278f8cf9d44633,wide_or_tall_center_crop_risk
unknown/unclassified/grass/derived/unknown_commons_grass_12695975_5d4bd11c6f_blur3.jpg,dataset/train/unknown/6368533bd15f612ace1c9e4b5c717a7cab11776afcb9eca64aa52505a547486f.jpg,unknown,6368533bd15f612ace1c9e4b5c717a7cab11776afcb9eca64aa52505a547486f,commons:12695975,960,720,20.09290756273522,1.8797059547244095,fefcf2f3edcec8c8,low_detail_review
Sonneratia_ovata/Flowers/imgi_91_medium.jpg,dataset/train/Sonneratia_ovata/67ac498d781ce7f1ca7422f16c4e4e0a9317b3d34b8b5fcd5dd694d733d2fdab.jpg,Sonneratia_ovata,67ac498d781ce7f1ca7422f16c4e4e0a9317b3d34b8b5fcd5dd694d733d2fdab,image:67ac498d781ce7f1ca7422f16c4e4e0a9317b3d34b8b5fcd5dd694d733d2fdab,313,161,47.2719066209584,18.529712106299215,6c6c6c781a681852,small_image
Heritiera_littoralis/Roots/gbif_4014931724_0_6b18b9494b.jpg,dataset/train/Heritiera_littoralis/69713fe9a60cdb156780c2a86b33421a60ca8e0ad40cc9b81368a504b9cd4396.jpg,Heritiera_littoralis,69713fe9a60cdb156780c2a86b33421a60ca8e0ad40cc9b81368a504b9cd4396,gbif:4014931724,469,1024,39.341060519186435,18.81154650590551,e4d90a131346eaae,wide_or_tall_center_crop_risk
Rhizophora_apiculata/bark/images (6).jpg,dataset/train/Rhizophora_apiculata/6f332eec7470517101316db00c4ce05677c3334a39e50cfbd8455fd98aad7186.jpg,Rhizophora_apiculata,6f332eec7470517101316db00c4ce05677c3334a39e50cfbd8455fd98aad7186,image:6f332eec7470517101316db00c4ce05677c3334a39e50cfbd8455fd98aad7186,194,259,45.32670741854471,22.352392962598422,99d569092d8d0339,small_image
Rhizophora_mucronata/canopy/imgi_154_medium.jpg,dataset/train/Rhizophora_mucronata/6fbef64fd65bb8fbefd6dd9ff96f6671b284d3e7798886cef12bea88eba5d415.jpg,Rhizophora_mucronata,6fbef64fd65bb8fbefd6dd9ff96f6671b284d3e7798886cef12bea88eba5d415,image:6fbef64fd65bb8fbefd6dd9ff96f6671b284d3e7798886cef12bea88eba5d415,500,225,54.39881398073999,19.687407726377955,08191292938048cc,wide_or_tall_center_crop_risk
Avicennia_marina/Flowers/Avicennia_marina - 2026-07-16T144452.547.jpeg,dataset/train/Avicennia_marina/71f6ff56a919c15d2d14dc27c8391334f0426dbb6464340aecf10c4c5cb833c3.jpg,Avicennia_marina,71f6ff56a919c15d2d14dc27c8391334f0426dbb6464340aecf10c4c5cb833c3,image:71f6ff56a919c15d2d14dc27c8391334f0426dbb6464340aecf10c4c5cb833c3,75,75,47.43780764123018,9.030234990157481,6f8fce996fbce474,small_image
unknown/unclassified/banana/derived/unknown_commons_banana_11088158_93ddd171b1_dark2.jpg,dataset/train/unknown/74d851f04c09d6ac8270d11476d563bc1d98baa9f4bf0529db5c164e9adfec00.jpg,unknown,74d851f04c09d6ac8270d11476d563bc1d98baa9f4bf0529db5c164e9adfec00,commons:11088158,640,480,9.445159588838923,2.0991018700787403,880c6c1f19352d29,low_contrast;low_detail_review
Heritiera_littoralis/Roots/gbif_4014931724_1_aa817c95f4.jpg,dataset/train/Heritiera_littoralis/7a2a339b115cc6fbbd0ccfd49895567b376ad6e5dcbb7b3d1a75e57ba7c1b818.jpg,Heritiera_littoralis,7a2a339b115cc6fbbd0ccfd49895567b376ad6e5dcbb7b3d1a75e57ba7c1b818,gbif:4014931724,1024,460,36.73766415370278,20.18909940944882,c9d373b3a99d2555,wide_or_tall_center_crop_risk
Acanthus_ebracteatus/Leaves/imgi_145_medium.jpg,dataset/train/Acanthus_ebracteatus/7a5527daea9771e15f525e89eaf54702df7376c9dab0ccda06bf1c4c11b4dd4b.jpg,Acanthus_ebracteatus,7a5527daea9771e15f525e89eaf54702df7376c9dab0ccda06bf1c4c11b4dd4b,image:7a5527daea9771e15f525e89eaf54702df7376c9dab0ccda06bf1c4c11b4dd4b,225,500,43.449964068851166,21.537586122047244,3130b0e6bc5e4f64,wide_or_tall_center_crop_risk
Avicennia_alba/Leaves/imgi_155_medium.jpg,dataset/train/Avicennia_alba/7ee05ff94fb9cb56c71412e7ac4b4490bcc15cfd82a0c2226e3348d7ea499306.jpg,Avicennia_alba,7ee05ff94fb9cb56c71412e7ac4b4490bcc15cfd82a0c2226e3348d7ea499306,image:7ee05ff94fb9cb56c71412e7ac4b4490bcc15cfd82a0c2226e3348d7ea499306,225,500,35.274680049583345,20.1126968503937,e8d8bb7373f6d233,wide_or_tall_center_crop_risk
Nypa_fruticans/Leaves/imgi_273_small.jpg,dataset/train/Nypa_fruticans/8730d5a3b4cdaea3aea073c1cda82680ae738cb56111a4b055f0c408abbeed4f.jpg,Nypa_fruticans,8730d5a3b4cdaea3aea073c1cda82680ae738cb56111a4b055f0c408abbeed4f,image:8730d5a3b4cdaea3aea073c1cda82680ae738cb56111a4b055f0c408abbeed4f,240,160,46.807504850217235,13.392255167322833,4cc8dbcdd8cdf5ed,small_image
Heritiera_littoralis/Flowers/gbif_4011587694_1_99568b5e40.jpg,dataset/train/Heritiera_littoralis/88bcbf71d74e71ea61761c8001d081502d52e66ab63fa2dd40b96e51236a0b47.jpg,Heritiera_littoralis,88bcbf71d74e71ea61761c8001d081502d52e66ab63fa2dd40b96e51236a0b47,gbif:4011587694,1024,469,52.74070386646194,12.073726624015748,9218bcfceae2945a,wide_or_tall_center_crop_risk
unknown/unclassified/unrelated_objects/derived/unknown_commons_people_12630591_5b3e0047e6_dark13.jpg,dataset/train/unknown/898dfef1af01bf58826c563eb8022aa95f773fa01d1c619c3b925f895d993bda.jpg,unknown,898dfef1af01bf58826c563eb8022aa95f773fa01d1c619c3b925f895d993bda,commons:12630591,960,664,6.083654724485193,1.336675688976378,0048181c1e173d78,low_contrast;low_detail_review
Avicennia_marina/Leaves/imgi_31_medium.jpg,dataset/train/Avicennia_marina/8c96deea9bfef294e2fdabbbd8be41fd5959989c14894a4d62a742c95c4ec824.jpg,Avicennia_marina,8c96deea9bfef294e2fdabbbd8be41fd5959989c14894a4d62a742c95c4ec824,image:8c96deea9bfef294e2fdabbbd8be41fd5959989c14894a4d62a742c95c4ec824,500,225,39.340509783033085,17.477762057086615,029692930b333231,wide_or_tall_center_crop_risk
Acanthus_ebracteatus/Leaves/imgi_142_medium.jpg,dataset/train/Acanthus_ebracteatus/8d99cbb8002a61fb98c2781a641279a584135a8b981bdbda9653a93864be5487.jpg,Acanthus_ebracteatus,8d99cbb8002a61fb98c2781a641279a584135a8b981bdbda9653a93864be5487,image:8d99cbb8002a61fb98c2781a641279a584135a8b981bdbda9653a93864be5487,231,500,45.729684377022,16.43519315944882,110496c3c90e0680,wide_or_tall_center_crop_risk
Bruguiera_gymnorrhiza/Flowers/Bruguiera - 2026-07-16T153255.921.jpeg,dataset/train/Bruguiera_gymnorrhiza/8e76152f386e5cfaa6dbf4db526c8d2b4c349ccd33d07c37ba87a872c18140ee.jpg,Bruguiera_gymnorrhiza,8e76152f386e5cfaa6dbf4db526c8d2b4c349ccd33d07c37ba87a872c18140ee,image:8e76152f386e5cfaa6dbf4db526c8d2b4c349ccd33d07c37ba87a872c18140ee,240,165,44.42186288082053,5.773898868110236,0f0efcb0f39397be,small_image
Bruguiera_cylindrica/Flowers/imgi_45_medium.jpg,dataset/train/Bruguiera_cylindrica/909d5d956faa5de794611f138dd802f74d91d42808c65ae63ca400926ff333ba.jpg,Bruguiera_cylindrica,909d5d956faa5de794611f138dd802f74d91d42808c65ae63ca400926ff333ba,image:909d5d956faa5de794611f138dd802f74d91d42808c65ae63ca400926ff333ba,225,500,25.958594581751978,6.637180118110236,5b6324e4a2a6a5ad,wide_or_tall_center_crop_risk
unknown/unclassified/grass/derived/unknown_commons_grass_12695975_5d4bd11c6f_dark3.jpg,dataset/train/unknown/965f2d241facf8e12a75f3ce2d29eece9561137c7fb075ed8961aee100cdac7e.jpg,unknown,965f2d241facf8e12a75f3ce2d29eece9561137c7fb075ed8961aee100cdac7e,commons:12695975,960,720,3.5162572143913273,1.4476808562992125,e8fae2f1e9c44848,low_contrast;low_detail_review
Excoecaria_agallocha/flowers/Rhizophora sstylosa - 2026-07-19T222508.979.jpeg,dataset/train/Excoecaria_agallocha/968d25ce503e41b7bb4281035ce81f52e0b572b98230a2cac02681152ebd6b78.jpg,Excoecaria_agallocha,968d25ce503e41b7bb4281035ce81f52e0b572b98230a2cac02681152ebd6b78,image:968d25ce503e41b7bb4281035ce81f52e0b572b98230a2cac02681152ebd6b78,240,169,40.57366741723429,6.698234498031496,3b70f0c9b82a6a69,small_image
Xylocarpus_granatum/Roots/imgi_129_small.jpg,dataset/train/Xylocarpus_granatum/9badd28ec4904ff912ef1ea4a185bbf6be3d8203e558a5ad0beca89cbe7a2f40.jpg,Xylocarpus_granatum,9badd28ec4904ff912ef1ea4a185bbf6be3d8203e558a5ad0beca89cbe7a2f40,image:9badd28ec4904ff912ef1ea4a185bbf6be3d8203e558a5ad0beca89cbe7a2f40,180,240,30.09068865959736,18.613096702755904,7b3333392defe7a7,small_image
unknown/unclassified/unrelated_objects/derived/unknown_commons_people_12630591_5b3e0047e6_blur13.jpg,dataset/train/unknown/a2b303703548dfa14b55bbf2f3fc7cd533e06939aee37bfa547e70f7c10daf27.jpg,unknown,a2b303703548dfa14b55bbf2f3fc7cd533e06939aee37bfa547e70f7c10daf27,commons:12630591,960,664,36.26218927257526,2.6617249015748032,c04c981c3e173ff8,low_detail_review
Rhizophora_mucronata/flowers/imgi_323_small - Copy - Copy.jpg,dataset/train/Rhizophora_mucronata/a30172405d2e8223118ff31c83cdc7e15fa72fe5118626160002391a48753783.jpg,Rhizophora_mucronata,a30172405d2e8223118ff31c83cdc7e15fa72fe5118626160002391a48753783,image:a30172405d2e8223118ff31c83cdc7e15fa72fe5118626160002391a48753783,180,240,35.59594096121327,6.6384411909448815,2604241918594c3c,small_image
Avicennia_marina/canopy/Avicennia_marina - 2026-07-16T144446.183.jpeg,dataset/train/Avicennia_marina/a3c5404df3276f4db9b10feecc37afabc30551aca7658673d6a42be451efe196.jpg,Avicennia_marina,a3c5404df3276f4db9b10feecc37afabc30551aca7658673d6a42be451efe196,image:a3c5404df3276f4db9b10feecc37afabc30551aca7658673d6a42be451efe196,500,129,67.76521348465475,9.98603592519685,be2e6666060eccdc,small_image;wide_or_tall_center_crop_risk
Bruguiera_gymnorrhiza/Flowers/Bruguiera - 2026-07-16T153254.967.jpeg,dataset/train/Bruguiera_gymnorrhiza/a4e42506ed6b8be47f92c4aca903313262ee2ebfa28f39caf28a4589360eb2df.jpg,Bruguiera_gymnorrhiza,a4e42506ed6b8be47f92c4aca903313262ee2ebfa28f39caf28a4589360eb2df,image:a4e42506ed6b8be47f92c4aca903313262ee2ebfa28f39caf28a4589360eb2df,180,240,47.36213674924324,15.402897391732283,123d392a05694426,small_image
Avicennia_officinalis/Leaves/imgi_92_medium.jpg,dataset/train/Avicennia_officinalis/a5dd0d344879af3dc2e845a95d9a3f18cdf69d3f258e92e70d6d253d573de4bc.jpg,Avicennia_officinalis,a5dd0d344879af3dc2e845a95d9a3f18cdf69d3f258e92e70d6d253d573de4bc,image:a5dd0d344879af3dc2e845a95d9a3f18cdf69d3f258e92e70d6d253d573de4bc,500,225,38.64416681026443,13.619094488188978,31e0919434a58490,wide_or_tall_center_crop_risk
unknown/unclassified/water/derived/unknown_commons_unrelated_objects_76850270_e3c0e844bc_dark9.jpg,dataset/train/unknown/a937ca1984165b86c9b78c0e20e71c912ff53255530a85bed923c408171e0192.jpg,unknown,a937ca1984165b86c9b78c0e20e71c912ff53255530a85bed923c408171e0192,image:a937ca1984165b86c9b78c0e20e71c912ff53255530a85bed923c408171e0192,960,640,7.698855355946366,1.0570250984251968,1010b8583a9e43f0,low_contrast;low_detail_review
Lumnitzera_littorea/Flowers/gbif_3118264392_1_dda88aa5c7.jpg,dataset/train/Lumnitzera_littorea/aecc445cb8e3f75c68d31c88172957d5fc1e40c2741ddb72cfa90aaf23bcd176.jpg,Lumnitzera_littorea,aecc445cb8e3f75c68d31c88172957d5fc1e40c2741ddb72cfa90aaf23bcd176,gbif:3118264392,1024,485,45.63123095680757,11.802688238188976,84d0e0eab2139299,wide_or_tall_center_crop_risk
unknown/unclassified/coconut/derived/unknown_commons_coconut_12677_643818b8e5_dark1.jpg,dataset/train/unknown/b07104dab0e605949c4f9b238d7b2fc9705bcf2310d8a06e231159f9128d91d4.jpg,unknown,b07104dab0e605949c4f9b238d7b2fc9705bcf2310d8a06e231159f9128d91d4,commons:12677,960,720,8.18933002025494,0.8001660925196851,6878686c78f0f0fc,low_contrast;low_detail_review
Heritiera_littoralis/Roots/gbif_4009806191_0_d734f77622.jpg,dataset/train/Heritiera_littoralis/b3a9b18ce338242eb86a05ae77ca6fc661e0678d9db221a4c04f062cc5368de0.jpg,Heritiera_littoralis,b3a9b18ce338242eb86a05ae77ca6fc661e0678d9db221a4c04f062cc5368de0,gbif:4009806191,469,1024,33.328630057653605,16.492433562992126,d6c664b9b135e406,wide_or_tall_center_crop_risk
unknown/unclassified/papaya/derived/unknown_commons_papaya_1190667_56f68716de_dark6.jpg,dataset/train/unknown/b4c1419fb4718a4138687b72ef26e8e6e5db46385f9eca58e02d90f4724ad8cf.jpg,unknown,b4c1419fb4718a4138687b72ef26e8e6e5db46385f9eca58e02d90f4724ad8cf,commons:1190667,960,1296,7.528053511289633,1.5985789862204725,3371f053d7edcf89,low_contrast;low_detail_review
Nypa_fruticans/Flowers/imgi_225_small.jpg,dataset/train/Nypa_fruticans/b7adb5acbefb042ad9dab687b26eb30c084aea8800de878e6037514097737469.jpg,Nypa_fruticans,b7adb5acbefb042ad9dab687b26eb30c084aea8800de878e6037514097737469,image:b7adb5acbefb042ad9dab687b26eb30c084aea8800de878e6037514097737469,240,160,51.804030090196896,7.508519931102362,ce9f99d4d8783633,small_image
Rhizophora_mucronata/canopy/imgi_155_medium.jpg,dataset/train/Rhizophora_mucronata/b90abe6d68130db1fe67952f726c09c895202128ed12c9944f0af8ea9367dc74.jpg,Rhizophora_mucronata,b90abe6d68130db1fe67952f726c09c895202128ed12c9944f0af8ea9367dc74,image:b90abe6d68130db1fe67952f726c09c895202128ed12c9944f0af8ea9367dc74,500,225,61.81312767431285,23.333661417322833,8c0d0705150d0d19,wide_or_tall_center_crop_risk
Nypa_fruticans/Flowers/imgi_259_small.jpg,dataset/train/Nypa_fruticans/ba47b948ffc1f9771713b5a443c9a22526e343b2d167512f7e9049efe79f070a.jpg,Nypa_fruticans,ba47b948ffc1f9771713b5a443c9a22526e343b2d167512f7e9049efe79f070a,image:ba47b948ffc1f9771713b5a443c9a22526e343b2d167512f7e9049efe79f070a,240,160,75.78527919398412,16.992341289370078,2719c9c3cf5f27e7,small_image
Avicennia_marina/Leaves/Avicennia_marina - 2026-07-16T144447.774.jpeg,dataset/train/Avicennia_marina/bf4ed8f276e3e0aeb30aefcbe1d93c1b8f1cb48c2bff594fac7f16fa86dbbe10.jpg,Avicennia_marina,bf4ed8f276e3e0aeb30aefcbe1d93c1b8f1cb48c2bff594fac7f16fa86dbbe10,image:bf4ed8f276e3e0aeb30aefcbe1d93c1b8f1cb48c2bff594fac7f16fa86dbbe10,240,180,47.81984270126337,11.807609498031496,b03968c29727621a,small_image
Osbornia_octodonta/Leaves/imgi_87_medium.jpg,dataset/train/Osbornia_octodonta/c2952c683329d8b672f3bf4e83f70593c1abf4e1e88a4330c5d0401b13f20ca6.jpg,Osbornia_octodonta,c2952c683329d8b672f3bf4e83f70593c1abf4e1e88a4330c5d0401b13f20ca6,image:c2952c683329d8b672f3bf4e83f70593c1abf4e1e88a4330c5d0401b13f20ca6,500,225,41.30725245212272,25.344641978346456,5b616063637262d2,wide_or_tall_center_crop_risk
Bruguiera_cylindrica/Flowers/gbif_5938604714_0_45809d02db.jpg,dataset/train/Bruguiera_cylindrica/c460f11a81fdf5a4b9c7b6f4646592ed74c025091802489dc28f46569b8c80a2.jpg,Bruguiera_cylindrica,c460f11a81fdf5a4b9c7b6f4646592ed74c025091802489dc28f46569b8c80a2,gbif:5938604714,921,2048,57.0059935091495,11.775498277559056,131b9ee1e0369f3d,wide_or_tall_center_crop_risk
Heritiera_littoralis/Roots/gbif_4014870742_0_8650fb0d03.jpg,dataset/train/Heritiera_littoralis/c571325bda5746be8023f04f0ddc2439cf3e0db8074dfd6c9b67e4f8705af804.jpg,Heritiera_littoralis,c571325bda5746be8023f04f0ddc2439cf3e0db8074dfd6c9b67e4f8705af804,gbif:4014870742,469,1024,35.948263710827774,16.19703494094488,b76c2c23596c4655,wide_or_tall_center_crop_risk
unknown/unclassified/water/unknown_commons_water_29384130_d30b15d2f4.jpg,dataset/train/unknown/c644f3732b16746eef2b2fd3610039e783e7b617d5715dd3b3cf62e7b601e4e4.jpg,unknown,c644f3732b16746eef2b2fd3610039e783e7b617d5715dd3b3cf62e7b601e4e4,commons:29384130,960,412,48.853449650618,8.438115157480315,a7e6dcf0f1d067b3,wide_or_tall_center_crop_risk
Nypa_fruticans/Flowers/imgi_244_small.jpg,dataset/train/Nypa_fruticans/ce86bc5ffee4826da40930f4312639b2b77aafadacae08a95c51746959424d57.jpg,Nypa_fruticans,ce86bc5ffee4826da40930f4312639b2b77aafadacae08a95c51746959424d57,image:ce86bc5ffee4826da40930f4312639b2b77aafadacae08a95c51746959424d57,240,180,58.85179842659566,25.702233021653544,3d0e63cbc70e3949,small_image
Ceriops_tagal/leaves/Ceriops - 2026-07-16T160643.812.jpeg,dataset/train/Ceriops_tagal/d08ac1bde33f771240b5b8c13dde843791fd0c5211282a13ac37aa112cedd43a.jpg,Ceriops_tagal,d08ac1bde33f771240b5b8c13dde843791fd0c5211282a13ac37aa112cedd43a,image:d08ac1bde33f771240b5b8c13dde843791fd0c5211282a13ac37aa112cedd43a,500,237,41.561061610342705,9.079724409448819,abea686d2183c3e4,wide_or_tall_center_crop_risk
Rhizophora_mucronata/bark/images (1).jpg,dataset/train/Rhizophora_mucronata/d38f4bc12c19ea289a613944092598b818331694b3efa22af5a68614109c2828.jpg,Rhizophora_mucronata,d38f4bc12c19ea289a613944092598b818331694b3efa22af5a68614109c2828,image:d38f4bc12c19ea289a613944092598b818331694b3efa22af5a68614109c2828,216,216,38.25727394379094,15.834891732283465,7d7f7d7f7e6f6f3f,small_image
Bruguiera_gymnorrhiza/Leaves/Bruguiera - 2026-07-16T153254.039.jpeg,dataset/train/Bruguiera_gymnorrhiza/d3dbec227f15e44eb48ebf500e4f28873761cfaa74993ca085484777abe901e3.jpg,Bruguiera_gymnorrhiza,d3dbec227f15e44eb48ebf500e4f28873761cfaa74993ca085484777abe901e3,image:d3dbec227f15e44eb48ebf500e4f28873761cfaa74993ca085484777abe901e3,225,500,45.44448104561435,19.697004183070867,3b5dee697338aea7,wide_or_tall_center_crop_risk
Ceriops_tagal/flowers/Ceriops - 2026-07-16T160643.941.jpeg,dataset/train/Ceriops_tagal/d560f333456b0ed479b7e7e5389093dedee72502555eb57dd1ec01bc4a784ff4.jpg,Ceriops_tagal,d560f333456b0ed479b7e7e5389093dedee72502555eb57dd1ec01bc4a784ff4,image:d560f333456b0ed479b7e7e5389093dedee72502555eb57dd1ec01bc4a784ff4,225,500,53.03217752291252,16.243817667322837,360c1473b267c7cb,wide_or_tall_center_crop_risk
Heritiera_littoralis/Leaves/gbif_4014870742_1_c7286ea373.jpg,dataset/train/Heritiera_littoralis/d5771eb265b0602ec04ef2124fc4cb12fbbd1ec1aa6e2c5a6d86a1e31ed9265f.jpg,Heritiera_littoralis,d5771eb265b0602ec04ef2124fc4cb12fbbd1ec1aa6e2c5a6d86a1e31ed9265f,gbif:4014870742,1024,469,37.06771740025087,16.148622047244096,218b50f4d48e8b43,wide_or_tall_center_crop_risk
Avicennia_officinalis/Leaves/gbif_5167870417_0_b0f13c2207.jpg,dataset/train/Avicennia_officinalis/dbb322aa8a9460ceaf4632e819d60b38279b5049a3cc334858c1d38fe66363b2.jpg,Avicennia_officinalis,dbb322aa8a9460ceaf4632e819d60b38279b5049a3cc334858c1d38fe66363b2,gbif:5167870417,473,1024,45.74918927808299,14.066590797244096,c7f1f3e2f77effef,wide_or_tall_center_crop_risk
Avicennia_marina/Flowers/Avicennia_marina - 2026-07-16T144447.596.jpeg,dataset/train/Avicennia_marina/dde467acc2ac346d1a23a3612988ac9de900476005cf8c1faa376154ac8b2bc2.jpg,Avicennia_marina,dde467acc2ac346d1a23a3612988ac9de900476005cf8c1faa376154ac8b2bc2,image:dde467acc2ac346d1a23a3612988ac9de900476005cf8c1faa376154ac8b2bc2,240,180,52.07264615286113,8.519069881889763,8c31695f5e787873,small_image
Excoecaria_agallocha/leaves/Rhizophora sstylosa - 2026-07-19T222506.518.jpeg,dataset/train/Excoecaria_agallocha/ddef2ea4a5f4ea883152b2b996ff5a6218675e11b423fa984c1952d9a241c4a0.jpg,Excoecaria_agallocha,ddef2ea4a5f4ea883152b2b996ff5a6218675e11b423fa984c1952d9a241c4a0,image:ddef2ea4a5f4ea883152b2b996ff5a6218675e11b423fa984c1952d9a241c4a0,240,180,41.6376868236637,17.604053887795278,4cdc79fbf1f17474,small_image
Bruguiera_gymnorrhiza/Leaves/imgi_17_medium.jpg,dataset/train/Bruguiera_gymnorrhiza/de9f691c57514ddccdde27bed8d350d6d5afabdef25a723c7535217bd3c54213.jpg,Bruguiera_gymnorrhiza,de9f691c57514ddccdde27bed8d350d6d5afabdef25a723c7535217bd3c54213,image:de9f691c57514ddccdde27bed8d350d6d5afabdef25a723c7535217bd3c54213,231,500,44.17861233928355,18.19509719488189,394859451e3dc39e,wide_or_tall_center_crop_risk
Bruguiera_gymnorrhiza/Leaves/Bruguiera - 2026-07-16T153254.167.jpeg,dataset/train/Bruguiera_gymnorrhiza/e8b6be63cdbd9d1c2a384cb9075dc3622b3ba9bebd33c090272133ad7aa179ce.jpg,Bruguiera_gymnorrhiza,e8b6be63cdbd9d1c2a384cb9075dc3622b3ba9bebd33c090272133ad7aa179ce,image:e8b6be63cdbd9d1c2a384cb9075dc3622b3ba9bebd33c090272133ad7aa179ce,225,500,46.4064747624702,19.896499753937007,3bddec697338afa7,wide_or_tall_center_crop_risk
Bruguiera_sexangula/Leaves/imgi_40_medium.jpg,dataset/train/Bruguiera_sexangula/ee4dbf69f7bbab4ffdb221117d4752a107ad19e90227c27e591908601514f4e4.jpg,Bruguiera_sexangula,ee4dbf69f7bbab4ffdb221117d4752a107ad19e90227c27e591908601514f4e4,image:ee4dbf69f7bbab4ffdb221117d4752a107ad19e90227c27e591908601514f4e4,225,500,43.13594399881482,17.967550442913385,1a2e373690862f48,wide_or_tall_center_crop_risk
Bruguiera_cylindrica/Flowers/gbif_5938604714_2_177f4fb2ca.jpg,dataset/train/Bruguiera_cylindrica/eee12b2c0d09cf3865fd7a914f6968d9ee015b2d81058f2367a19e8c3a8a7076.jpg,Bruguiera_cylindrica,eee12b2c0d09cf3865fd7a914f6968d9ee015b2d81058f2367a19e8c3a8a7076,gbif:5938604714,461,1024,42.659836477899816,8.686300442913385,1b1b92c35a973338,wide_or_tall_center_crop_risk
Acanthus_ebracteatus/Leaves/imgi_59_medium.jpg,dataset/train/Acanthus_ebracteatus/f0d6737959ed0138b7547122f8953f8868d03a02d08633449f2923c39647e545.jpg,Acanthus_ebracteatus,f0d6737959ed0138b7547122f8953f8868d03a02d08633449f2923c39647e545,image:f0d6737959ed0138b7547122f8953f8868d03a02d08633449f2923c39647e545,231,500,47.384921818835814,19.88939468503937,8fe8d8c357a7b8a9,wide_or_tall_center_crop_risk
Nypa_fruticans/Flowers/imgi_264_small.jpg,dataset/train/Nypa_fruticans/f11c31f3a453a581334662f8c052aae35fc13240dfdaa0155c9af3d82dc082e2.jpg,Nypa_fruticans,f11c31f3a453a581334662f8c052aae35fc13240dfdaa0155c9af3d82dc082e2,image:f11c31f3a453a581334662f8c052aae35fc13240dfdaa0155c9af3d82dc082e2,240,163,50.7849695432441,9.085476131889765,a7e76733f3cdcd4a,small_image
Avicennia_marina/Flowers/Avicennia_marina - 2026-07-16T144447.266.jpeg,dataset/train/Avicennia_marina/f143a7a010b7e094df6c9cdb4a8c8f960e53b3f346db6f37edd531cdac90ac8e.jpg,Avicennia_marina,f143a7a010b7e094df6c9cdb4a8c8f960e53b3f346db6f37edd531cdac90ac8e,image:f143a7a010b7e094df6c9cdb4a8c8f960e53b3f346db6f37edd531cdac90ac8e,240,180,50.74980812021065,4.211460383858268,31391969703a2890,small_image
Xylocarpus_granatum/Roots/imgi_128_square.jpg,dataset/train/Xylocarpus_granatum/f73bc6f36d566d5e8037f7c0294d4d4d2ed5031a9cd5d40566ae81fd0f1c67fd.jpg,Xylocarpus_granatum,f73bc6f36d566d5e8037f7c0294d4d4d2ed5031a9cd5d40566ae81fd0f1c67fd,image:f73bc6f36d566d5e8037f7c0294d4d4d2ed5031a9cd5d40566ae81fd0f1c67fd,75,75,25.749433885570458,11.34947096456693,3b36b1392d8fe7e2,small_image
Lumnitzera_littorea/Flowers/imgi_29_medium.jpg,dataset/train/Lumnitzera_littorea/f8ced872da929de88efbe17bdb9500464b74426134f0c017b20b470143922325.jpg,Lumnitzera_littorea,f8ced872da929de88efbe17bdb9500464b74426134f0c017b20b470143922325,image:f8ced872da929de88efbe17bdb9500464b74426134f0c017b20b470143922325,231,500,28.159843714018574,13.929995078740157,a6f169ef574f2814,wide_or_tall_center_crop_risk
Avicennia_marina/Leaves/Avicennia_marina - 2026-07-16T144445.017.jpeg,dataset/train/Avicennia_marina/fa444949fbe1ca305557cbdce2f31a820dcdc7893528d10fb1610d67b47ba8a1.jpg,Avicennia_marina,fa444949fbe1ca305557cbdce2f31a820dcdc7893528d10fb1610d67b47ba8a1,image:fa444949fbe1ca305557cbdce2f31a820dcdc7893528d10fb1610d67b47ba8a1,225,500,48.481998709268126,16.008058562992126,a930ceac70141913,wide_or_tall_center_crop_risk
Osbornia_octodonta/Leaves/imgi_99_medium.jpg,dataset/train/Osbornia_octodonta/fa7f3ecf1f86fb65b10eaaf4eb3b13d5c23fd6237e274bbb773da8220acbaa02.jpg,Osbornia_octodonta,fa7f3ecf1f86fb65b10eaaf4eb3b13d5c23fd6237e274bbb773da8220acbaa02,image:fa7f3ecf1f86fb65b10eaaf4eb3b13d5c23fd6237e274bbb773da8220acbaa02,500,237,51.9954448580938,12.131182332677167,7060e00434a8d89a,wide_or_tall_center_crop_risk
