actual,predicted,count,fraction_of_actual
Acanthus_ilicifolius,Acanthus_ebracteatus,8,0.25806451612903225
Bruguiera_gymnorrhiza,Bruguiera_cylindrica,7,0.10144927536231885
Bruguiera_gymnorrhiza,Bruguiera_sexangula,5,0.07246376811594203
Avicennia_officinalis,Avicennia_marina,5,0.1388888888888889
Avicennia_officinalis,Heritiera_littoralis,4,0.1111111111111111
Rhizophora_stylosa,Rhizophora_mucronata,4,0.07142857142857142
Xylocarpus_granatum,Excoecaria_agallocha,4,0.15384615384615385
Ceriops_zippeliana,Ceriops_tagal,4,0.4
Bruguiera_sexangula,Bruguiera_gymnorrhiza,4,0.18181818181818182
Bruguiera_gymnorrhiza,Rhizophora_mucronata,4,0.057971014492753624
Avicennia_marina,Sonneratia_alba,4,0.05405405405405406
Acanthus_ebracteatus,Acanthus_ilicifolius,4,0.2222222222222222
Rhizophora_mucronata,Bruguiera_gymnorrhiza,4,0.11428571428571428
Avicennia_marina,Avicennia_rumphiana,3,0.04054054054054054
Bruguiera_cylindrica,Bruguiera_gymnorrhiza,3,0.15
Avicennia_marina,Nypa_fruticans,3,0.04054054054054054
Rhizophora_mucronata,Excoecaria_agallocha,3,0.08571428571428572
Lumnitzera_littorea,Excoecaria_agallocha,3,0.1
Excoecaria_agallocha,Avicennia_marina,3,0.05660377358490566
Rhizophora_stylosa,Rhizophora_apiculata,3,0.05357142857142857
Avicennia_officinalis,Excoecaria_agallocha,2,0.05555555555555555
Avicennia_officinalis,Xylocarpus_granatum,2,0.05555555555555555
Avicennia_officinalis,Avicennia_alba,2,0.05555555555555555
Avicennia_marina,Heritiera_littoralis,2,0.02702702702702703
Xylocarpus_moluccensis,Sonneratia_alba,2,0.11764705882352941
Sonneratia_ovata,Excoecaria_agallocha,2,0.16666666666666666
Sonneratia_alba,Avicennia_marina,2,0.03636363636363636
Rhizophora_apiculata,Rhizophora_mucronata,2,0.0425531914893617
Bruguiera_gymnorrhiza,Xylocarpus_granatum,2,0.028985507246376812
Nypa_fruticans,unknown,2,0.08695652173913043
Ceriops_tagal,Scyphiphora_hydrophylacea,2,0.05128205128205128
Ceriops_zippeliana,Rhizophora_mucronata,2,0.2
Osbornia_octodonta,Scyphiphora_hydrophylacea,2,0.08333333333333333
Rhizophora_mucronata,Rhizophora_stylosa,2,0.05714285714285714
Pemphis_acidula,Lumnitzera_racemosa,2,0.07407407407407407
Rhizophora_mucronata,Bruguiera_cylindrica,2,0.05714285714285714
Rhizophora_stylosa,Excoecaria_agallocha,2,0.03571428571428571
Rhizophora_stylosa,Bruguiera_cylindrica,2,0.03571428571428571
Xylocarpus_moluccensis,Xylocarpus_granatum,2,0.11764705882352941
unknown,Osbornia_octodonta,2,0.07407407407407407
Avicennia_alba,Avicennia_rumphiana,2,0.13333333333333333
Avicennia_marina,Excoecaria_agallocha,2,0.02702702702702703
Avicennia_alba,Avicennia_marina,2,0.13333333333333333
Aegiceras_corniculatum,Bruguiera_sexangula,2,0.14285714285714285
Xylocarpus_moluccensis,Heritiera_littoralis,2,0.11764705882352941
Lumnitzera_littorea,Rhizophora_stylosa,2,0.06666666666666667
Lumnitzera_littorea,Osbornia_octodonta,2,0.06666666666666667
Bruguiera_gymnorrhiza,Ceriops_tagal,2,0.028985507246376812
Osbornia_octodonta,Avicennia_marina,2,0.08333333333333333
Avicennia_rumphiana,Heritiera_littoralis,1,0.038461538461538464
Avicennia_rumphiana,Avicennia_officinalis,1,0.038461538461538464
Avicennia_rumphiana,Avicennia_marina,1,0.038461538461538464
Avicennia_officinalis,Rhizophora_mucronata,1,0.027777777777777776
Avicennia_officinalis,unknown,1,0.027777777777777776
Avicennia_marina,Xylocarpus_moluccensis,1,0.013513513513513514
Avicennia_marina,Avicennia_alba,1,0.013513513513513514
Avicennia_officinalis,Aegiceras_corniculatum,1,0.027777777777777776
Avicennia_rumphiana,Avicennia_alba,1,0.038461538461538464
Avicennia_officinalis,Bruguiera_gymnorrhiza,1,0.027777777777777776
Avicennia_officinalis,Sonneratia_alba,1,0.027777777777777776
Avicennia_alba,Bruguiera_cylindrica,1,0.06666666666666667
Avicennia_alba,Acanthus_ilicifolius,1,0.06666666666666667
Avicennia_alba,Xylocarpus_granatum,1,0.06666666666666667
Avicennia_marina,Bruguiera_gymnorrhiza,1,0.013513513513513514
Avicennia_marina,Camptostemon_philippinensis,1,0.013513513513513514
Aegiceras_corniculatum,Avicennia_marina,1,0.07142857142857142
Aegiceras_corniculatum,Lumnitzera_racemosa,1,0.07142857142857142
Avicennia_alba,Avicennia_officinalis,1,0.06666666666666667
Aegiceras_corniculatum,Osbornia_octodonta,1,0.07142857142857142
Acanthus_ebracteatus,Avicennia_officinalis,1,0.05555555555555555
Acanthus_ilicifolius,Avicennia_alba,1,0.03225806451612903
Acanthus_ilicifolius,Heritiera_littoralis,1,0.03225806451612903
Avicennia_marina,Acanthus_ebracteatus,1,0.013513513513513514
Avicennia_marina,Aegiceras_corniculatum,1,0.013513513513513514
Avicennia_marina,Acanthus_ilicifolius,1,0.013513513513513514
Avicennia_marina,Lumnitzera_racemosa,1,0.013513513513513514
Avicennia_rumphiana,Xylocarpus_moluccensis,1,0.038461538461538464
Excoecaria_agallocha,Acanthus_ilicifolius,1,0.018867924528301886
Ceriops_zippeliana,Xylocarpus_granatum,1,0.1
Ceriops_zippeliana,Avicennia_rumphiana,1,0.1
Ceriops_tagal,Bruguiera_cylindrica,1,0.02564102564102564
Ceriops_tagal,Camptostemon_philippinensis,1,0.02564102564102564
Excoecaria_agallocha,Xylocarpus_moluccensis,1,0.018867924528301886
Ceriops_tagal,Xylocarpus_granatum,1,0.02564102564102564
Heritiera_littoralis,Xylocarpus_moluccensis,1,0.037037037037037035
Heritiera_littoralis,Xylocarpus_granatum,1,0.037037037037037035
Heritiera_littoralis,Avicennia_marina,1,0.037037037037037035
Heritiera_littoralis,Nypa_fruticans,1,0.037037037037037035
Lumnitzera_littorea,Avicennia_alba,1,0.03333333333333333
Excoecaria_agallocha,Heritiera_littoralis,1,0.018867924528301886
Excoecaria_agallocha,Rhizophora_stylosa,1,0.018867924528301886
Excoecaria_agallocha,Lumnitzera_racemosa,1,0.018867924528301886
Bruguiera_sexangula,Avicennia_rumphiana,1,0.045454545454545456
Bruguiera_gymnorrhiza,Xylocarpus_moluccensis,1,0.014492753623188406
Bruguiera_gymnorrhiza,Avicennia_alba,1,0.014492753623188406
Bruguiera_gymnorrhiza,Heritiera_littoralis,1,0.014492753623188406
Ceriops_tagal,Bruguiera_gymnorrhiza,1,0.02564102564102564
Bruguiera_sexangula,Rhizophora_mucronata,1,0.045454545454545456
Bruguiera_sexangula,Heritiera_littoralis,1,0.045454545454545456
Camptostemon_philippinensis,Sonneratia_alba,1,0.25
Ceriops_tagal,Pemphis_acidula,1,0.02564102564102564
Ceriops_tagal,Bruguiera_sexangula,1,0.02564102564102564
Bruguiera_gymnorrhiza,Nypa_fruticans,1,0.014492753623188406
Bruguiera_gymnorrhiza,Avicennia_rumphiana,1,0.014492753623188406
Bruguiera_cylindrica,Avicennia_marina,1,0.05
Bruguiera_gymnorrhiza,Excoecaria_agallocha,1,0.014492753623188406
Bruguiera_cylindrica,Avicennia_alba,1,0.05
Bruguiera_cylindrica,Excoecaria_agallocha,1,0.05
Osbornia_octodonta,Lumnitzera_littorea,1,0.041666666666666664
Nypa_fruticans,Bruguiera_sexangula,1,0.043478260869565216
Lumnitzera_racemosa,Excoecaria_agallocha,1,0.04
Lumnitzera_racemosa,Sonneratia_alba,1,0.04
Lumnitzera_racemosa,Osbornia_octodonta,1,0.04
Lumnitzera_racemosa,Avicennia_officinalis,1,0.04
Lumnitzera_racemosa,Ceriops_zippeliana,1,0.04
Lumnitzera_racemosa,Rhizophora_mucronata,1,0.04
Lumnitzera_racemosa,Bruguiera_gymnorrhiza,1,0.04
Lumnitzera_littorea,Bruguiera_cylindrica,1,0.03333333333333333
Lumnitzera_littorea,Bruguiera_gymnorrhiza,1,0.03333333333333333
Lumnitzera_racemosa,Ceriops_tagal,1,0.04
Lumnitzera_littorea,Scyphiphora_hydrophylacea,1,0.03333333333333333
Lumnitzera_littorea,Pemphis_acidula,1,0.03333333333333333
Lumnitzera_littorea,Ceriops_tagal,1,0.03333333333333333
Lumnitzera_littorea,Rhizophora_apiculata,1,0.03333333333333333
Excoecaria_agallocha,Scyphiphora_hydrophylacea,1,0.018867924528301886
Rhizophora_mucronata,Ceriops_tagal,1,0.02857142857142857
Rhizophora_apiculata,Rhizophora_stylosa,1,0.02127659574468085
Rhizophora_apiculata,Avicennia_rumphiana,1,0.02127659574468085
Rhizophora_mucronata,Rhizophora_apiculata,1,0.02857142857142857
Rhizophora_mucronata,Xylocarpus_granatum,1,0.02857142857142857
Rhizophora_mucronata,Bruguiera_sexangula,1,0.02857142857142857
Rhizophora_mucronata,Avicennia_marina,1,0.02857142857142857
Rhizophora_mucronata,Avicennia_alba,1,0.02857142857142857
Rhizophora_mucronata,Camptostemon_philippinensis,1,0.02857142857142857
Pemphis_acidula,Ceriops_tagal,1,0.037037037037037035
Pemphis_acidula,Acanthus_ilicifolius,1,0.037037037037037035
Pemphis_acidula,Avicennia_marina,1,0.037037037037037035
Pemphis_acidula,Aegiceras_corniculatum,1,0.037037037037037035
Osbornia_octodonta,Nypa_fruticans,1,0.041666666666666664
Osbornia_octodonta,Ceriops_tagal,1,0.041666666666666664
Rhizophora_stylosa,Avicennia_marina,1,0.017857142857142856
Rhizophora_stylosa,Acanthus_ilicifolius,1,0.017857142857142856
Rhizophora_stylosa,Ceriops_zippeliana,1,0.017857142857142856
Rhizophora_stylosa,Sonneratia_alba,1,0.017857142857142856
Rhizophora_stylosa,Scyphiphora_hydrophylacea,1,0.017857142857142856
Rhizophora_stylosa,Bruguiera_gymnorrhiza,1,0.017857142857142856
Rhizophora_stylosa,Ceriops_tagal,1,0.017857142857142856
Rhizophora_stylosa,Bruguiera_sexangula,1,0.017857142857142856
Sonneratia_alba,Excoecaria_agallocha,1,0.01818181818181818
Sonneratia_alba,Lumnitzera_littorea,1,0.01818181818181818
Sonneratia_alba,Pemphis_acidula,1,0.01818181818181818
Sonneratia_alba,Xylocarpus_granatum,1,0.01818181818181818
Scyphiphora_hydrophylacea,Excoecaria_agallocha,1,0.058823529411764705
Sonneratia_alba,Bruguiera_gymnorrhiza,1,0.01818181818181818
Scyphiphora_hydrophylacea,Lumnitzera_littorea,1,0.058823529411764705
Rhizophora_stylosa,Xylocarpus_granatum,1,0.017857142857142856
Sonneratia_ovata,Avicennia_marina,1,0.08333333333333333
Sonneratia_ovata,Sonneratia_alba,1,0.08333333333333333
Sonneratia_ovata,Avicennia_rumphiana,1,0.08333333333333333
Sonneratia_alba,Sonneratia_ovata,1,0.01818181818181818
Xylocarpus_granatum,Heritiera_littoralis,1,0.038461538461538464
Xylocarpus_granatum,Avicennia_marina,1,0.038461538461538464
Xylocarpus_granatum,Avicennia_rumphiana,1,0.038461538461538464
Xylocarpus_granatum,Avicennia_alba,1,0.038461538461538464
Xylocarpus_granatum,Xylocarpus_moluccensis,1,0.038461538461538464
Xylocarpus_moluccensis,Avicennia_rumphiana,1,0.058823529411764705
Xylocarpus_moluccensis,Nypa_fruticans,1,0.058823529411764705
Xylocarpus_moluccensis,Lumnitzera_racemosa,1,0.058823529411764705
Xylocarpus_moluccensis,Rhizophora_mucronata,1,0.058823529411764705
unknown,Avicennia_rumphiana,1,0.037037037037037035
unknown,Excoecaria_agallocha,1,0.037037037037037035
unknown,Sonneratia_alba,1,0.037037037037037035
