source,label,class_name,sha256_rgb,group,split,saved_path,local_image,review_status,proposed_label,reviewer_notes
Ceriops_zippeliana/Leaves/imgi_35_medium.jpg,12,Ceriops_zippeliana,8a042223fe74450581b9cbb55ea5b1f6738fbf19b194787ab2fa90c6938732c4,image:8a042223fe74450581b9cbb55ea5b1f6738fbf19b194787ab2fa90c6938732c4,train,dataset/train/Ceriops_zippeliana/8a042223fe74450581b9cbb55ea5b1f6738fbf19b194787ab2fa90c6938732c4.jpg,C:\laragon\www\SilvaMang-AI\dataset\retraining\EfficientNet-B0\rebuild_20260926\dataset\train\Ceriops_zippeliana\8a042223fe74450581b9cbb55ea5b1f6738fbf19b194787ab2fa90c6938732c4.jpg,unreviewed,,
Ceriops_zippeliana/Leaves/imgi_16_medium.jpg,12,Ceriops_zippeliana,dbc92066510e73bf7c90682d98a7a27d892162109b528a6d809d00079a33a153,image:dbc92066510e73bf7c90682d98a7a27d892162109b528a6d809d00079a33a153,train,dataset/train/Ceriops_zippeliana/dbc92066510e73bf7c90682d98a7a27d892162109b528a6d809d00079a33a153.jpg,C:\laragon\www\SilvaMang-AI\dataset\retraining\EfficientNet-B0\rebuild_20260926\dataset\train\Ceriops_zippeliana\dbc92066510e73bf7c90682d98a7a27d892162109b528a6d809d00079a33a153.jpg,unreviewed,,
Ceriops_zippeliana/Flowers/gbif_6130249739_1_a885c88aba.jpg,12,Ceriops_zippeliana,894a15d124b26517d5f201805c0bcf5441af35c3450d2c288d356431fc44a788,gbif:6130249739,train,dataset/train/Ceriops_zippeliana/894a15d124b26517d5f201805c0bcf5441af35c3450d2c288d356431fc44a788.jpg,C:\laragon\www\SilvaMang-AI\dataset\retraining\EfficientNet-B0\rebuild_20260926\dataset\train\Ceriops_zippeliana\894a15d124b26517d5f201805c0bcf5441af35c3450d2c288d356431fc44a788.jpg,unreviewed,,
Ceriops_zippeliana/Leaves/.trashed-1792647497-IMG_20260922_133503_Burst07.jpg,12,Ceriops_zippeliana,e2e421e9fd7ce33f40fbc9bb4afb4c2bea1a29816ae0eae48846ecb7ddc03e1a,image:e2e421e9fd7ce33f40fbc9bb4afb4c2bea1a29816ae0eae48846ecb7ddc03e1a,train,dataset/train/Ceriops_zippeliana/e2e421e9fd7ce33f40fbc9bb4afb4c2bea1a29816ae0eae48846ecb7ddc03e1a.jpg,C:\laragon\www\SilvaMang-AI\dataset\retraining\EfficientNet-B0\rebuild_20260926\dataset\train\Ceriops_zippeliana\e2e421e9fd7ce33f40fbc9bb4afb4c2bea1a29816ae0eae48846ecb7ddc03e1a.jpg,unreviewed,,
Ceriops_zippeliana/Leaves/IMG_20260922_133433_Burst10.jpg,12,Ceriops_zippeliana,78f9c5df012b57abbdf4c07d0f023d2aaf7c00bfdc1bbbfabda69cfcc4d287cb,image:78f9c5df012b57abbdf4c07d0f023d2aaf7c00bfdc1bbbfabda69cfcc4d287cb,train,dataset/train/Ceriops_zippeliana/78f9c5df012b57abbdf4c07d0f023d2aaf7c00bfdc1bbbfabda69cfcc4d287cb.jpg,C:\laragon\www\SilvaMang-AI\dataset\retraining\EfficientNet-B0\rebuild_20260926\dataset\train\Ceriops_zippeliana\78f9c5df012b57abbdf4c07d0f023d2aaf7c00bfdc1bbbfabda69cfcc4d287cb.jpg,unreviewed,,
Ceriops_zippeliana/Leaves/IMG_20260922_133915_Burst08.jpg,12,Ceriops_zippeliana,c99809e9eb60d947fedbdbad539cf26c57cf6138335e84d6f4fe63b2b9259321,image:c99809e9eb60d947fedbdbad539cf26c57cf6138335e84d6f4fe63b2b9259321,train,dataset/train/Ceriops_zippeliana/c99809e9eb60d947fedbdbad539cf26c57cf6138335e84d6f4fe63b2b9259321.jpg,C:\laragon\www\SilvaMang-AI\dataset\retraining\EfficientNet-B0\rebuild_20260926\dataset\train\Ceriops_zippeliana\c99809e9eb60d947fedbdbad539cf26c57cf6138335e84d6f4fe63b2b9259321.jpg,unreviewed,,
Ceriops_zippeliana/Flowers/gbif_4075662647_2_33803bf436.jpg,12,Ceriops_zippeliana,3701fc3e40a761187c79949eb166b0be98911740f5389ec3f69afa033c6c6131,gbif:4075662647,train,dataset/train/Ceriops_zippeliana/3701fc3e40a761187c79949eb166b0be98911740f5389ec3f69afa033c6c6131.jpg,C:\laragon\www\SilvaMang-AI\dataset\retraining\EfficientNet-B0\rebuild_20260926\dataset\train\Ceriops_zippeliana\3701fc3e40a761187c79949eb166b0be98911740f5389ec3f69afa033c6c6131.jpg,unreviewed,,
Ceriops_zippeliana/Leaves/.trashed-1792647498-IMG_20260922_133503_Burst05.jpg,12,Ceriops_zippeliana,6dc1e57a8dc82c062027bb50f2a7f950589a7832f7abf0bd363f5b4965486a8f,image:6dc1e57a8dc82c062027bb50f2a7f950589a7832f7abf0bd363f5b4965486a8f,train,dataset/train/Ceriops_zippeliana/6dc1e57a8dc82c062027bb50f2a7f950589a7832f7abf0bd363f5b4965486a8f.jpg,C:\laragon\www\SilvaMang-AI\dataset\retraining\EfficientNet-B0\rebuild_20260926\dataset\train\Ceriops_zippeliana\6dc1e57a8dc82c062027bb50f2a7f950589a7832f7abf0bd363f5b4965486a8f.jpg,unreviewed,,
Ceriops_zippeliana/Leaves/IMG_20260922_133433_Burst05.jpg,12,Ceriops_zippeliana,100fd467fb51425e88219a244c421c906fb1b68fd4c8eaf8873574a0d1d565eb,image:100fd467fb51425e88219a244c421c906fb1b68fd4c8eaf8873574a0d1d565eb,train,dataset/train/Ceriops_zippeliana/100fd467fb51425e88219a244c421c906fb1b68fd4c8eaf8873574a0d1d565eb.jpg,C:\laragon\www\SilvaMang-AI\dataset\retraining\EfficientNet-B0\rebuild_20260926\dataset\train\Ceriops_zippeliana\100fd467fb51425e88219a244c421c906fb1b68fd4c8eaf8873574a0d1d565eb.jpg,unreviewed,,
Ceriops_zippeliana/Flowers/imgi_38_medium.jpg,12,Ceriops_zippeliana,8807593c6c493a23eaf2b2be7ded52d8b51b1c0979ee547a4d317a06f1146db2,image:8807593c6c493a23eaf2b2be7ded52d8b51b1c0979ee547a4d317a06f1146db2,train,dataset/train/Ceriops_zippeliana/8807593c6c493a23eaf2b2be7ded52d8b51b1c0979ee547a4d317a06f1146db2.jpg,C:\laragon\www\SilvaMang-AI\dataset\retraining\EfficientNet-B0\rebuild_20260926\dataset\train\Ceriops_zippeliana\8807593c6c493a23eaf2b2be7ded52d8b51b1c0979ee547a4d317a06f1146db2.jpg,unreviewed,,
Ceriops_zippeliana/Leaves/IMG_20260922_133915_Burst06.jpg,12,Ceriops_zippeliana,2ecbebdc908c7122fb689f62306286d5ed42cfcf467dea61177157f28e79833f,image:2ecbebdc908c7122fb689f62306286d5ed42cfcf467dea61177157f28e79833f,train,dataset/train/Ceriops_zippeliana/2ecbebdc908c7122fb689f62306286d5ed42cfcf467dea61177157f28e79833f.jpg,C:\laragon\www\SilvaMang-AI\dataset\retraining\EfficientNet-B0\rebuild_20260926\dataset\train\Ceriops_zippeliana\2ecbebdc908c7122fb689f62306286d5ed42cfcf467dea61177157f28e79833f.jpg,unreviewed,,
Ceriops_zippeliana/Flowers/imgi_46_medium.jpg,12,Ceriops_zippeliana,0b86f105eb726c51e36cfbaebaf96a5d47df930637ba0abc9b8cd4120c91dd31,image:0b86f105eb726c51e36cfbaebaf96a5d47df930637ba0abc9b8cd4120c91dd31,train,dataset/train/Ceriops_zippeliana/0b86f105eb726c51e36cfbaebaf96a5d47df930637ba0abc9b8cd4120c91dd31.jpg,C:\laragon\www\SilvaMang-AI\dataset\retraining\EfficientNet-B0\rebuild_20260926\dataset\train\Ceriops_zippeliana\0b86f105eb726c51e36cfbaebaf96a5d47df930637ba0abc9b8cd4120c91dd31.jpg,unreviewed,,
Ceriops_zippeliana/Leaves/IMG_20260922_133915_Burst02.jpg,12,Ceriops_zippeliana,28ad064a9eeedb12f15f87d6c97b2f3bacc2a1288c62ae033fe0d389a9b8f4de,image:28ad064a9eeedb12f15f87d6c97b2f3bacc2a1288c62ae033fe0d389a9b8f4de,train,dataset/train/Ceriops_zippeliana/28ad064a9eeedb12f15f87d6c97b2f3bacc2a1288c62ae033fe0d389a9b8f4de.jpg,C:\laragon\www\SilvaMang-AI\dataset\retraining\EfficientNet-B0\rebuild_20260926\dataset\train\Ceriops_zippeliana\28ad064a9eeedb12f15f87d6c97b2f3bacc2a1288c62ae033fe0d389a9b8f4de.jpg,unreviewed,,
Ceriops_zippeliana/Flowers/inat_168957857_292877419_155bfa4cb4.jpg,12,Ceriops_zippeliana,d6b11b060b9814c75c2e8de9d8509863911dd9386be4a80d5516b2a183b62953,image:d6b11b060b9814c75c2e8de9d8509863911dd9386be4a80d5516b2a183b62953,train,dataset/train/Ceriops_zippeliana/d6b11b060b9814c75c2e8de9d8509863911dd9386be4a80d5516b2a183b62953.jpg,C:\laragon\www\SilvaMang-AI\dataset\retraining\EfficientNet-B0\rebuild_20260926\dataset\train\Ceriops_zippeliana\d6b11b060b9814c75c2e8de9d8509863911dd9386be4a80d5516b2a183b62953.jpg,unreviewed,,
Ceriops_zippeliana/Leaves/IMG_20260922_133433_Burst04.jpg,12,Ceriops_zippeliana,b437889d14f8a8113fbdb54e7b9b5c1ff48d86758ef1d4355c0695be27f5091a,image:b437889d14f8a8113fbdb54e7b9b5c1ff48d86758ef1d4355c0695be27f5091a,train,dataset/train/Ceriops_zippeliana/b437889d14f8a8113fbdb54e7b9b5c1ff48d86758ef1d4355c0695be27f5091a.jpg,C:\laragon\www\SilvaMang-AI\dataset\retraining\EfficientNet-B0\rebuild_20260926\dataset\train\Ceriops_zippeliana\b437889d14f8a8113fbdb54e7b9b5c1ff48d86758ef1d4355c0695be27f5091a.jpg,unreviewed,,
Ceriops_zippeliana/Leaves/IMG_20260922_133915_Burst05.jpg,12,Ceriops_zippeliana,5658ccb0d32393c6e2c07510fc41a6e878f77afcf6ef0f53310f378a9e3bfb63,image:5658ccb0d32393c6e2c07510fc41a6e878f77afcf6ef0f53310f378a9e3bfb63,train,dataset/train/Ceriops_zippeliana/5658ccb0d32393c6e2c07510fc41a6e878f77afcf6ef0f53310f378a9e3bfb63.jpg,C:\laragon\www\SilvaMang-AI\dataset\retraining\EfficientNet-B0\rebuild_20260926\dataset\train\Ceriops_zippeliana\5658ccb0d32393c6e2c07510fc41a6e878f77afcf6ef0f53310f378a9e3bfb63.jpg,unreviewed,,
Ceriops_zippeliana/Leaves/IMG_20260922_133915_Burst01.jpg,12,Ceriops_zippeliana,62eb1a4863a265893ac4069ce34407a000df5a3c5f344917e9a3219a24a85434,image:62eb1a4863a265893ac4069ce34407a000df5a3c5f344917e9a3219a24a85434,train,dataset/train/Ceriops_zippeliana/62eb1a4863a265893ac4069ce34407a000df5a3c5f344917e9a3219a24a85434.jpg,C:\laragon\www\SilvaMang-AI\dataset\retraining\EfficientNet-B0\rebuild_20260926\dataset\train\Ceriops_zippeliana\62eb1a4863a265893ac4069ce34407a000df5a3c5f344917e9a3219a24a85434.jpg,unreviewed,,
Ceriops_zippeliana/Flowers/gbif_4952621652_2_2c90f2c351.jpg,12,Ceriops_zippeliana,f4e20bb0b0ffcfa02065d961eb8deab193cdf69cd543c5968af6b3e7abe5fc9c,gbif:4952621652,train,dataset/train/Ceriops_zippeliana/f4e20bb0b0ffcfa02065d961eb8deab193cdf69cd543c5968af6b3e7abe5fc9c.jpg,C:\laragon\www\SilvaMang-AI\dataset\retraining\EfficientNet-B0\rebuild_20260926\dataset\train\Ceriops_zippeliana\f4e20bb0b0ffcfa02065d961eb8deab193cdf69cd543c5968af6b3e7abe5fc9c.jpg,unreviewed,,
Ceriops_zippeliana/Leaves/.trashed-1792647498-IMG_20260922_133503_Burst04.jpg,12,Ceriops_zippeliana,5cbc91131c07cc94638a86cb4a9dbce221b473c382dfeb4abe598d3bd1fd9126,image:5cbc91131c07cc94638a86cb4a9dbce221b473c382dfeb4abe598d3bd1fd9126,train,dataset/train/Ceriops_zippeliana/5cbc91131c07cc94638a86cb4a9dbce221b473c382dfeb4abe598d3bd1fd9126.jpg,C:\laragon\www\SilvaMang-AI\dataset\retraining\EfficientNet-B0\rebuild_20260926\dataset\train\Ceriops_zippeliana\5cbc91131c07cc94638a86cb4a9dbce221b473c382dfeb4abe598d3bd1fd9126.jpg,unreviewed,,
Ceriops_zippeliana/Leaves/IMG_20260922_133433_Burst06.jpg,12,Ceriops_zippeliana,30a5936c48311fb6756757676b4e958addb128b39c1760cf8c3ff1750cd8cb70,image:30a5936c48311fb6756757676b4e958addb128b39c1760cf8c3ff1750cd8cb70,train,dataset/train/Ceriops_zippeliana/30a5936c48311fb6756757676b4e958addb128b39c1760cf8c3ff1750cd8cb70.jpg,C:\laragon\www\SilvaMang-AI\dataset\retraining\EfficientNet-B0\rebuild_20260926\dataset\train\Ceriops_zippeliana\30a5936c48311fb6756757676b4e958addb128b39c1760cf8c3ff1750cd8cb70.jpg,unreviewed,,
Avicennia_alba/Leaves/imgi_27_medium.jpg,3,Avicennia_alba,e063d379c42289bc91316ca920abde1d7624eeb915198129fd10682a40006be0,image:e063d379c42289bc91316ca920abde1d7624eeb915198129fd10682a40006be0,train,dataset/train/Avicennia_alba/e063d379c42289bc91316ca920abde1d7624eeb915198129fd10682a40006be0.jpg,C:\laragon\www\SilvaMang-AI\dataset\retraining\EfficientNet-B0\rebuild_20260926\dataset\train\Avicennia_alba\e063d379c42289bc91316ca920abde1d7624eeb915198129fd10682a40006be0.jpg,unreviewed,,
Avicennia_alba/Flowers/inat_169545268_293956018_e66722d939.jpg,3,Avicennia_alba,01207db296d5f7c97001ae8d08da75d53aa6e125f8f0790b565f28b2d5d71a12,image:01207db296d5f7c97001ae8d08da75d53aa6e125f8f0790b565f28b2d5d71a12,train,dataset/train/Avicennia_alba/01207db296d5f7c97001ae8d08da75d53aa6e125f8f0790b565f28b2d5d71a12.jpg,C:\laragon\www\SilvaMang-AI\dataset\retraining\EfficientNet-B0\rebuild_20260926\dataset\train\Avicennia_alba\01207db296d5f7c97001ae8d08da75d53aa6e125f8f0790b565f28b2d5d71a12.jpg,unreviewed,,
Avicennia_alba/Leaves/gbif_4936517191_1_a97480a1c4.jpg,3,Avicennia_alba,cc782ef232aa69d40627b206f808ae418da889ba2683c551f98923dcd3560137,gbif:4936517191,train,dataset/train/Avicennia_alba/cc782ef232aa69d40627b206f808ae418da889ba2683c551f98923dcd3560137.jpg,C:\laragon\www\SilvaMang-AI\dataset\retraining\EfficientNet-B0\rebuild_20260926\dataset\train\Avicennia_alba\cc782ef232aa69d40627b206f808ae418da889ba2683c551f98923dcd3560137.jpg,unreviewed,,
Avicennia_alba/Flowers/gbif_6519042388_1_8b3cb05b0b.jpg,3,Avicennia_alba,3850ac3d11cd86c7b921dfebec13789c73946cf9b96fbfbe9416a14dcf6faf2b,gbif:6519042388,train,dataset/train/Avicennia_alba/3850ac3d11cd86c7b921dfebec13789c73946cf9b96fbfbe9416a14dcf6faf2b.jpg,C:\laragon\www\SilvaMang-AI\dataset\retraining\EfficientNet-B0\rebuild_20260926\dataset\train\Avicennia_alba\3850ac3d11cd86c7b921dfebec13789c73946cf9b96fbfbe9416a14dcf6faf2b.jpg,unreviewed,,
Avicennia_alba/bark/imgi_38_medium.jpg,3,Avicennia_alba,22854812642fc1bb0afceafc59f81fbae9d5a2ef99df339ab5185d2ef5d83578,image:22854812642fc1bb0afceafc59f81fbae9d5a2ef99df339ab5185d2ef5d83578,train,dataset/train/Avicennia_alba/22854812642fc1bb0afceafc59f81fbae9d5a2ef99df339ab5185d2ef5d83578.jpg,C:\laragon\www\SilvaMang-AI\dataset\retraining\EfficientNet-B0\rebuild_20260926\dataset\train\Avicennia_alba\22854812642fc1bb0afceafc59f81fbae9d5a2ef99df339ab5185d2ef5d83578.jpg,unreviewed,,
Avicennia_alba/Leaves/imgi_81_medium.jpg,3,Avicennia_alba,a29d62f69cf41567df36a9cb8322a4a0ca967ce6c8f3f0f2c06d4e2cbb6db1cb,image:a29d62f69cf41567df36a9cb8322a4a0ca967ce6c8f3f0f2c06d4e2cbb6db1cb,train,dataset/train/Avicennia_alba/a29d62f69cf41567df36a9cb8322a4a0ca967ce6c8f3f0f2c06d4e2cbb6db1cb.jpg,C:\laragon\www\SilvaMang-AI\dataset\retraining\EfficientNet-B0\rebuild_20260926\dataset\train\Avicennia_alba\a29d62f69cf41567df36a9cb8322a4a0ca967ce6c8f3f0f2c06d4e2cbb6db1cb.jpg,unreviewed,,
Avicennia_alba/Flowers/gbif_2422945012_0_4b022d195f.jpg,3,Avicennia_alba,20574b1e977a523ea627741308e1f5404b2765c228ea5f888b2697bc4e86ef90,gbif:2422945012,train,dataset/train/Avicennia_alba/20574b1e977a523ea627741308e1f5404b2765c228ea5f888b2697bc4e86ef90.jpg,C:\laragon\www\SilvaMang-AI\dataset\retraining\EfficientNet-B0\rebuild_20260926\dataset\train\Avicennia_alba\20574b1e977a523ea627741308e1f5404b2765c228ea5f888b2697bc4e86ef90.jpg,unreviewed,,
Avicennia_alba/Leaves/inat_152726921_263686649_74128e1784.jpg,3,Avicennia_alba,30c1c90e0d9bc91f5db1d49383c3d55bc9c2132ea7fe2307fd9599d68679ac8e,image:30c1c90e0d9bc91f5db1d49383c3d55bc9c2132ea7fe2307fd9599d68679ac8e,train,dataset/train/Avicennia_alba/30c1c90e0d9bc91f5db1d49383c3d55bc9c2132ea7fe2307fd9599d68679ac8e.jpg,C:\laragon\www\SilvaMang-AI\dataset\retraining\EfficientNet-B0\rebuild_20260926\dataset\train\Avicennia_alba\30c1c90e0d9bc91f5db1d49383c3d55bc9c2132ea7fe2307fd9599d68679ac8e.jpg,unreviewed,,
Avicennia_alba/Flowers/gbif_4936773070_0_a0cbf6268c.jpg,3,Avicennia_alba,14cb5254854d4188b2142b71b1a01f1aabdc7e9f92e4d2671f3e0b3e9b44f033,gbif:4936773070,train,dataset/train/Avicennia_alba/14cb5254854d4188b2142b71b1a01f1aabdc7e9f92e4d2671f3e0b3e9b44f033.jpg,C:\laragon\www\SilvaMang-AI\dataset\retraining\EfficientNet-B0\rebuild_20260926\dataset\train\Avicennia_alba\14cb5254854d4188b2142b71b1a01f1aabdc7e9f92e4d2671f3e0b3e9b44f033.jpg,unreviewed,,
Avicennia_alba/Flowers/gbif_4176974951_3_c269183570.jpg,3,Avicennia_alba,bebe10297806a4cdb2c03fe134ab23513c7ca7f514952dea53371e75d890a997,gbif:4176974951,train,dataset/train/Avicennia_alba/bebe10297806a4cdb2c03fe134ab23513c7ca7f514952dea53371e75d890a997.jpg,C:\laragon\www\SilvaMang-AI\dataset\retraining\EfficientNet-B0\rebuild_20260926\dataset\train\Avicennia_alba\bebe10297806a4cdb2c03fe134ab23513c7ca7f514952dea53371e75d890a997.jpg,unreviewed,,
Avicennia_alba/Leaves/gbif_5152992714_3_8cb8c231f4.jpg,3,Avicennia_alba,a8bcce685cbbbc0aca7b6ab27a88313c02e5d91063485623cfaac978c3b251dd,gbif:5152992714,train,dataset/train/Avicennia_alba/a8bcce685cbbbc0aca7b6ab27a88313c02e5d91063485623cfaac978c3b251dd.jpg,C:\laragon\www\SilvaMang-AI\dataset\retraining\EfficientNet-B0\rebuild_20260926\dataset\train\Avicennia_alba\a8bcce685cbbbc0aca7b6ab27a88313c02e5d91063485623cfaac978c3b251dd.jpg,unreviewed,,
Avicennia_alba/Flowers/commons_110764512_881e9b41a6.png,3,Avicennia_alba,acad176a07e2e4484a4e3f969e71567e8beaabe538f36426413be5727c21c5a9,commons:110764512,train,dataset/train/Avicennia_alba/acad176a07e2e4484a4e3f969e71567e8beaabe538f36426413be5727c21c5a9.jpg,C:\laragon\www\SilvaMang-AI\dataset\retraining\EfficientNet-B0\rebuild_20260926\dataset\train\Avicennia_alba\acad176a07e2e4484a4e3f969e71567e8beaabe538f36426413be5727c21c5a9.jpg,unreviewed,,
Avicennia_alba/Flowers/imgi_107_medium.jpg,3,Avicennia_alba,9ca81fc225d5924466128438247a471b8c7d53751af9c04526f47a0a37c6036e,image:9ca81fc225d5924466128438247a471b8c7d53751af9c04526f47a0a37c6036e,train,dataset/train/Avicennia_alba/9ca81fc225d5924466128438247a471b8c7d53751af9c04526f47a0a37c6036e.jpg,C:\laragon\www\SilvaMang-AI\dataset\retraining\EfficientNet-B0\rebuild_20260926\dataset\train\Avicennia_alba\9ca81fc225d5924466128438247a471b8c7d53751af9c04526f47a0a37c6036e.jpg,unreviewed,,
Avicennia_alba/Flowers/imgi_91_medium.jpg,3,Avicennia_alba,dfe33163a8969d4a632d4103847bc60fb18540aa1612f2b0852c2273800c65e3,image:dfe33163a8969d4a632d4103847bc60fb18540aa1612f2b0852c2273800c65e3,train,dataset/train/Avicennia_alba/dfe33163a8969d4a632d4103847bc60fb18540aa1612f2b0852c2273800c65e3.jpg,C:\laragon\www\SilvaMang-AI\dataset\retraining\EfficientNet-B0\rebuild_20260926\dataset\train\Avicennia_alba\dfe33163a8969d4a632d4103847bc60fb18540aa1612f2b0852c2273800c65e3.jpg,unreviewed,,
Avicennia_alba/Flowers/gbif_5154419670_0_fe4506f9bf.jpg,3,Avicennia_alba,a99a72290a7abd2d7c52618d17549c28fd6af3b1c90ae14d8f264f97f659f34c,gbif:5154419670,train,dataset/train/Avicennia_alba/a99a72290a7abd2d7c52618d17549c28fd6af3b1c90ae14d8f264f97f659f34c.jpg,C:\laragon\www\SilvaMang-AI\dataset\retraining\EfficientNet-B0\rebuild_20260926\dataset\train\Avicennia_alba\a99a72290a7abd2d7c52618d17549c28fd6af3b1c90ae14d8f264f97f659f34c.jpg,unreviewed,,
Avicennia_alba/Leaves/commons_146048342_f427ed2e0b.jpg,3,Avicennia_alba,bc5be2b8434bf4f8c0c0129114168e99f67390ca55fc7e98c4cd4a20c9821cd7,commons:146048342,train,dataset/train/Avicennia_alba/bc5be2b8434bf4f8c0c0129114168e99f67390ca55fc7e98c4cd4a20c9821cd7.jpg,C:\laragon\www\SilvaMang-AI\dataset\retraining\EfficientNet-B0\rebuild_20260926\dataset\train\Avicennia_alba\bc5be2b8434bf4f8c0c0129114168e99f67390ca55fc7e98c4cd4a20c9821cd7.jpg,unreviewed,,
Avicennia_alba/Flowers/imgi_68_medium.jpg,3,Avicennia_alba,5bd41dd11d4faadfd3b52fa3f2abe3d595db54018da4dfdcdd6d0d834e9914df,image:5bd41dd11d4faadfd3b52fa3f2abe3d595db54018da4dfdcdd6d0d834e9914df,train,dataset/train/Avicennia_alba/5bd41dd11d4faadfd3b52fa3f2abe3d595db54018da4dfdcdd6d0d834e9914df.jpg,C:\laragon\www\SilvaMang-AI\dataset\retraining\EfficientNet-B0\rebuild_20260926\dataset\train\Avicennia_alba\5bd41dd11d4faadfd3b52fa3f2abe3d595db54018da4dfdcdd6d0d834e9914df.jpg,unreviewed,,
Avicennia_alba/Flowers/gbif_4936115756_0_056e0e98cd.jpg,3,Avicennia_alba,e9a997bba24f370ffce4b8f48b7906e98833af448ad91d171dd1a4c127e77a49,gbif:4936115756,train,dataset/train/Avicennia_alba/e9a997bba24f370ffce4b8f48b7906e98833af448ad91d171dd1a4c127e77a49.jpg,C:\laragon\www\SilvaMang-AI\dataset\retraining\EfficientNet-B0\rebuild_20260926\dataset\train\Avicennia_alba\e9a997bba24f370ffce4b8f48b7906e98833af448ad91d171dd1a4c127e77a49.jpg,unreviewed,,
Avicennia_alba/Leaves/imgi_98_medium.jpg,3,Avicennia_alba,9e246b5cc1ce17bf18eafc1d2f35e8619d68adb8f7d4b21e75f062bf396cd752,image:9e246b5cc1ce17bf18eafc1d2f35e8619d68adb8f7d4b21e75f062bf396cd752,train,dataset/train/Avicennia_alba/9e246b5cc1ce17bf18eafc1d2f35e8619d68adb8f7d4b21e75f062bf396cd752.jpg,C:\laragon\www\SilvaMang-AI\dataset\retraining\EfficientNet-B0\rebuild_20260926\dataset\train\Avicennia_alba\9e246b5cc1ce17bf18eafc1d2f35e8619d68adb8f7d4b21e75f062bf396cd752.jpg,unreviewed,,
Avicennia_alba/Flowers/gbif_4075975053_0_8a4c97ad2a.jpg,3,Avicennia_alba,d10a449c0cd780c75bed5e3309e00a438cb85db4e2ef2fb116dc8c9eacf7a872,gbif:4075975053,train,dataset/train/Avicennia_alba/d10a449c0cd780c75bed5e3309e00a438cb85db4e2ef2fb116dc8c9eacf7a872.jpg,C:\laragon\www\SilvaMang-AI\dataset\retraining\EfficientNet-B0\rebuild_20260926\dataset\train\Avicennia_alba\d10a449c0cd780c75bed5e3309e00a438cb85db4e2ef2fb116dc8c9eacf7a872.jpg,unreviewed,,
Xylocarpus_moluccensis/Leaves/imgi_49_medium.jpg,27,Xylocarpus_moluccensis,cc2888f8a5d026c2de2e475b936f4834a65edf966499ba77cb516dfa43f9c23d,image:cc2888f8a5d026c2de2e475b936f4834a65edf966499ba77cb516dfa43f9c23d,train,dataset/train/Xylocarpus_moluccensis/cc2888f8a5d026c2de2e475b936f4834a65edf966499ba77cb516dfa43f9c23d.jpg,C:\laragon\www\SilvaMang-AI\dataset\retraining\EfficientNet-B0\rebuild_20260926\dataset\train\Xylocarpus_moluccensis\cc2888f8a5d026c2de2e475b936f4834a65edf966499ba77cb516dfa43f9c23d.jpg,unreviewed,,
Xylocarpus_moluccensis/Barks/imgi_82_medium.jpg,27,Xylocarpus_moluccensis,fcf170a8536703a3b7c51c431e73b22df9942adbb2f3cd9dc86d5ec53b8c5fe1,image:fcf170a8536703a3b7c51c431e73b22df9942adbb2f3cd9dc86d5ec53b8c5fe1,train,dataset/train/Xylocarpus_moluccensis/fcf170a8536703a3b7c51c431e73b22df9942adbb2f3cd9dc86d5ec53b8c5fe1.jpg,C:\laragon\www\SilvaMang-AI\dataset\retraining\EfficientNet-B0\rebuild_20260926\dataset\train\Xylocarpus_moluccensis\fcf170a8536703a3b7c51c431e73b22df9942adbb2f3cd9dc86d5ec53b8c5fe1.jpg,unreviewed,,
Xylocarpus_moluccensis/Leaves/imgi_158_medium.jpg,27,Xylocarpus_moluccensis,0b6f52f517f9dc1e03e3905ae6209a424dad54f270f55ee042dc865289aa61b7,image:0b6f52f517f9dc1e03e3905ae6209a424dad54f270f55ee042dc865289aa61b7,train,dataset/train/Xylocarpus_moluccensis/0b6f52f517f9dc1e03e3905ae6209a424dad54f270f55ee042dc865289aa61b7.jpg,C:\laragon\www\SilvaMang-AI\dataset\retraining\EfficientNet-B0\rebuild_20260926\dataset\train\Xylocarpus_moluccensis\0b6f52f517f9dc1e03e3905ae6209a424dad54f270f55ee042dc865289aa61b7.jpg,unreviewed,,
Xylocarpus_moluccensis/Flowers/imgi_47_medium.jpg,27,Xylocarpus_moluccensis,a708f717428233876bcc2560a3ce611ac3e329ebffbcc3eb629fe3bb41ae3d19,image:a708f717428233876bcc2560a3ce611ac3e329ebffbcc3eb629fe3bb41ae3d19,train,dataset/train/Xylocarpus_moluccensis/a708f717428233876bcc2560a3ce611ac3e329ebffbcc3eb629fe3bb41ae3d19.jpg,C:\laragon\www\SilvaMang-AI\dataset\retraining\EfficientNet-B0\rebuild_20260926\dataset\train\Xylocarpus_moluccensis\a708f717428233876bcc2560a3ce611ac3e329ebffbcc3eb629fe3bb41ae3d19.jpg,unreviewed,,
Xylocarpus_moluccensis/Leaves/imgi_134_medium.jpg,27,Xylocarpus_moluccensis,2211c1c3a78b50ec337a023bad2f006fbf92c50b362fc65558991de1cb4d4556,image:2211c1c3a78b50ec337a023bad2f006fbf92c50b362fc65558991de1cb4d4556,train,dataset/train/Xylocarpus_moluccensis/2211c1c3a78b50ec337a023bad2f006fbf92c50b362fc65558991de1cb4d4556.jpg,C:\laragon\www\SilvaMang-AI\dataset\retraining\EfficientNet-B0\rebuild_20260926\dataset\train\Xylocarpus_moluccensis\2211c1c3a78b50ec337a023bad2f006fbf92c50b362fc65558991de1cb4d4556.jpg,unreviewed,,
Xylocarpus_moluccensis/Leaves/imgi_156_medium.jpg,27,Xylocarpus_moluccensis,fdc7ae27d00c6fc21af00014b7594af27a6b9d4f09897af7a0a94a6ebff75b73,image:fdc7ae27d00c6fc21af00014b7594af27a6b9d4f09897af7a0a94a6ebff75b73,train,dataset/train/Xylocarpus_moluccensis/fdc7ae27d00c6fc21af00014b7594af27a6b9d4f09897af7a0a94a6ebff75b73.jpg,C:\laragon\www\SilvaMang-AI\dataset\retraining\EfficientNet-B0\rebuild_20260926\dataset\train\Xylocarpus_moluccensis\fdc7ae27d00c6fc21af00014b7594af27a6b9d4f09897af7a0a94a6ebff75b73.jpg,unreviewed,,
Xylocarpus_moluccensis/Leaves/imgi_103_medium.jpg,27,Xylocarpus_moluccensis,4403d2075f823d99ab1b42125783a52ba5ec9a6ee1c3d77520507f5701a3fbcf,image:4403d2075f823d99ab1b42125783a52ba5ec9a6ee1c3d77520507f5701a3fbcf,train,dataset/train/Xylocarpus_moluccensis/4403d2075f823d99ab1b42125783a52ba5ec9a6ee1c3d77520507f5701a3fbcf.jpg,C:\laragon\www\SilvaMang-AI\dataset\retraining\EfficientNet-B0\rebuild_20260926\dataset\train\Xylocarpus_moluccensis\4403d2075f823d99ab1b42125783a52ba5ec9a6ee1c3d77520507f5701a3fbcf.jpg,unreviewed,,
Xylocarpus_moluccensis/Leaves/imgi_33_medium.jpg,27,Xylocarpus_moluccensis,3396e7f1e7f16fd5271425caa41528e3a8838a74a6d04d1cd7940904dce1e72f,image:3396e7f1e7f16fd5271425caa41528e3a8838a74a6d04d1cd7940904dce1e72f,train,dataset/train/Xylocarpus_moluccensis/3396e7f1e7f16fd5271425caa41528e3a8838a74a6d04d1cd7940904dce1e72f.jpg,C:\laragon\www\SilvaMang-AI\dataset\retraining\EfficientNet-B0\rebuild_20260926\dataset\train\Xylocarpus_moluccensis\3396e7f1e7f16fd5271425caa41528e3a8838a74a6d04d1cd7940904dce1e72f.jpg,unreviewed,,
Xylocarpus_moluccensis/Leaves/imgi_113_medium.jpg,27,Xylocarpus_moluccensis,ffbd1c2dc0fe11c93aa80d01cc274c48fcf71c21adf3ffb8835592242c0c2d0b,image:ffbd1c2dc0fe11c93aa80d01cc274c48fcf71c21adf3ffb8835592242c0c2d0b,train,dataset/train/Xylocarpus_moluccensis/ffbd1c2dc0fe11c93aa80d01cc274c48fcf71c21adf3ffb8835592242c0c2d0b.jpg,C:\laragon\www\SilvaMang-AI\dataset\retraining\EfficientNet-B0\rebuild_20260926\dataset\train\Xylocarpus_moluccensis\ffbd1c2dc0fe11c93aa80d01cc274c48fcf71c21adf3ffb8835592242c0c2d0b.jpg,unreviewed,,
Xylocarpus_moluccensis/Leaves/imgi_144_medium.jpg,27,Xylocarpus_moluccensis,7893afe93cacdd22982898d64650f460a6857711acaa5770e284e61d46fbc0cd,image:7893afe93cacdd22982898d64650f460a6857711acaa5770e284e61d46fbc0cd,train,dataset/train/Xylocarpus_moluccensis/7893afe93cacdd22982898d64650f460a6857711acaa5770e284e61d46fbc0cd.jpg,C:\laragon\www\SilvaMang-AI\dataset\retraining\EfficientNet-B0\rebuild_20260926\dataset\train\Xylocarpus_moluccensis\7893afe93cacdd22982898d64650f460a6857711acaa5770e284e61d46fbc0cd.jpg,unreviewed,,
Xylocarpus_moluccensis/Flowers/imgi_93_medium.jpg,27,Xylocarpus_moluccensis,7ce9f24ea36a07c79b0ad8f9d6ece23388301e9424bf355b0f3acc8226a23696,image:7ce9f24ea36a07c79b0ad8f9d6ece23388301e9424bf355b0f3acc8226a23696,train,dataset/train/Xylocarpus_moluccensis/7ce9f24ea36a07c79b0ad8f9d6ece23388301e9424bf355b0f3acc8226a23696.jpg,C:\laragon\www\SilvaMang-AI\dataset\retraining\EfficientNet-B0\rebuild_20260926\dataset\train\Xylocarpus_moluccensis\7ce9f24ea36a07c79b0ad8f9d6ece23388301e9424bf355b0f3acc8226a23696.jpg,unreviewed,,
Xylocarpus_moluccensis/Leaves/imgi_55_medium.jpg,27,Xylocarpus_moluccensis,2cf8ce4fc8c467e38cbcffc545e05a252652000fd145fcf765c3daa4aba19afb,image:2cf8ce4fc8c467e38cbcffc545e05a252652000fd145fcf765c3daa4aba19afb,train,dataset/train/Xylocarpus_moluccensis/2cf8ce4fc8c467e38cbcffc545e05a252652000fd145fcf765c3daa4aba19afb.jpg,C:\laragon\www\SilvaMang-AI\dataset\retraining\EfficientNet-B0\rebuild_20260926\dataset\train\Xylocarpus_moluccensis\2cf8ce4fc8c467e38cbcffc545e05a252652000fd145fcf765c3daa4aba19afb.jpg,unreviewed,,
Xylocarpus_moluccensis/Leaves/imgi_53_medium.jpg,27,Xylocarpus_moluccensis,9e67766b2eed5cc14eb42e73dffda46a104f17c80ef702367c8f00f3ceb65025,image:9e67766b2eed5cc14eb42e73dffda46a104f17c80ef702367c8f00f3ceb65025,train,dataset/train/Xylocarpus_moluccensis/9e67766b2eed5cc14eb42e73dffda46a104f17c80ef702367c8f00f3ceb65025.jpg,C:\laragon\www\SilvaMang-AI\dataset\retraining\EfficientNet-B0\rebuild_20260926\dataset\train\Xylocarpus_moluccensis\9e67766b2eed5cc14eb42e73dffda46a104f17c80ef702367c8f00f3ceb65025.jpg,unreviewed,,
Xylocarpus_moluccensis/Leaves/imgi_80_medium.jpg,27,Xylocarpus_moluccensis,34d6f22f46d154b0e1a6a824dc8e12ae90640d199827ec2ff40b2ea976fa988f,image:34d6f22f46d154b0e1a6a824dc8e12ae90640d199827ec2ff40b2ea976fa988f,train,dataset/train/Xylocarpus_moluccensis/34d6f22f46d154b0e1a6a824dc8e12ae90640d199827ec2ff40b2ea976fa988f.jpg,C:\laragon\www\SilvaMang-AI\dataset\retraining\EfficientNet-B0\rebuild_20260926\dataset\train\Xylocarpus_moluccensis\34d6f22f46d154b0e1a6a824dc8e12ae90640d199827ec2ff40b2ea976fa988f.jpg,unreviewed,,
Xylocarpus_moluccensis/Leaves/imgi_63_medium.jpg,27,Xylocarpus_moluccensis,7cedf7dac8d0f168346c571f0eade63c407924aa41c26995a45a6983e0edd348,image:7cedf7dac8d0f168346c571f0eade63c407924aa41c26995a45a6983e0edd348,train,dataset/train/Xylocarpus_moluccensis/7cedf7dac8d0f168346c571f0eade63c407924aa41c26995a45a6983e0edd348.jpg,C:\laragon\www\SilvaMang-AI\dataset\retraining\EfficientNet-B0\rebuild_20260926\dataset\train\Xylocarpus_moluccensis\7cedf7dac8d0f168346c571f0eade63c407924aa41c26995a45a6983e0edd348.jpg,unreviewed,,
Xylocarpus_moluccensis/Leaves/imgi_164_medium.jpg,27,Xylocarpus_moluccensis,6532ff851f4d1cb4dfe6489490f5a0f89ed1ba685b8a18f9b5ce02d59742449e,image:6532ff851f4d1cb4dfe6489490f5a0f89ed1ba685b8a18f9b5ce02d59742449e,train,dataset/train/Xylocarpus_moluccensis/6532ff851f4d1cb4dfe6489490f5a0f89ed1ba685b8a18f9b5ce02d59742449e.jpg,C:\laragon\www\SilvaMang-AI\dataset\retraining\EfficientNet-B0\rebuild_20260926\dataset\train\Xylocarpus_moluccensis\6532ff851f4d1cb4dfe6489490f5a0f89ed1ba685b8a18f9b5ce02d59742449e.jpg,unreviewed,,
Xylocarpus_moluccensis/Roots/imgi_98_medium.jpg,27,Xylocarpus_moluccensis,20a26b2978ddbeacf128256503c528c781efa6d99590bd27a7283d289ba99baa,image:20a26b2978ddbeacf128256503c528c781efa6d99590bd27a7283d289ba99baa,train,dataset/train/Xylocarpus_moluccensis/20a26b2978ddbeacf128256503c528c781efa6d99590bd27a7283d289ba99baa.jpg,C:\laragon\www\SilvaMang-AI\dataset\retraining\EfficientNet-B0\rebuild_20260926\dataset\train\Xylocarpus_moluccensis\20a26b2978ddbeacf128256503c528c781efa6d99590bd27a7283d289ba99baa.jpg,unreviewed,,
Xylocarpus_moluccensis/Leaves/gbif_5206113329_3_0a5086e9d0.jpg,27,Xylocarpus_moluccensis,49739d47bbda093486e4cb81270caa4a7869283b5ea272ba54c026d37c6ed948,gbif:5206113329,train,dataset/train/Xylocarpus_moluccensis/49739d47bbda093486e4cb81270caa4a7869283b5ea272ba54c026d37c6ed948.jpg,C:\laragon\www\SilvaMang-AI\dataset\retraining\EfficientNet-B0\rebuild_20260926\dataset\train\Xylocarpus_moluccensis\49739d47bbda093486e4cb81270caa4a7869283b5ea272ba54c026d37c6ed948.jpg,unreviewed,,
Xylocarpus_moluccensis/Leaves/imgi_130_medium.jpg,27,Xylocarpus_moluccensis,903b8482153a346793c604f1722b09dedbebaa6786fba5e8eb9917b81629bf59,image:903b8482153a346793c604f1722b09dedbebaa6786fba5e8eb9917b81629bf59,train,dataset/train/Xylocarpus_moluccensis/903b8482153a346793c604f1722b09dedbebaa6786fba5e8eb9917b81629bf59.jpg,C:\laragon\www\SilvaMang-AI\dataset\retraining\EfficientNet-B0\rebuild_20260926\dataset\train\Xylocarpus_moluccensis\903b8482153a346793c604f1722b09dedbebaa6786fba5e8eb9917b81629bf59.jpg,unreviewed,,
Xylocarpus_moluccensis/Leaves/imgi_73_medium.jpg,27,Xylocarpus_moluccensis,2a4756526809ec67791e3a9965020e8e76cbb92d30f8b2dcc2482b3d6842e8b2,image:2a4756526809ec67791e3a9965020e8e76cbb92d30f8b2dcc2482b3d6842e8b2,train,dataset/train/Xylocarpus_moluccensis/2a4756526809ec67791e3a9965020e8e76cbb92d30f8b2dcc2482b3d6842e8b2.jpg,C:\laragon\www\SilvaMang-AI\dataset\retraining\EfficientNet-B0\rebuild_20260926\dataset\train\Xylocarpus_moluccensis\2a4756526809ec67791e3a9965020e8e76cbb92d30f8b2dcc2482b3d6842e8b2.jpg,unreviewed,,
Rhizophora_mucronata/bark/close-bark-early-rhizophora-mucronata-260nw-1184941099.webp,21,Rhizophora_mucronata,f4b90d934853128dc0ddfd9b3acde2740cd9dae8c57ab23be9f07366c5b376e9,image:f4b90d934853128dc0ddfd9b3acde2740cd9dae8c57ab23be9f07366c5b376e9,train,dataset/train/Rhizophora_mucronata/f4b90d934853128dc0ddfd9b3acde2740cd9dae8c57ab23be9f07366c5b376e9.jpg,C:\laragon\www\SilvaMang-AI\dataset\retraining\EfficientNet-B0\rebuild_20260926\dataset\train\Rhizophora_mucronata\f4b90d934853128dc0ddfd9b3acde2740cd9dae8c57ab23be9f07366c5b376e9.jpg,unreviewed,,
Rhizophora_mucronata/canopy/imgi_37_medium.jpg,21,Rhizophora_mucronata,a2f517906564b0e9a8529411f62add729a426c74a58c26e5abe8f6822d8c6f82,image:a2f517906564b0e9a8529411f62add729a426c74a58c26e5abe8f6822d8c6f82,train,dataset/train/Rhizophora_mucronata/a2f517906564b0e9a8529411f62add729a426c74a58c26e5abe8f6822d8c6f82.jpg,C:\laragon\www\SilvaMang-AI\dataset\retraining\EfficientNet-B0\rebuild_20260926\dataset\train\Rhizophora_mucronata\a2f517906564b0e9a8529411f62add729a426c74a58c26e5abe8f6822d8c6f82.jpg,unreviewed,,
Rhizophora_mucronata/canopy/imgi_96_medium.jpg,21,Rhizophora_mucronata,cd32324e3e44ae10af442fec14cebc45c12f7f0fd35606316d56d0188c0db77e,image:cd32324e3e44ae10af442fec14cebc45c12f7f0fd35606316d56d0188c0db77e,train,dataset/train/Rhizophora_mucronata/cd32324e3e44ae10af442fec14cebc45c12f7f0fd35606316d56d0188c0db77e.jpg,C:\laragon\www\SilvaMang-AI\dataset\retraining\EfficientNet-B0\rebuild_20260926\dataset\train\Rhizophora_mucronata\cd32324e3e44ae10af442fec14cebc45c12f7f0fd35606316d56d0188c0db77e.jpg,unreviewed,,
Rhizophora_mucronata/flowers/imgi_107_medium.jpg,21,Rhizophora_mucronata,4f6c490b23d7e92c19d00e8ec6e3b3cb9f6a733928f36f5b4be6f7f213525eb5,image:4f6c490b23d7e92c19d00e8ec6e3b3cb9f6a733928f36f5b4be6f7f213525eb5,train,dataset/train/Rhizophora_mucronata/4f6c490b23d7e92c19d00e8ec6e3b3cb9f6a733928f36f5b4be6f7f213525eb5.jpg,C:\laragon\www\SilvaMang-AI\dataset\retraining\EfficientNet-B0\rebuild_20260926\dataset\train\Rhizophora_mucronata\4f6c490b23d7e92c19d00e8ec6e3b3cb9f6a733928f36f5b4be6f7f213525eb5.jpg,unreviewed,,
Rhizophora_mucronata/bark/imgi_228_branching-mangrove-roots-complete-coastal-ecosystem-mangrove-ecosystem-krabi-province-thailand-vertical_483511-7112.jpg,21,Rhizophora_mucronata,8dc19f30d33e7ab0199d6d94faf501e402112227b2d2c5996a799fdbe79c6fab,image:8dc19f30d33e7ab0199d6d94faf501e402112227b2d2c5996a799fdbe79c6fab,train,dataset/train/Rhizophora_mucronata/8dc19f30d33e7ab0199d6d94faf501e402112227b2d2c5996a799fdbe79c6fab.jpg,C:\laragon\www\SilvaMang-AI\dataset\retraining\EfficientNet-B0\rebuild_20260926\dataset\train\Rhizophora_mucronata\8dc19f30d33e7ab0199d6d94faf501e402112227b2d2c5996a799fdbe79c6fab.jpg,unreviewed,,
Rhizophora_mucronata/leaves/imgi_145_medium.jpg,21,Rhizophora_mucronata,305ee96030f7fff4cca78eb68962d39e9937a6cf0023e5a00149a3f892b9c3bc,image:305ee96030f7fff4cca78eb68962d39e9937a6cf0023e5a00149a3f892b9c3bc,train,dataset/train/Rhizophora_mucronata/305ee96030f7fff4cca78eb68962d39e9937a6cf0023e5a00149a3f892b9c3bc.jpg,C:\laragon\www\SilvaMang-AI\dataset\retraining\EfficientNet-B0\rebuild_20260926\dataset\train\Rhizophora_mucronata\305ee96030f7fff4cca78eb68962d39e9937a6cf0023e5a00149a3f892b9c3bc.jpg,unreviewed,,
Rhizophora_mucronata/leaves/imgi_113_medium.jpg,21,Rhizophora_mucronata,9a42e4ee8e75651a52efa10e431f803b00547d38472189fc8c9a1bfcf1bd992f,image:9a42e4ee8e75651a52efa10e431f803b00547d38472189fc8c9a1bfcf1bd992f,train,dataset/train/Rhizophora_mucronata/9a42e4ee8e75651a52efa10e431f803b00547d38472189fc8c9a1bfcf1bd992f.jpg,C:\laragon\www\SilvaMang-AI\dataset\retraining\EfficientNet-B0\rebuild_20260926\dataset\train\Rhizophora_mucronata\9a42e4ee8e75651a52efa10e431f803b00547d38472189fc8c9a1bfcf1bd992f.jpg,unreviewed,,
Rhizophora_mucronata/bark/imgi_169_rhizophora-mucronata-loop-root-mangrove-red-mangrove-or-asiatic-mangrove-in-ishigaki-okinawa-japan-photo.jpg,21,Rhizophora_mucronata,49e352ab672a2b3ad5917a87caacdbfe1e4f39a2535b9a287df4c424b7af09e0,image:49e352ab672a2b3ad5917a87caacdbfe1e4f39a2535b9a287df4c424b7af09e0,train,dataset/train/Rhizophora_mucronata/49e352ab672a2b3ad5917a87caacdbfe1e4f39a2535b9a287df4c424b7af09e0.jpg,C:\laragon\www\SilvaMang-AI\dataset\retraining\EfficientNet-B0\rebuild_20260926\dataset\train\Rhizophora_mucronata\49e352ab672a2b3ad5917a87caacdbfe1e4f39a2535b9a287df4c424b7af09e0.jpg,unreviewed,,
Rhizophora_mucronata/flowers/imgi_64_medium.jpg,21,Rhizophora_mucronata,98a8fe9d7ad1f822bbb3d6ba5279119821d84211bfcd0a3d88198d5681141e1c,image:98a8fe9d7ad1f822bbb3d6ba5279119821d84211bfcd0a3d88198d5681141e1c,train,dataset/train/Rhizophora_mucronata/98a8fe9d7ad1f822bbb3d6ba5279119821d84211bfcd0a3d88198d5681141e1c.jpg,C:\laragon\www\SilvaMang-AI\dataset\retraining\EfficientNet-B0\rebuild_20260926\dataset\train\Rhizophora_mucronata\98a8fe9d7ad1f822bbb3d6ba5279119821d84211bfcd0a3d88198d5681141e1c.jpg,unreviewed,,
Rhizophora_mucronata/flowers/imgi_23_medium.jpg,21,Rhizophora_mucronata,e3fa0e475d48b4170c4245b8833117901f00c0cf536d844275ed4aaf7411b9ee,image:e3fa0e475d48b4170c4245b8833117901f00c0cf536d844275ed4aaf7411b9ee,train,dataset/train/Rhizophora_mucronata/e3fa0e475d48b4170c4245b8833117901f00c0cf536d844275ed4aaf7411b9ee.jpg,C:\laragon\www\SilvaMang-AI\dataset\retraining\EfficientNet-B0\rebuild_20260926\dataset\train\Rhizophora_mucronata\e3fa0e475d48b4170c4245b8833117901f00c0cf536d844275ed4aaf7411b9ee.jpg,unreviewed,,
Rhizophora_mucronata/flowers/imgi_144_medium.jpg,21,Rhizophora_mucronata,1e1b987dbd2234c8f28cffe6f5b0cce1d502ff3487629684a0545f45898e8daf,image:1e1b987dbd2234c8f28cffe6f5b0cce1d502ff3487629684a0545f45898e8daf,train,dataset/train/Rhizophora_mucronata/1e1b987dbd2234c8f28cffe6f5b0cce1d502ff3487629684a0545f45898e8daf.jpg,C:\laragon\www\SilvaMang-AI\dataset\retraining\EfficientNet-B0\rebuild_20260926\dataset\train\Rhizophora_mucronata\1e1b987dbd2234c8f28cffe6f5b0cce1d502ff3487629684a0545f45898e8daf.jpg,unreviewed,,
Rhizophora_mucronata/flowers/imgi_256_medium.jpg,21,Rhizophora_mucronata,78542666aa1619ff51b5976a92a72609350197e83c21bac474a2e0b9b6a28e29,image:78542666aa1619ff51b5976a92a72609350197e83c21bac474a2e0b9b6a28e29,train,dataset/train/Rhizophora_mucronata/78542666aa1619ff51b5976a92a72609350197e83c21bac474a2e0b9b6a28e29.jpg,C:\laragon\www\SilvaMang-AI\dataset\retraining\EfficientNet-B0\rebuild_20260926\dataset\train\Rhizophora_mucronata\78542666aa1619ff51b5976a92a72609350197e83c21bac474a2e0b9b6a28e29.jpg,unreviewed,,
Rhizophora_mucronata/flowers/imgi_187_medium.jpg,21,Rhizophora_mucronata,12d5fa8db381fc3b9b70fd971e5f7a81031ee20d99f881c37eaf841ed992427f,image:12d5fa8db381fc3b9b70fd971e5f7a81031ee20d99f881c37eaf841ed992427f,train,dataset/train/Rhizophora_mucronata/12d5fa8db381fc3b9b70fd971e5f7a81031ee20d99f881c37eaf841ed992427f.jpg,C:\laragon\www\SilvaMang-AI\dataset\retraining\EfficientNet-B0\rebuild_20260926\dataset\train\Rhizophora_mucronata\12d5fa8db381fc3b9b70fd971e5f7a81031ee20d99f881c37eaf841ed992427f.jpg,unreviewed,,
Rhizophora_mucronata/canopy/imgi_126_medium.jpg,21,Rhizophora_mucronata,58bba46fcf04bbee195317d0f8e933632b89a078b6dd87f1a4df64a7cf2a0d1c,image:58bba46fcf04bbee195317d0f8e933632b89a078b6dd87f1a4df64a7cf2a0d1c,train,dataset/train/Rhizophora_mucronata/58bba46fcf04bbee195317d0f8e933632b89a078b6dd87f1a4df64a7cf2a0d1c.jpg,C:\laragon\www\SilvaMang-AI\dataset\retraining\EfficientNet-B0\rebuild_20260926\dataset\train\Rhizophora_mucronata\58bba46fcf04bbee195317d0f8e933632b89a078b6dd87f1a4df64a7cf2a0d1c.jpg,unreviewed,,
Rhizophora_mucronata/flowers/imgi_284_large.jpg,21,Rhizophora_mucronata,27573489f27e82bcec248b28e1893a7559e89c15592fcf98a04d7bddedf1c397,image:27573489f27e82bcec248b28e1893a7559e89c15592fcf98a04d7bddedf1c397,train,dataset/train/Rhizophora_mucronata/27573489f27e82bcec248b28e1893a7559e89c15592fcf98a04d7bddedf1c397.jpg,C:\laragon\www\SilvaMang-AI\dataset\retraining\EfficientNet-B0\rebuild_20260926\dataset\train\Rhizophora_mucronata\27573489f27e82bcec248b28e1893a7559e89c15592fcf98a04d7bddedf1c397.jpg,unreviewed,,
Rhizophora_mucronata/flowers/imgi_81_medium.jpg,21,Rhizophora_mucronata,309912b42b8a420f5eb0b626ddd2a3f69610386da222720cd4e9118473669626,image:309912b42b8a420f5eb0b626ddd2a3f69610386da222720cd4e9118473669626,train,dataset/train/Rhizophora_mucronata/309912b42b8a420f5eb0b626ddd2a3f69610386da222720cd4e9118473669626.jpg,C:\laragon\www\SilvaMang-AI\dataset\retraining\EfficientNet-B0\rebuild_20260926\dataset\train\Rhizophora_mucronata\309912b42b8a420f5eb0b626ddd2a3f69610386da222720cd4e9118473669626.jpg,unreviewed,,
Rhizophora_mucronata/flowers/imgi_297_medium.jpg,21,Rhizophora_mucronata,dec9f43255b4622be0892bff4029cfdef83c8c9a4a19675241272a489be7c249,image:dec9f43255b4622be0892bff4029cfdef83c8c9a4a19675241272a489be7c249,train,dataset/train/Rhizophora_mucronata/dec9f43255b4622be0892bff4029cfdef83c8c9a4a19675241272a489be7c249.jpg,C:\laragon\www\SilvaMang-AI\dataset\retraining\EfficientNet-B0\rebuild_20260926\dataset\train\Rhizophora_mucronata\dec9f43255b4622be0892bff4029cfdef83c8c9a4a19675241272a489be7c249.jpg,unreviewed,,
Rhizophora_mucronata/flowers/imgi_84_medium.jpg,21,Rhizophora_mucronata,9d357bba64d24cd7e5e312c94fd7dccee5abebb9002d1b89bf23809a885ec8c5,image:9d357bba64d24cd7e5e312c94fd7dccee5abebb9002d1b89bf23809a885ec8c5,train,dataset/train/Rhizophora_mucronata/9d357bba64d24cd7e5e312c94fd7dccee5abebb9002d1b89bf23809a885ec8c5.jpg,C:\laragon\www\SilvaMang-AI\dataset\retraining\EfficientNet-B0\rebuild_20260926\dataset\train\Rhizophora_mucronata\9d357bba64d24cd7e5e312c94fd7dccee5abebb9002d1b89bf23809a885ec8c5.jpg,unreviewed,,
Rhizophora_mucronata/canopy/imgi_32_medium.jpg,21,Rhizophora_mucronata,92228adac35f4ba73f034a9720b0118478b77ec0b04b4026b9e9656558f46571,image:92228adac35f4ba73f034a9720b0118478b77ec0b04b4026b9e9656558f46571,train,dataset/train/Rhizophora_mucronata/92228adac35f4ba73f034a9720b0118478b77ec0b04b4026b9e9656558f46571.jpg,C:\laragon\www\SilvaMang-AI\dataset\retraining\EfficientNet-B0\rebuild_20260926\dataset\train\Rhizophora_mucronata\92228adac35f4ba73f034a9720b0118478b77ec0b04b4026b9e9656558f46571.jpg,unreviewed,,
Rhizophora_mucronata/flowers/imgi_42_medium.jpg,21,Rhizophora_mucronata,13e8056be021e17fb4b3ce1133145967631b6efa9beee0c617d480977dbf1457,image:13e8056be021e17fb4b3ce1133145967631b6efa9beee0c617d480977dbf1457,train,dataset/train/Rhizophora_mucronata/13e8056be021e17fb4b3ce1133145967631b6efa9beee0c617d480977dbf1457.jpg,C:\laragon\www\SilvaMang-AI\dataset\retraining\EfficientNet-B0\rebuild_20260926\dataset\train\Rhizophora_mucronata\13e8056be021e17fb4b3ce1133145967631b6efa9beee0c617d480977dbf1457.jpg,unreviewed,,
Avicennia_officinalis/Flowers/gbif_5110517887_0_1577b0f0b7.jpg,5,Avicennia_officinalis,5a6f496d244f14a80f6ccc813cfbffa6ab4a53412ca7e9f0846ddf39a03097d0,gbif:5110517887,train,dataset/train/Avicennia_officinalis/5a6f496d244f14a80f6ccc813cfbffa6ab4a53412ca7e9f0846ddf39a03097d0.jpg,C:\laragon\www\SilvaMang-AI\dataset\retraining\EfficientNet-B0\rebuild_20260926\dataset\train\Avicennia_officinalis\5a6f496d244f14a80f6ccc813cfbffa6ab4a53412ca7e9f0846ddf39a03097d0.jpg,unreviewed,,
Avicennia_officinalis/Leaves/gbif_5167469514_0_7df3f9ea5e.jpg,5,Avicennia_officinalis,948ceee62688e5bff2824e129780fe5d9f628209c9bf3b30aafe7a338051859a,gbif:5167469514,train,dataset/train/Avicennia_officinalis/948ceee62688e5bff2824e129780fe5d9f628209c9bf3b30aafe7a338051859a.jpg,C:\laragon\www\SilvaMang-AI\dataset\retraining\EfficientNet-B0\rebuild_20260926\dataset\train\Avicennia_officinalis\948ceee62688e5bff2824e129780fe5d9f628209c9bf3b30aafe7a338051859a.jpg,unreviewed,,
Avicennia_officinalis/Flowers/gbif_6186046725_0_114b7cdaaa.jpg,5,Avicennia_officinalis,1aa6d32c97dac272350e796d5a9eaf4fa5df52b08a7934443bc4f64f488f8437,gbif:6186046725,train,dataset/train/Avicennia_officinalis/1aa6d32c97dac272350e796d5a9eaf4fa5df52b08a7934443bc4f64f488f8437.jpg,C:\laragon\www\SilvaMang-AI\dataset\retraining\EfficientNet-B0\rebuild_20260926\dataset\train\Avicennia_officinalis\1aa6d32c97dac272350e796d5a9eaf4fa5df52b08a7934443bc4f64f488f8437.jpg,unreviewed,,
Avicennia_officinalis/Flowers/imgi_32_medium.jpg,5,Avicennia_officinalis,343e26681605739eb5ce9fe8f0f0e69726808797321cd1eaa9cfbed9a3886318,image:343e26681605739eb5ce9fe8f0f0e69726808797321cd1eaa9cfbed9a3886318,train,dataset/train/Avicennia_officinalis/343e26681605739eb5ce9fe8f0f0e69726808797321cd1eaa9cfbed9a3886318.jpg,C:\laragon\www\SilvaMang-AI\dataset\retraining\EfficientNet-B0\rebuild_20260926\dataset\train\Avicennia_officinalis\343e26681605739eb5ce9fe8f0f0e69726808797321cd1eaa9cfbed9a3886318.jpg,unreviewed,,
Avicennia_officinalis/Roots/IMG_20260922_132135_Burst09.jpg,5,Avicennia_officinalis,7d6b004663bc4338ab4dc925b8afd9e7cfdd6ee57940fbc05b235c994d8fa375,image:7d6b004663bc4338ab4dc925b8afd9e7cfdd6ee57940fbc05b235c994d8fa375,train,dataset/train/Avicennia_officinalis/7d6b004663bc4338ab4dc925b8afd9e7cfdd6ee57940fbc05b235c994d8fa375.jpg,C:\laragon\www\SilvaMang-AI\dataset\retraining\EfficientNet-B0\rebuild_20260926\dataset\train\Avicennia_officinalis\7d6b004663bc4338ab4dc925b8afd9e7cfdd6ee57940fbc05b235c994d8fa375.jpg,unreviewed,,
Avicennia_officinalis/Flowers/commons_51583329_498a901b48.jpg,5,Avicennia_officinalis,e0797bc5d50b4855cd4d6c4834d2ea0f7ae67ba51648f318f3ef5fe2091e293e,commons:51583329,train,dataset/train/Avicennia_officinalis/e0797bc5d50b4855cd4d6c4834d2ea0f7ae67ba51648f318f3ef5fe2091e293e.jpg,C:\laragon\www\SilvaMang-AI\dataset\retraining\EfficientNet-B0\rebuild_20260926\dataset\train\Avicennia_officinalis\e0797bc5d50b4855cd4d6c4834d2ea0f7ae67ba51648f318f3ef5fe2091e293e.jpg,unreviewed,,
Avicennia_officinalis/Leaves/gbif_5890091425_1_6b527bf7b7.jpg,5,Avicennia_officinalis,598647c6f5fe03ee111515894e20548eb25b535e938f5545ed58861955270401,gbif:5890091425,train,dataset/train/Avicennia_officinalis/598647c6f5fe03ee111515894e20548eb25b535e938f5545ed58861955270401.jpg,C:\laragon\www\SilvaMang-AI\dataset\retraining\EfficientNet-B0\rebuild_20260926\dataset\train\Avicennia_officinalis\598647c6f5fe03ee111515894e20548eb25b535e938f5545ed58861955270401.jpg,unreviewed,,
Avicennia_officinalis/Leaves/imgi_102_medium.jpg,5,Avicennia_officinalis,f9264c32e2aba6a5d303fbee25a8d586e5660ce287215e0ceb03b8e59d21b7bc,image:f9264c32e2aba6a5d303fbee25a8d586e5660ce287215e0ceb03b8e59d21b7bc,train,dataset/train/Avicennia_officinalis/f9264c32e2aba6a5d303fbee25a8d586e5660ce287215e0ceb03b8e59d21b7bc.jpg,C:\laragon\www\SilvaMang-AI\dataset\retraining\EfficientNet-B0\rebuild_20260926\dataset\train\Avicennia_officinalis\f9264c32e2aba6a5d303fbee25a8d586e5660ce287215e0ceb03b8e59d21b7bc.jpg,unreviewed,,
Avicennia_officinalis/Flowers/commons_51598487_1709aa5f4a.jpg,5,Avicennia_officinalis,6c1642e1901fd7c5be820b249f23c904efe1fa06fbfaa12f44fe78aac63f406d,commons:51598487,train,dataset/train/Avicennia_officinalis/6c1642e1901fd7c5be820b249f23c904efe1fa06fbfaa12f44fe78aac63f406d.jpg,C:\laragon\www\SilvaMang-AI\dataset\retraining\EfficientNet-B0\rebuild_20260926\dataset\train\Avicennia_officinalis\6c1642e1901fd7c5be820b249f23c904efe1fa06fbfaa12f44fe78aac63f406d.jpg,unreviewed,,
Avicennia_officinalis/Leaves/IMG_20260922_132230_Burst06.jpg,5,Avicennia_officinalis,27cb52fe639ff2991a616795525ea3591396b38bab41d539f911e45259980431,image:27cb52fe639ff2991a616795525ea3591396b38bab41d539f911e45259980431,train,dataset/train/Avicennia_officinalis/27cb52fe639ff2991a616795525ea3591396b38bab41d539f911e45259980431.jpg,C:\laragon\www\SilvaMang-AI\dataset\retraining\EfficientNet-B0\rebuild_20260926\dataset\train\Avicennia_officinalis\27cb52fe639ff2991a616795525ea3591396b38bab41d539f911e45259980431.jpg,unreviewed,,
Avicennia_officinalis/Leaves/gbif_6334435815_0_22dfe1693e.jpg,5,Avicennia_officinalis,4e641a0b8d7f3a14e44aa1d64f82dc05b60e1dce79b74089d4e78566e7e52ab4,gbif:6334435815,train,dataset/train/Avicennia_officinalis/4e641a0b8d7f3a14e44aa1d64f82dc05b60e1dce79b74089d4e78566e7e52ab4.jpg,C:\laragon\www\SilvaMang-AI\dataset\retraining\EfficientNet-B0\rebuild_20260926\dataset\train\Avicennia_officinalis\4e641a0b8d7f3a14e44aa1d64f82dc05b60e1dce79b74089d4e78566e7e52ab4.jpg,unreviewed,,
Avicennia_officinalis/Flowers/gbif_5167919550_0_862a3cbc56.jpg,5,Avicennia_officinalis,2f0c2d4a8c99609f41e5522d538b18274c6e4429607c3b170d5141cef8f120cd,gbif:5167919550,train,dataset/train/Avicennia_officinalis/2f0c2d4a8c99609f41e5522d538b18274c6e4429607c3b170d5141cef8f120cd.jpg,C:\laragon\www\SilvaMang-AI\dataset\retraining\EfficientNet-B0\rebuild_20260926\dataset\train\Avicennia_officinalis\2f0c2d4a8c99609f41e5522d538b18274c6e4429607c3b170d5141cef8f120cd.jpg,unreviewed,,
Avicennia_officinalis/Flowers/commons_51598555_07685d90a5.jpg,5,Avicennia_officinalis,50655e165b0522a3d2f6c585940bc1f49459d5e40bd8dab8b74a9a0ce096527f,commons:51598555,train,dataset/train/Avicennia_officinalis/50655e165b0522a3d2f6c585940bc1f49459d5e40bd8dab8b74a9a0ce096527f.jpg,C:\laragon\www\SilvaMang-AI\dataset\retraining\EfficientNet-B0\rebuild_20260926\dataset\train\Avicennia_officinalis\50655e165b0522a3d2f6c585940bc1f49459d5e40bd8dab8b74a9a0ce096527f.jpg,unreviewed,,
Avicennia_officinalis/Leaves/imgi_80_medium.jpg,5,Avicennia_officinalis,098d42236e1798eae064e4ada49487dd88b94f8eb25cf6b8e5d6bdfdf35d8c93,image:098d42236e1798eae064e4ada49487dd88b94f8eb25cf6b8e5d6bdfdf35d8c93,train,dataset/train/Avicennia_officinalis/098d42236e1798eae064e4ada49487dd88b94f8eb25cf6b8e5d6bdfdf35d8c93.jpg,C:\laragon\www\SilvaMang-AI\dataset\retraining\EfficientNet-B0\rebuild_20260926\dataset\train\Avicennia_officinalis\098d42236e1798eae064e4ada49487dd88b94f8eb25cf6b8e5d6bdfdf35d8c93.jpg,unreviewed,,
Avicennia_officinalis/Leaves/imgi_92_medium.jpg,5,Avicennia_officinalis,a5dd0d344879af3dc2e845a95d9a3f18cdf69d3f258e92e70d6d253d573de4bc,image:a5dd0d344879af3dc2e845a95d9a3f18cdf69d3f258e92e70d6d253d573de4bc,train,dataset/train/Avicennia_officinalis/a5dd0d344879af3dc2e845a95d9a3f18cdf69d3f258e92e70d6d253d573de4bc.jpg,C:\laragon\www\SilvaMang-AI\dataset\retraining\EfficientNet-B0\rebuild_20260926\dataset\train\Avicennia_officinalis\a5dd0d344879af3dc2e845a95d9a3f18cdf69d3f258e92e70d6d253d573de4bc.jpg,unreviewed,,
Avicennia_officinalis/Leaves/gbif_4075884064_1_3c225d6c09.jpg,5,Avicennia_officinalis,ac45a68ef758fd920b13d6637c0f84db62f1dcfeccf0cdcc7e791f8700b7e781,gbif:4075884064,train,dataset/train/Avicennia_officinalis/ac45a68ef758fd920b13d6637c0f84db62f1dcfeccf0cdcc7e791f8700b7e781.jpg,C:\laragon\www\SilvaMang-AI\dataset\retraining\EfficientNet-B0\rebuild_20260926\dataset\train\Avicennia_officinalis\ac45a68ef758fd920b13d6637c0f84db62f1dcfeccf0cdcc7e791f8700b7e781.jpg,unreviewed,,
Avicennia_officinalis/Leaves/imgi_115_medium.jpg,5,Avicennia_officinalis,44029ce19990aedd6cd4f556424d3d4da998405057a2153c7c186aba27cebef5,image:44029ce19990aedd6cd4f556424d3d4da998405057a2153c7c186aba27cebef5,train,dataset/train/Avicennia_officinalis/44029ce19990aedd6cd4f556424d3d4da998405057a2153c7c186aba27cebef5.jpg,C:\laragon\www\SilvaMang-AI\dataset\retraining\EfficientNet-B0\rebuild_20260926\dataset\train\Avicennia_officinalis\44029ce19990aedd6cd4f556424d3d4da998405057a2153c7c186aba27cebef5.jpg,unreviewed,,
Avicennia_officinalis/bark/gbif_6178345695_1_8df58e9da2.jpg,5,Avicennia_officinalis,907d7725df636899ba7a7f2df947adebcf8c5750e79c24f00f8781ed02f87694,gbif:6178345695,train,dataset/train/Avicennia_officinalis/907d7725df636899ba7a7f2df947adebcf8c5750e79c24f00f8781ed02f87694.jpg,C:\laragon\www\SilvaMang-AI\dataset\retraining\EfficientNet-B0\rebuild_20260926\dataset\train\Avicennia_officinalis\907d7725df636899ba7a7f2df947adebcf8c5750e79c24f00f8781ed02f87694.jpg,unreviewed,,
Avicennia_officinalis/Flowers/commons_51594716_033ae375fd.jpg,5,Avicennia_officinalis,45b69ed26f8f956e64a0f376f8f4eb5679a3c50c74a1b2959abf73d00aba0d2e,commons:51594716,train,dataset/train/Avicennia_officinalis/45b69ed26f8f956e64a0f376f8f4eb5679a3c50c74a1b2959abf73d00aba0d2e.jpg,C:\laragon\www\SilvaMang-AI\dataset\retraining\EfficientNet-B0\rebuild_20260926\dataset\train\Avicennia_officinalis\45b69ed26f8f956e64a0f376f8f4eb5679a3c50c74a1b2959abf73d00aba0d2e.jpg,unreviewed,,
Avicennia_officinalis/Leaves/imgi_152_medium.jpg,5,Avicennia_officinalis,68acc214c5214e281bcddd1b2702813cf8143147c908e217307e26d9e281ddf3,image:68acc214c5214e281bcddd1b2702813cf8143147c908e217307e26d9e281ddf3,train,dataset/train/Avicennia_officinalis/68acc214c5214e281bcddd1b2702813cf8143147c908e217307e26d9e281ddf3.jpg,C:\laragon\www\SilvaMang-AI\dataset\retraining\EfficientNet-B0\rebuild_20260926\dataset\train\Avicennia_officinalis\68acc214c5214e281bcddd1b2702813cf8143147c908e217307e26d9e281ddf3.jpg,unreviewed,,
Bruguiera_cylindrica/Flowers/imgi_32_medium.jpg,7,Bruguiera_cylindrica,6e35873c22d12aa78f77b5b685cbcc86564a7e6dfc3809458fcb7fb0bf36a5fa,image:6e35873c22d12aa78f77b5b685cbcc86564a7e6dfc3809458fcb7fb0bf36a5fa,train,dataset/train/Bruguiera_cylindrica/6e35873c22d12aa78f77b5b685cbcc86564a7e6dfc3809458fcb7fb0bf36a5fa.jpg,C:\laragon\www\SilvaMang-AI\dataset\retraining\EfficientNet-B0\rebuild_20260926\dataset\train\Bruguiera_cylindrica\6e35873c22d12aa78f77b5b685cbcc86564a7e6dfc3809458fcb7fb0bf36a5fa.jpg,unreviewed,,
Bruguiera_cylindrica/Flowers/gbif_5760530340_1_26e3bca978.jpg,7,Bruguiera_cylindrica,516250bd5b41e31e854b4213d93e358d3b0e015d966c51a82191b88049d3b1e0,gbif:5760530340,train,dataset/train/Bruguiera_cylindrica/516250bd5b41e31e854b4213d93e358d3b0e015d966c51a82191b88049d3b1e0.jpg,C:\laragon\www\SilvaMang-AI\dataset\retraining\EfficientNet-B0\rebuild_20260926\dataset\train\Bruguiera_cylindrica\516250bd5b41e31e854b4213d93e358d3b0e015d966c51a82191b88049d3b1e0.jpg,unreviewed,,
Bruguiera_cylindrica/Flowers/gbif_4076319030_0_b9b26b480e.jpg,7,Bruguiera_cylindrica,284f90bbdf57d4ad8f9b7fe45a5e116987d954573525e9eb49b764b26aacb497,gbif:4076319030,train,dataset/train/Bruguiera_cylindrica/284f90bbdf57d4ad8f9b7fe45a5e116987d954573525e9eb49b764b26aacb497.jpg,C:\laragon\www\SilvaMang-AI\dataset\retraining\EfficientNet-B0\rebuild_20260926\dataset\train\Bruguiera_cylindrica\284f90bbdf57d4ad8f9b7fe45a5e116987d954573525e9eb49b764b26aacb497.jpg,unreviewed,,
Bruguiera_cylindrica/Leaves/imgi_137_medium.jpg,7,Bruguiera_cylindrica,40821f566798041c59e968efaeb047fd12ef6114921f51bff501849fcf354e0f,image:40821f566798041c59e968efaeb047fd12ef6114921f51bff501849fcf354e0f,train,dataset/train/Bruguiera_cylindrica/40821f566798041c59e968efaeb047fd12ef6114921f51bff501849fcf354e0f.jpg,C:\laragon\www\SilvaMang-AI\dataset\retraining\EfficientNet-B0\rebuild_20260926\dataset\train\Bruguiera_cylindrica\40821f566798041c59e968efaeb047fd12ef6114921f51bff501849fcf354e0f.jpg,unreviewed,,
Bruguiera_cylindrica/Leaves/imgi_77_medium.jpg,7,Bruguiera_cylindrica,e658fa0433439914f1012bbf871b7aa6cf8916ffcdcb567e841498713e670fd6,image:e658fa0433439914f1012bbf871b7aa6cf8916ffcdcb567e841498713e670fd6,train,dataset/train/Bruguiera_cylindrica/e658fa0433439914f1012bbf871b7aa6cf8916ffcdcb567e841498713e670fd6.jpg,C:\laragon\www\SilvaMang-AI\dataset\retraining\EfficientNet-B0\rebuild_20260926\dataset\train\Bruguiera_cylindrica\e658fa0433439914f1012bbf871b7aa6cf8916ffcdcb567e841498713e670fd6.jpg,unreviewed,,
Bruguiera_cylindrica/Leaves/imgi_40_medium.jpg,7,Bruguiera_cylindrica,6e76f755fa2aeeb66e009a35cd3bfbc36359620df1ed96947dabcb5afb2defb3,image:6e76f755fa2aeeb66e009a35cd3bfbc36359620df1ed96947dabcb5afb2defb3,train,dataset/train/Bruguiera_cylindrica/6e76f755fa2aeeb66e009a35cd3bfbc36359620df1ed96947dabcb5afb2defb3.jpg,C:\laragon\www\SilvaMang-AI\dataset\retraining\EfficientNet-B0\rebuild_20260926\dataset\train\Bruguiera_cylindrica\6e76f755fa2aeeb66e009a35cd3bfbc36359620df1ed96947dabcb5afb2defb3.jpg,unreviewed,,
Bruguiera_cylindrica/Leaves/imgi_44_medium.jpg,7,Bruguiera_cylindrica,d2b7a5de9e34ec07a28d8c44f4e12a5dd7743f3705a76a9852fa589d07dca60f,image:d2b7a5de9e34ec07a28d8c44f4e12a5dd7743f3705a76a9852fa589d07dca60f,train,dataset/train/Bruguiera_cylindrica/d2b7a5de9e34ec07a28d8c44f4e12a5dd7743f3705a76a9852fa589d07dca60f.jpg,C:\laragon\www\SilvaMang-AI\dataset\retraining\EfficientNet-B0\rebuild_20260926\dataset\train\Bruguiera_cylindrica\d2b7a5de9e34ec07a28d8c44f4e12a5dd7743f3705a76a9852fa589d07dca60f.jpg,unreviewed,,
Bruguiera_cylindrica/Leaves/imgi_126_medium.jpg,7,Bruguiera_cylindrica,a64ea7b779a2657f18b34a5adaf2506711cdfb7ff4302e9f6c286b2fc146aef0,image:a64ea7b779a2657f18b34a5adaf2506711cdfb7ff4302e9f6c286b2fc146aef0,train,dataset/train/Bruguiera_cylindrica/a64ea7b779a2657f18b34a5adaf2506711cdfb7ff4302e9f6c286b2fc146aef0.jpg,C:\laragon\www\SilvaMang-AI\dataset\retraining\EfficientNet-B0\rebuild_20260926\dataset\train\Bruguiera_cylindrica\a64ea7b779a2657f18b34a5adaf2506711cdfb7ff4302e9f6c286b2fc146aef0.jpg,unreviewed,,
Bruguiera_cylindrica/Flowers/gbif_5153953901_0_192eaf74f3.jpg,7,Bruguiera_cylindrica,31a3446ea0e40a1107f9b8724610078e86029c9c28908c3c81284bf3ff1a292d,gbif:5153953901,train,dataset/train/Bruguiera_cylindrica/31a3446ea0e40a1107f9b8724610078e86029c9c28908c3c81284bf3ff1a292d.jpg,C:\laragon\www\SilvaMang-AI\dataset\retraining\EfficientNet-B0\rebuild_20260926\dataset\train\Bruguiera_cylindrica\31a3446ea0e40a1107f9b8724610078e86029c9c28908c3c81284bf3ff1a292d.jpg,unreviewed,,
Bruguiera_cylindrica/Flowers/gbif_4980434375_0_50d6a9736b.jpg,7,Bruguiera_cylindrica,be1038f944d9738e19060a3357be1779e08c6419309d27c09cb8f3630e250fc0,gbif:4980434375,train,dataset/train/Bruguiera_cylindrica/be1038f944d9738e19060a3357be1779e08c6419309d27c09cb8f3630e250fc0.jpg,C:\laragon\www\SilvaMang-AI\dataset\retraining\EfficientNet-B0\rebuild_20260926\dataset\train\Bruguiera_cylindrica\be1038f944d9738e19060a3357be1779e08c6419309d27c09cb8f3630e250fc0.jpg,unreviewed,,
Bruguiera_cylindrica/Leaves/imgi_157_medium.jpg,7,Bruguiera_cylindrica,350a36e5aa16ba04be6bed0c93993cc38d43ddef563155c358401e292d428bc4,image:350a36e5aa16ba04be6bed0c93993cc38d43ddef563155c358401e292d428bc4,train,dataset/train/Bruguiera_cylindrica/350a36e5aa16ba04be6bed0c93993cc38d43ddef563155c358401e292d428bc4.jpg,C:\laragon\www\SilvaMang-AI\dataset\retraining\EfficientNet-B0\rebuild_20260926\dataset\train\Bruguiera_cylindrica\350a36e5aa16ba04be6bed0c93993cc38d43ddef563155c358401e292d428bc4.jpg,unreviewed,,
Bruguiera_cylindrica/Flowers/gbif_4596824452_3_cdb0d500ba.jpg,7,Bruguiera_cylindrica,7b3d5f55bf8d0139acb14b9660c453d3eca4fa7f7806b53c9824c53382414c56,gbif:4596824452,train,dataset/train/Bruguiera_cylindrica/7b3d5f55bf8d0139acb14b9660c453d3eca4fa7f7806b53c9824c53382414c56.jpg,C:\laragon\www\SilvaMang-AI\dataset\retraining\EfficientNet-B0\rebuild_20260926\dataset\train\Bruguiera_cylindrica\7b3d5f55bf8d0139acb14b9660c453d3eca4fa7f7806b53c9824c53382414c56.jpg,unreviewed,,
Bruguiera_cylindrica/Flowers/imgi_64_medium.jpg,7,Bruguiera_cylindrica,05e0c7eb7b9072959934d830b9090d252684446d78278d5b0e88b638fec1e9de,image:05e0c7eb7b9072959934d830b9090d252684446d78278d5b0e88b638fec1e9de,train,dataset/train/Bruguiera_cylindrica/05e0c7eb7b9072959934d830b9090d252684446d78278d5b0e88b638fec1e9de.jpg,C:\laragon\www\SilvaMang-AI\dataset\retraining\EfficientNet-B0\rebuild_20260926\dataset\train\Bruguiera_cylindrica\05e0c7eb7b9072959934d830b9090d252684446d78278d5b0e88b638fec1e9de.jpg,unreviewed,,
Bruguiera_cylindrica/Flowers/gbif_5104415251_0_cb4ad84ff7.jpg,7,Bruguiera_cylindrica,c1c100ddfe3d5d016bd85d085f4cb1c6f67ec9008163057d00380c76f9aa2f5a,gbif:5104415251,train,dataset/train/Bruguiera_cylindrica/c1c100ddfe3d5d016bd85d085f4cb1c6f67ec9008163057d00380c76f9aa2f5a.jpg,C:\laragon\www\SilvaMang-AI\dataset\retraining\EfficientNet-B0\rebuild_20260926\dataset\train\Bruguiera_cylindrica\c1c100ddfe3d5d016bd85d085f4cb1c6f67ec9008163057d00380c76f9aa2f5a.jpg,unreviewed,,
Bruguiera_cylindrica/Leaves/imgi_139_medium.jpg,7,Bruguiera_cylindrica,4efbbe019a86c1d2ae9603a51803509cc963a0841b2c41acdf410ceb2b3735ed,image:4efbbe019a86c1d2ae9603a51803509cc963a0841b2c41acdf410ceb2b3735ed,train,dataset/train/Bruguiera_cylindrica/4efbbe019a86c1d2ae9603a51803509cc963a0841b2c41acdf410ceb2b3735ed.jpg,C:\laragon\www\SilvaMang-AI\dataset\retraining\EfficientNet-B0\rebuild_20260926\dataset\train\Bruguiera_cylindrica\4efbbe019a86c1d2ae9603a51803509cc963a0841b2c41acdf410ceb2b3735ed.jpg,unreviewed,,
Bruguiera_cylindrica/Leaves/imgi_37_medium.jpg,7,Bruguiera_cylindrica,a44fa85875bc95eb89ed968de5b08777022181c6189d8c4124a11d05badc6315,image:a44fa85875bc95eb89ed968de5b08777022181c6189d8c4124a11d05badc6315,train,dataset/train/Bruguiera_cylindrica/a44fa85875bc95eb89ed968de5b08777022181c6189d8c4124a11d05badc6315.jpg,C:\laragon\www\SilvaMang-AI\dataset\retraining\EfficientNet-B0\rebuild_20260926\dataset\train\Bruguiera_cylindrica\a44fa85875bc95eb89ed968de5b08777022181c6189d8c4124a11d05badc6315.jpg,unreviewed,,
Bruguiera_cylindrica/Flowers/gbif_4980331946_4_ecef67bc95.jpg,7,Bruguiera_cylindrica,bca156cf020101057c99119dc67c005c4d62669e783464ddbd6c634effbb0b6f,gbif:4980331946,train,dataset/train/Bruguiera_cylindrica/bca156cf020101057c99119dc67c005c4d62669e783464ddbd6c634effbb0b6f.jpg,C:\laragon\www\SilvaMang-AI\dataset\retraining\EfficientNet-B0\rebuild_20260926\dataset\train\Bruguiera_cylindrica\bca156cf020101057c99119dc67c005c4d62669e783464ddbd6c634effbb0b6f.jpg,unreviewed,,
Bruguiera_cylindrica/Leaves/gbif_6400065276_2_7679184910.jpg,7,Bruguiera_cylindrica,a8b86b0f34f7802a4afb47814e167dfadcf815a2abbc68f5b9d8170400d4203f,gbif:6400065276,train,dataset/train/Bruguiera_cylindrica/a8b86b0f34f7802a4afb47814e167dfadcf815a2abbc68f5b9d8170400d4203f.jpg,C:\laragon\www\SilvaMang-AI\dataset\retraining\EfficientNet-B0\rebuild_20260926\dataset\train\Bruguiera_cylindrica\a8b86b0f34f7802a4afb47814e167dfadcf815a2abbc68f5b9d8170400d4203f.jpg,unreviewed,,
Bruguiera_cylindrica/Leaves/imgi_122_medium.jpg,7,Bruguiera_cylindrica,2795cb03bca0d8642686cda0c255cf04d44305c67f7efd8727ddccfc66372ed8,image:2795cb03bca0d8642686cda0c255cf04d44305c67f7efd8727ddccfc66372ed8,train,dataset/train/Bruguiera_cylindrica/2795cb03bca0d8642686cda0c255cf04d44305c67f7efd8727ddccfc66372ed8.jpg,C:\laragon\www\SilvaMang-AI\dataset\retraining\EfficientNet-B0\rebuild_20260926\dataset\train\Bruguiera_cylindrica\2795cb03bca0d8642686cda0c255cf04d44305c67f7efd8727ddccfc66372ed8.jpg,unreviewed,,
Bruguiera_cylindrica/Leaves/imgi_26_medium.jpg,7,Bruguiera_cylindrica,17a7b6d4b35d1949e3e27e6db08b8fef44b2d72d50cf2eddece8f9ba0b9bfa14,image:17a7b6d4b35d1949e3e27e6db08b8fef44b2d72d50cf2eddece8f9ba0b9bfa14,train,dataset/train/Bruguiera_cylindrica/17a7b6d4b35d1949e3e27e6db08b8fef44b2d72d50cf2eddece8f9ba0b9bfa14.jpg,C:\laragon\www\SilvaMang-AI\dataset\retraining\EfficientNet-B0\rebuild_20260926\dataset\train\Bruguiera_cylindrica\17a7b6d4b35d1949e3e27e6db08b8fef44b2d72d50cf2eddece8f9ba0b9bfa14.jpg,unreviewed,,
Lumnitzera_littorea/Flowers/imgi_92_medium.jpg,15,Lumnitzera_littorea,2b0977697210a163d3fdf72c667586bd35865e9ffa6d2e8e5e93f7ec32958f61,image:2b0977697210a163d3fdf72c667586bd35865e9ffa6d2e8e5e93f7ec32958f61,train,dataset/train/Lumnitzera_littorea/2b0977697210a163d3fdf72c667586bd35865e9ffa6d2e8e5e93f7ec32958f61.jpg,C:\laragon\www\SilvaMang-AI\dataset\retraining\EfficientNet-B0\rebuild_20260926\dataset\train\Lumnitzera_littorea\2b0977697210a163d3fdf72c667586bd35865e9ffa6d2e8e5e93f7ec32958f61.jpg,unreviewed,,
Lumnitzera_littorea/Flowers/imgi_109_medium.jpg,15,Lumnitzera_littorea,5a50de131140297bff93f568683949ba02fc6d2e6437ef3c8905e2213e9ece45,image:5a50de131140297bff93f568683949ba02fc6d2e6437ef3c8905e2213e9ece45,train,dataset/train/Lumnitzera_littorea/5a50de131140297bff93f568683949ba02fc6d2e6437ef3c8905e2213e9ece45.jpg,C:\laragon\www\SilvaMang-AI\dataset\retraining\EfficientNet-B0\rebuild_20260926\dataset\train\Lumnitzera_littorea\5a50de131140297bff93f568683949ba02fc6d2e6437ef3c8905e2213e9ece45.jpg,unreviewed,,
Lumnitzera_littorea/Flowers/imgi_133_medium.jpg,15,Lumnitzera_littorea,5b4035bdf3e3d1cd7ae3561b5d86cbf5c7558becb059e7d8c31a7a9e7c011709,image:5b4035bdf3e3d1cd7ae3561b5d86cbf5c7558becb059e7d8c31a7a9e7c011709,train,dataset/train/Lumnitzera_littorea/5b4035bdf3e3d1cd7ae3561b5d86cbf5c7558becb059e7d8c31a7a9e7c011709.jpg,C:\laragon\www\SilvaMang-AI\dataset\retraining\EfficientNet-B0\rebuild_20260926\dataset\train\Lumnitzera_littorea\5b4035bdf3e3d1cd7ae3561b5d86cbf5c7558becb059e7d8c31a7a9e7c011709.jpg,unreviewed,,
Lumnitzera_littorea/Flowers/imgi_40_medium.jpg,15,Lumnitzera_littorea,b5849640be9e50e27aae76c2d8a793f83b02c4dc1d7c3767686b019e19eeb966,image:b5849640be9e50e27aae76c2d8a793f83b02c4dc1d7c3767686b019e19eeb966,train,dataset/train/Lumnitzera_littorea/b5849640be9e50e27aae76c2d8a793f83b02c4dc1d7c3767686b019e19eeb966.jpg,C:\laragon\www\SilvaMang-AI\dataset\retraining\EfficientNet-B0\rebuild_20260926\dataset\train\Lumnitzera_littorea\b5849640be9e50e27aae76c2d8a793f83b02c4dc1d7c3767686b019e19eeb966.jpg,unreviewed,,
Lumnitzera_littorea/Leaves/gbif_2626496012_3_b6f7b00a01.jpg,15,Lumnitzera_littorea,0c9c74f8486d2582648279efce1d38c7dda75c1544abf65a1334fe763756afb1,gbif:2626496012,train,dataset/train/Lumnitzera_littorea/0c9c74f8486d2582648279efce1d38c7dda75c1544abf65a1334fe763756afb1.jpg,C:\laragon\www\SilvaMang-AI\dataset\retraining\EfficientNet-B0\rebuild_20260926\dataset\train\Lumnitzera_littorea\0c9c74f8486d2582648279efce1d38c7dda75c1544abf65a1334fe763756afb1.jpg,unreviewed,,
Lumnitzera_littorea/Flowers/imgi_17_medium.jpg,15,Lumnitzera_littorea,51894603fd0d38ab9a8009bbe6dfb9cace7e2d7f32ecd23b002fdd48c6540ea7,image:51894603fd0d38ab9a8009bbe6dfb9cace7e2d7f32ecd23b002fdd48c6540ea7,train,dataset/train/Lumnitzera_littorea/51894603fd0d38ab9a8009bbe6dfb9cace7e2d7f32ecd23b002fdd48c6540ea7.jpg,C:\laragon\www\SilvaMang-AI\dataset\retraining\EfficientNet-B0\rebuild_20260926\dataset\train\Lumnitzera_littorea\51894603fd0d38ab9a8009bbe6dfb9cace7e2d7f32ecd23b002fdd48c6540ea7.jpg,unreviewed,,
Lumnitzera_littorea/Leaves/imgi_36_medium.jpg,15,Lumnitzera_littorea,8294ab3bd7ade18a08ef4b32d1ad73a55bcb294827ce499d363ee3d5b164cdf8,image:8294ab3bd7ade18a08ef4b32d1ad73a55bcb294827ce499d363ee3d5b164cdf8,train,dataset/train/Lumnitzera_littorea/8294ab3bd7ade18a08ef4b32d1ad73a55bcb294827ce499d363ee3d5b164cdf8.jpg,C:\laragon\www\SilvaMang-AI\dataset\retraining\EfficientNet-B0\rebuild_20260926\dataset\train\Lumnitzera_littorea\8294ab3bd7ade18a08ef4b32d1ad73a55bcb294827ce499d363ee3d5b164cdf8.jpg,unreviewed,,
Lumnitzera_littorea/Flowers/imgi_55_medium.jpg,15,Lumnitzera_littorea,dec442fa8b1b78b80ac19ed9c27f761bbda825150fd7c70160fb316299d3949c,image:dec442fa8b1b78b80ac19ed9c27f761bbda825150fd7c70160fb316299d3949c,train,dataset/train/Lumnitzera_littorea/dec442fa8b1b78b80ac19ed9c27f761bbda825150fd7c70160fb316299d3949c.jpg,C:\laragon\www\SilvaMang-AI\dataset\retraining\EfficientNet-B0\rebuild_20260926\dataset\train\Lumnitzera_littorea\dec442fa8b1b78b80ac19ed9c27f761bbda825150fd7c70160fb316299d3949c.jpg,unreviewed,,
Lumnitzera_littorea/Leaves/inat_34290755_53948907_4bd0331785.jpg,15,Lumnitzera_littorea,42262def3d7a85ac34d5d9360da6e825ef2018da8e95883832cec914a9c48077,image:42262def3d7a85ac34d5d9360da6e825ef2018da8e95883832cec914a9c48077,train,dataset/train/Lumnitzera_littorea/42262def3d7a85ac34d5d9360da6e825ef2018da8e95883832cec914a9c48077.jpg,C:\laragon\www\SilvaMang-AI\dataset\retraining\EfficientNet-B0\rebuild_20260926\dataset\train\Lumnitzera_littorea\42262def3d7a85ac34d5d9360da6e825ef2018da8e95883832cec914a9c48077.jpg,unreviewed,,
Lumnitzera_littorea/Leaves/imgi_21_medium.jpg,15,Lumnitzera_littorea,771b0672b2e4cd89d87fc53fb9cd708521e35d8635b3393711fbe5ee2277eb85,image:771b0672b2e4cd89d87fc53fb9cd708521e35d8635b3393711fbe5ee2277eb85,train,dataset/train/Lumnitzera_littorea/771b0672b2e4cd89d87fc53fb9cd708521e35d8635b3393711fbe5ee2277eb85.jpg,C:\laragon\www\SilvaMang-AI\dataset\retraining\EfficientNet-B0\rebuild_20260926\dataset\train\Lumnitzera_littorea\771b0672b2e4cd89d87fc53fb9cd708521e35d8635b3393711fbe5ee2277eb85.jpg,unreviewed,,
Lumnitzera_littorea/Flowers/gbif_5154273941_0_5ad3eb6407.jpg,15,Lumnitzera_littorea,71af33ca5857b4d03d453cf3c799904701582d96452b8cba4b33b6962e123eca,gbif:5154273941,train,dataset/train/Lumnitzera_littorea/71af33ca5857b4d03d453cf3c799904701582d96452b8cba4b33b6962e123eca.jpg,C:\laragon\www\SilvaMang-AI\dataset\retraining\EfficientNet-B0\rebuild_20260926\dataset\train\Lumnitzera_littorea\71af33ca5857b4d03d453cf3c799904701582d96452b8cba4b33b6962e123eca.jpg,unreviewed,,
Lumnitzera_littorea/Flowers/gbif_3117746334_2_cd993fe481.jpg,15,Lumnitzera_littorea,fa932ec680640cd248fa50e600bcb45298a9001df618bdbdfbc164dadd415d83,gbif:3117746334,train,dataset/train/Lumnitzera_littorea/fa932ec680640cd248fa50e600bcb45298a9001df618bdbdfbc164dadd415d83.jpg,C:\laragon\www\SilvaMang-AI\dataset\retraining\EfficientNet-B0\rebuild_20260926\dataset\train\Lumnitzera_littorea\fa932ec680640cd248fa50e600bcb45298a9001df618bdbdfbc164dadd415d83.jpg,unreviewed,,
Lumnitzera_littorea/Leaves/imgi_149_medium.jpg,15,Lumnitzera_littorea,113cb1023f12b102b7372eb2052d03d65323a767e8fe644c4c2a388564218363,image:113cb1023f12b102b7372eb2052d03d65323a767e8fe644c4c2a388564218363,train,dataset/train/Lumnitzera_littorea/113cb1023f12b102b7372eb2052d03d65323a767e8fe644c4c2a388564218363.jpg,C:\laragon\www\SilvaMang-AI\dataset\retraining\EfficientNet-B0\rebuild_20260926\dataset\train\Lumnitzera_littorea\113cb1023f12b102b7372eb2052d03d65323a767e8fe644c4c2a388564218363.jpg,unreviewed,,
Lumnitzera_littorea/Leaves/imgi_89_medium.jpg,15,Lumnitzera_littorea,b6202be671d6f43e0599fb538118f19dfceb41b129817b47a1f1d9d6e46cee0c,image:b6202be671d6f43e0599fb538118f19dfceb41b129817b47a1f1d9d6e46cee0c,train,dataset/train/Lumnitzera_littorea/b6202be671d6f43e0599fb538118f19dfceb41b129817b47a1f1d9d6e46cee0c.jpg,C:\laragon\www\SilvaMang-AI\dataset\retraining\EfficientNet-B0\rebuild_20260926\dataset\train\Lumnitzera_littorea\b6202be671d6f43e0599fb538118f19dfceb41b129817b47a1f1d9d6e46cee0c.jpg,unreviewed,,
Lumnitzera_littorea/Flowers/gbif_2563441024_1_d9758f0b2f.jpg,15,Lumnitzera_littorea,e0e03bd542533239093e6945b00715b63e24553a4eacf1356b2631039c7d765a,gbif:2563441024,train,dataset/train/Lumnitzera_littorea/e0e03bd542533239093e6945b00715b63e24553a4eacf1356b2631039c7d765a.jpg,C:\laragon\www\SilvaMang-AI\dataset\retraining\EfficientNet-B0\rebuild_20260926\dataset\train\Lumnitzera_littorea\e0e03bd542533239093e6945b00715b63e24553a4eacf1356b2631039c7d765a.jpg,unreviewed,,
Lumnitzera_littorea/Flowers/commons_2199615_bd6cdd0450.jpg,15,Lumnitzera_littorea,129aab536222d78cf37cd3b5c208b7972251d471a4544382f135478cc4ff52d0,commons:2199615,train,dataset/train/Lumnitzera_littorea/129aab536222d78cf37cd3b5c208b7972251d471a4544382f135478cc4ff52d0.jpg,C:\laragon\www\SilvaMang-AI\dataset\retraining\EfficientNet-B0\rebuild_20260926\dataset\train\Lumnitzera_littorea\129aab536222d78cf37cd3b5c208b7972251d471a4544382f135478cc4ff52d0.jpg,unreviewed,,
Lumnitzera_littorea/Flowers/imgi_168_medium.jpg,15,Lumnitzera_littorea,9a2bface2706219c32a0ec5867da4e0631a53d2a0c890e861cd0ac5c312c8da8,image:9a2bface2706219c32a0ec5867da4e0631a53d2a0c890e861cd0ac5c312c8da8,train,dataset/train/Lumnitzera_littorea/9a2bface2706219c32a0ec5867da4e0631a53d2a0c890e861cd0ac5c312c8da8.jpg,C:\laragon\www\SilvaMang-AI\dataset\retraining\EfficientNet-B0\rebuild_20260926\dataset\train\Lumnitzera_littorea\9a2bface2706219c32a0ec5867da4e0631a53d2a0c890e861cd0ac5c312c8da8.jpg,unreviewed,,
Lumnitzera_littorea/Flowers/imgi_75_medium.jpg,15,Lumnitzera_littorea,779c3cf708eb3e51f5edab70f59bbc950b1c6e8ffbe60fa81f0cc18c542c3345,image:779c3cf708eb3e51f5edab70f59bbc950b1c6e8ffbe60fa81f0cc18c542c3345,train,dataset/train/Lumnitzera_littorea/779c3cf708eb3e51f5edab70f59bbc950b1c6e8ffbe60fa81f0cc18c542c3345.jpg,C:\laragon\www\SilvaMang-AI\dataset\retraining\EfficientNet-B0\rebuild_20260926\dataset\train\Lumnitzera_littorea\779c3cf708eb3e51f5edab70f59bbc950b1c6e8ffbe60fa81f0cc18c542c3345.jpg,unreviewed,,
Lumnitzera_littorea/Leaves/imgi_102_medium.jpg,15,Lumnitzera_littorea,f5da5d5b8d9c73f34e65250d6b4f589f931ea2d0c4b708cca68350081bdebcfd,image:f5da5d5b8d9c73f34e65250d6b4f589f931ea2d0c4b708cca68350081bdebcfd,train,dataset/train/Lumnitzera_littorea/f5da5d5b8d9c73f34e65250d6b4f589f931ea2d0c4b708cca68350081bdebcfd.jpg,C:\laragon\www\SilvaMang-AI\dataset\retraining\EfficientNet-B0\rebuild_20260926\dataset\train\Lumnitzera_littorea\f5da5d5b8d9c73f34e65250d6b4f589f931ea2d0c4b708cca68350081bdebcfd.jpg,unreviewed,,
Lumnitzera_littorea/Flowers/imgi_69_medium.jpg,15,Lumnitzera_littorea,0600bb82316858656e173bc7a572e041c0c0c45ea041fbd4dc1bf8a6d08bad94,image:0600bb82316858656e173bc7a572e041c0c0c45ea041fbd4dc1bf8a6d08bad94,train,dataset/train/Lumnitzera_littorea/0600bb82316858656e173bc7a572e041c0c0c45ea041fbd4dc1bf8a6d08bad94.jpg,C:\laragon\www\SilvaMang-AI\dataset\retraining\EfficientNet-B0\rebuild_20260926\dataset\train\Lumnitzera_littorea\0600bb82316858656e173bc7a572e041c0c0c45ea041fbd4dc1bf8a6d08bad94.jpg,unreviewed,,
Sonneratia_ovata/Leaves/imgi_92_medium.jpg,25,Sonneratia_ovata,581a1e19923f648d330155c031c4ad9d58f058076be769e36f968f69a189acad,image:581a1e19923f648d330155c031c4ad9d58f058076be769e36f968f69a189acad,train,dataset/train/Sonneratia_ovata/581a1e19923f648d330155c031c4ad9d58f058076be769e36f968f69a189acad.jpg,C:\laragon\www\SilvaMang-AI\dataset\retraining\EfficientNet-B0\rebuild_20260926\dataset\train\Sonneratia_ovata\581a1e19923f648d330155c031c4ad9d58f058076be769e36f968f69a189acad.jpg,unreviewed,,
Sonneratia_ovata/Flowers/imgi_138_medium.jpg,25,Sonneratia_ovata,078e4ef52e541e90efdd144e7d5ec8f5b8b7d6a3ee5f5cf93b3ba03cd3e378a7,image:078e4ef52e541e90efdd144e7d5ec8f5b8b7d6a3ee5f5cf93b3ba03cd3e378a7,train,dataset/train/Sonneratia_ovata/078e4ef52e541e90efdd144e7d5ec8f5b8b7d6a3ee5f5cf93b3ba03cd3e378a7.jpg,C:\laragon\www\SilvaMang-AI\dataset\retraining\EfficientNet-B0\rebuild_20260926\dataset\train\Sonneratia_ovata\078e4ef52e541e90efdd144e7d5ec8f5b8b7d6a3ee5f5cf93b3ba03cd3e378a7.jpg,unreviewed,,
Sonneratia_ovata/Flowers/imgi_141_medium.jpg,25,Sonneratia_ovata,baad93db9446f6bc0b1fbe73730a1c6df1af570acac75d15dfe680b7c11b5a09,image:baad93db9446f6bc0b1fbe73730a1c6df1af570acac75d15dfe680b7c11b5a09,train,dataset/train/Sonneratia_ovata/baad93db9446f6bc0b1fbe73730a1c6df1af570acac75d15dfe680b7c11b5a09.jpg,C:\laragon\www\SilvaMang-AI\dataset\retraining\EfficientNet-B0\rebuild_20260926\dataset\train\Sonneratia_ovata\baad93db9446f6bc0b1fbe73730a1c6df1af570acac75d15dfe680b7c11b5a09.jpg,unreviewed,,
Sonneratia_ovata/bark/gbif_5154704318_0_c5e7a266ba.jpg,25,Sonneratia_ovata,1233624664d75dad0be90588842385c3dabebf1dd86631dd7680742e8f57358b,gbif:5154704318,train,dataset/train/Sonneratia_ovata/1233624664d75dad0be90588842385c3dabebf1dd86631dd7680742e8f57358b.jpg,C:\laragon\www\SilvaMang-AI\dataset\retraining\EfficientNet-B0\rebuild_20260926\dataset\train\Sonneratia_ovata\1233624664d75dad0be90588842385c3dabebf1dd86631dd7680742e8f57358b.jpg,unreviewed,,
Sonneratia_ovata/Flowers/imgi_73_medium.jpg,25,Sonneratia_ovata,d3ff27215175b5f19bb22fe97b13a23cca4c9690ef2ef68b9e0a0f5bf41c2ba1,image:d3ff27215175b5f19bb22fe97b13a23cca4c9690ef2ef68b9e0a0f5bf41c2ba1,train,dataset/train/Sonneratia_ovata/d3ff27215175b5f19bb22fe97b13a23cca4c9690ef2ef68b9e0a0f5bf41c2ba1.jpg,C:\laragon\www\SilvaMang-AI\dataset\retraining\EfficientNet-B0\rebuild_20260926\dataset\train\Sonneratia_ovata\d3ff27215175b5f19bb22fe97b13a23cca4c9690ef2ef68b9e0a0f5bf41c2ba1.jpg,unreviewed,,
Sonneratia_ovata/Leaves/imgi_24_medium.jpg,25,Sonneratia_ovata,4e13ea568d3b6dd33b0c35e64b9da479657d195278c6f7d4899f96385fd7895c,image:4e13ea568d3b6dd33b0c35e64b9da479657d195278c6f7d4899f96385fd7895c,train,dataset/train/Sonneratia_ovata/4e13ea568d3b6dd33b0c35e64b9da479657d195278c6f7d4899f96385fd7895c.jpg,C:\laragon\www\SilvaMang-AI\dataset\retraining\EfficientNet-B0\rebuild_20260926\dataset\train\Sonneratia_ovata\4e13ea568d3b6dd33b0c35e64b9da479657d195278c6f7d4899f96385fd7895c.jpg,unreviewed,,
Sonneratia_ovata/Leaves/imgi_66_medium.jpg,25,Sonneratia_ovata,29cc3301b7df5b0f4c4af5a0bfbb688b5413896007bd81fd36f4568878c54cc4,image:29cc3301b7df5b0f4c4af5a0bfbb688b5413896007bd81fd36f4568878c54cc4,train,dataset/train/Sonneratia_ovata/29cc3301b7df5b0f4c4af5a0bfbb688b5413896007bd81fd36f4568878c54cc4.jpg,C:\laragon\www\SilvaMang-AI\dataset\retraining\EfficientNet-B0\rebuild_20260926\dataset\train\Sonneratia_ovata\29cc3301b7df5b0f4c4af5a0bfbb688b5413896007bd81fd36f4568878c54cc4.jpg,unreviewed,,
Sonneratia_ovata/Flowers/imgi_143_medium.jpg,25,Sonneratia_ovata,7f07b310c92ea8978863c282d80502ff8cb33573fdf445d415042ccea7744746,image:7f07b310c92ea8978863c282d80502ff8cb33573fdf445d415042ccea7744746,train,dataset/train/Sonneratia_ovata/7f07b310c92ea8978863c282d80502ff8cb33573fdf445d415042ccea7744746.jpg,C:\laragon\www\SilvaMang-AI\dataset\retraining\EfficientNet-B0\rebuild_20260926\dataset\train\Sonneratia_ovata\7f07b310c92ea8978863c282d80502ff8cb33573fdf445d415042ccea7744746.jpg,unreviewed,,
Sonneratia_ovata/Leaves/gbif_5153029582_3_a8764b1409.jpg,25,Sonneratia_ovata,b20566d78392e70d862dc6ed68d80bc7bfc24be0b61dff3d30a535b7927c5b3c,gbif:5153029582,train,dataset/train/Sonneratia_ovata/b20566d78392e70d862dc6ed68d80bc7bfc24be0b61dff3d30a535b7927c5b3c.jpg,C:\laragon\www\SilvaMang-AI\dataset\retraining\EfficientNet-B0\rebuild_20260926\dataset\train\Sonneratia_ovata\b20566d78392e70d862dc6ed68d80bc7bfc24be0b61dff3d30a535b7927c5b3c.jpg,unreviewed,,
Sonneratia_ovata/Flowers/imgi_20_medium.jpg,25,Sonneratia_ovata,3c73b6b3c6384b504297ff159106214fe6e4ff818daa35b91bea6256d5d29b9d,image:3c73b6b3c6384b504297ff159106214fe6e4ff818daa35b91bea6256d5d29b9d,train,dataset/train/Sonneratia_ovata/3c73b6b3c6384b504297ff159106214fe6e4ff818daa35b91bea6256d5d29b9d.jpg,C:\laragon\www\SilvaMang-AI\dataset\retraining\EfficientNet-B0\rebuild_20260926\dataset\train\Sonneratia_ovata\3c73b6b3c6384b504297ff159106214fe6e4ff818daa35b91bea6256d5d29b9d.jpg,unreviewed,,
Sonneratia_ovata/Flowers/imgi_104_medium.jpg,25,Sonneratia_ovata,75c86d4e4dd82ed1db1fff0688b9e0cde05decdb2085f808dd74f72c62f546dc,image:75c86d4e4dd82ed1db1fff0688b9e0cde05decdb2085f808dd74f72c62f546dc,train,dataset/train/Sonneratia_ovata/75c86d4e4dd82ed1db1fff0688b9e0cde05decdb2085f808dd74f72c62f546dc.jpg,C:\laragon\www\SilvaMang-AI\dataset\retraining\EfficientNet-B0\rebuild_20260926\dataset\train\Sonneratia_ovata\75c86d4e4dd82ed1db1fff0688b9e0cde05decdb2085f808dd74f72c62f546dc.jpg,unreviewed,,
Sonneratia_ovata/Leaves/imgi_55_medium.jpg,25,Sonneratia_ovata,1abcbbdd28caaed0458c58b1864213456c9078edd89e9a1cc915b974541f0a8a,image:1abcbbdd28caaed0458c58b1864213456c9078edd89e9a1cc915b974541f0a8a,train,dataset/train/Sonneratia_ovata/1abcbbdd28caaed0458c58b1864213456c9078edd89e9a1cc915b974541f0a8a.jpg,C:\laragon\www\SilvaMang-AI\dataset\retraining\EfficientNet-B0\rebuild_20260926\dataset\train\Sonneratia_ovata\1abcbbdd28caaed0458c58b1864213456c9078edd89e9a1cc915b974541f0a8a.jpg,unreviewed,,
Sonneratia_ovata/Leaves/gbif_5167804612_4_87c83c4c51.jpg,25,Sonneratia_ovata,fc95b0503424fea02f3e6cd4472502eb58e5d667902c49e1734e2bf805e37b94,gbif:5167804612,train,dataset/train/Sonneratia_ovata/fc95b0503424fea02f3e6cd4472502eb58e5d667902c49e1734e2bf805e37b94.jpg,C:\laragon\www\SilvaMang-AI\dataset\retraining\EfficientNet-B0\rebuild_20260926\dataset\train\Sonneratia_ovata\fc95b0503424fea02f3e6cd4472502eb58e5d667902c49e1734e2bf805e37b94.jpg,unreviewed,,
Sonneratia_ovata/Leaves/imgi_106_medium.jpg,25,Sonneratia_ovata,1305f2b25e5723a6efdba43f160e7043d8b25c1182d4002509909098427e84e4,image:1305f2b25e5723a6efdba43f160e7043d8b25c1182d4002509909098427e84e4,train,dataset/train/Sonneratia_ovata/1305f2b25e5723a6efdba43f160e7043d8b25c1182d4002509909098427e84e4.jpg,C:\laragon\www\SilvaMang-AI\dataset\retraining\EfficientNet-B0\rebuild_20260926\dataset\train\Sonneratia_ovata\1305f2b25e5723a6efdba43f160e7043d8b25c1182d4002509909098427e84e4.jpg,unreviewed,,
Sonneratia_ovata/Leaves/imgi_70_medium.jpg,25,Sonneratia_ovata,f33879bcfa236ad2fbc8057067dbddc47dfacd696c82c728f112fafe755ec82e,image:f33879bcfa236ad2fbc8057067dbddc47dfacd696c82c728f112fafe755ec82e,train,dataset/train/Sonneratia_ovata/f33879bcfa236ad2fbc8057067dbddc47dfacd696c82c728f112fafe755ec82e.jpg,C:\laragon\www\SilvaMang-AI\dataset\retraining\EfficientNet-B0\rebuild_20260926\dataset\train\Sonneratia_ovata\f33879bcfa236ad2fbc8057067dbddc47dfacd696c82c728f112fafe755ec82e.jpg,unreviewed,,
Sonneratia_ovata/Leaves/imgi_31_medium.jpg,25,Sonneratia_ovata,72a1acbfc9272802e2d77c075c713e942871970dc96f818aa94b73281f86b370,image:72a1acbfc9272802e2d77c075c713e942871970dc96f818aa94b73281f86b370,train,dataset/train/Sonneratia_ovata/72a1acbfc9272802e2d77c075c713e942871970dc96f818aa94b73281f86b370.jpg,C:\laragon\www\SilvaMang-AI\dataset\retraining\EfficientNet-B0\rebuild_20260926\dataset\train\Sonneratia_ovata\72a1acbfc9272802e2d77c075c713e942871970dc96f818aa94b73281f86b370.jpg,unreviewed,,
Sonneratia_ovata/Flowers/imgi_134_medium.jpg,25,Sonneratia_ovata,e2e1fa461bbd05feb91098529d697e510c50121a6e34643252af670f3d49e298,image:e2e1fa461bbd05feb91098529d697e510c50121a6e34643252af670f3d49e298,train,dataset/train/Sonneratia_ovata/e2e1fa461bbd05feb91098529d697e510c50121a6e34643252af670f3d49e298.jpg,C:\laragon\www\SilvaMang-AI\dataset\retraining\EfficientNet-B0\rebuild_20260926\dataset\train\Sonneratia_ovata\e2e1fa461bbd05feb91098529d697e510c50121a6e34643252af670f3d49e298.jpg,unreviewed,,
Sonneratia_ovata/Leaves/imgi_50_medium.jpg,25,Sonneratia_ovata,82404977bb4c3c1c14cdcb22c0c8acae96801a5ec181a4bf4355ac203f745596,image:82404977bb4c3c1c14cdcb22c0c8acae96801a5ec181a4bf4355ac203f745596,train,dataset/train/Sonneratia_ovata/82404977bb4c3c1c14cdcb22c0c8acae96801a5ec181a4bf4355ac203f745596.jpg,C:\laragon\www\SilvaMang-AI\dataset\retraining\EfficientNet-B0\rebuild_20260926\dataset\train\Sonneratia_ovata\82404977bb4c3c1c14cdcb22c0c8acae96801a5ec181a4bf4355ac203f745596.jpg,unreviewed,,
Sonneratia_ovata/Leaves/gbif_5153983638_0_5f8969ff26.jpg,25,Sonneratia_ovata,d563aba980955d9fc14df4281340013185a1d7c18043855e2e1506cc9d58ef78,gbif:5153983638,train,dataset/train/Sonneratia_ovata/d563aba980955d9fc14df4281340013185a1d7c18043855e2e1506cc9d58ef78.jpg,C:\laragon\www\SilvaMang-AI\dataset\retraining\EfficientNet-B0\rebuild_20260926\dataset\train\Sonneratia_ovata\d563aba980955d9fc14df4281340013185a1d7c18043855e2e1506cc9d58ef78.jpg,unreviewed,,
Sonneratia_ovata/Flowers/gbif_4908388716_0_6f77e7dbe0.jpg,25,Sonneratia_ovata,b5ef09908d700eb2bf2b6b55518b35dca08e8e8e6fef2de8bca9d16a32181492,gbif:4908388716,train,dataset/train/Sonneratia_ovata/b5ef09908d700eb2bf2b6b55518b35dca08e8e8e6fef2de8bca9d16a32181492.jpg,C:\laragon\www\SilvaMang-AI\dataset\retraining\EfficientNet-B0\rebuild_20260926\dataset\train\Sonneratia_ovata\b5ef09908d700eb2bf2b6b55518b35dca08e8e8e6fef2de8bca9d16a32181492.jpg,unreviewed,,
