candidate_id,file_path,scientific_name,reviewed_plant_part,source,source_record_id,source_group_id,source_record_url,source_image_url,creator,rights_holder,license,country,state_province,locality,downloaded_at,sha256,review_status,review_notes,split,width,height,sha256_rgb,exact_pixel_match_split,existing_group_splits,requires_near_duplicate_review
inat_288520513_518869582_753b24f99f,dataset/candidates/Avicennia_officinalis/unclassified/inat_288520513_518869582_753b24f99f.jpg,Avicennia officinalis,,iNaturalist research-grade observation,inat:288520513,inat:288520513,https://www.inaturalist.org/observations/288520513,https://inaturalist-open-data.s3.amazonaws.com/photos/518869582/original.jpg,"(c) Nguyen-Khanh-Trinh Tram, some rights reserved (CC BY)","(c) Nguyen-Khanh-Trinh Tram, some rights reserved (CC BY)",cc-by,,,"Thới Thuận, Bình Đại, Bến Tre, Vietnam",2026-09-29T13:11:28.899744+00:00,753b24f99f154ca85e36044d49da8dfee82ef1c92fce62e6b37f4427c451c0de,pending,"Research-grade iNaturalist candidate. Confirm species and assign leaves, bark, roots, or flowers before training.",unassigned,1024,683,d005a2c1990d8b501f97357978389d1760645ef3f1f99001a048a3aa0e2c29ed,,,yes
inat_288520513_518869633_228f0bc9ac,dataset/candidates/Avicennia_officinalis/unclassified/inat_288520513_518869633_228f0bc9ac.jpg,Avicennia officinalis,,iNaturalist research-grade observation,inat:288520513,inat:288520513,https://www.inaturalist.org/observations/288520513,https://inaturalist-open-data.s3.amazonaws.com/photos/518869633/original.jpg,"(c) Nguyen-Khanh-Trinh Tram, some rights reserved (CC BY)","(c) Nguyen-Khanh-Trinh Tram, some rights reserved (CC BY)",cc-by,,,"Thới Thuận, Bình Đại, Bến Tre, Vietnam",2026-09-29T13:11:28.941630+00:00,228f0bc9acf35f819a3a9553de1d7f4ba9c4cee85604f3eebc590004e61a43ab,pending,"Research-grade iNaturalist candidate. Confirm species and assign leaves, bark, roots, or flowers before training.",unassigned,1024,683,dc737fcfb2ebb17f9f99ffe7bfbd0c4f8128361d1fc39805fda1b797adae53a8,,,yes
inat_288520513_518869714_5689edfb53,dataset/candidates/Avicennia_officinalis/unclassified/inat_288520513_518869714_5689edfb53.jpg,Avicennia officinalis,,iNaturalist research-grade observation,inat:288520513,inat:288520513,https://www.inaturalist.org/observations/288520513,https://inaturalist-open-data.s3.amazonaws.com/photos/518869714/original.jpg,"(c) Nguyen-Khanh-Trinh Tram, some rights reserved (CC BY)","(c) Nguyen-Khanh-Trinh Tram, some rights reserved (CC BY)",cc-by,,,"Thới Thuận, Bình Đại, Bến Tre, Vietnam",2026-09-29T13:11:29.011597+00:00,5689edfb532bea7c9677e69773a466b457aae5646fcfb525c0cd063ec3daf1b7,pending,"Research-grade iNaturalist candidate. Confirm species and assign leaves, bark, roots, or flowers before training.",unassigned,1024,683,d12e35a9576046c2c21ba806ffeca5f1eb1551e60c4a64f817e9906db266a61c,,,yes
inat_288520513_518869706_c1d6f73d0c,dataset/candidates/Avicennia_officinalis/unclassified/inat_288520513_518869706_c1d6f73d0c.jpg,Avicennia officinalis,,iNaturalist research-grade observation,inat:288520513,inat:288520513,https://www.inaturalist.org/observations/288520513,https://inaturalist-open-data.s3.amazonaws.com/photos/518869706/original.jpg,"(c) Nguyen-Khanh-Trinh Tram, some rights reserved (CC BY)","(c) Nguyen-Khanh-Trinh Tram, some rights reserved (CC BY)",cc-by,,,"Thới Thuận, Bình Đại, Bến Tre, Vietnam",2026-09-29T13:11:29.079166+00:00,c1d6f73d0c083bd87096a457fd50ebd3685baa7394ca4225be05aaa633c5b692,pending,"Research-grade iNaturalist candidate. Confirm species and assign leaves, bark, roots, or flowers before training.",unassigned,1024,683,b73d75ca8ed1cdbf804dc8b743edf124b43ef3d15a2d3734e06d75d7179795ab,,,yes
inat_288520513_518869705_b138975359,dataset/candidates/Avicennia_officinalis/unclassified/inat_288520513_518869705_b138975359.jpg,Avicennia officinalis,,iNaturalist research-grade observation,inat:288520513,inat:288520513,https://www.inaturalist.org/observations/288520513,https://inaturalist-open-data.s3.amazonaws.com/photos/518869705/original.jpg,"(c) Nguyen-Khanh-Trinh Tram, some rights reserved (CC BY)","(c) Nguyen-Khanh-Trinh Tram, some rights reserved (CC BY)",cc-by,,,"Thới Thuận, Bình Đại, Bến Tre, Vietnam",2026-09-29T13:11:29.142521+00:00,b138975359c9498ed20433349f5a7bd64ef1e577209d25e0032a5260736bef09,pending,"Research-grade iNaturalist candidate. Confirm species and assign leaves, bark, roots, or flowers before training.",unassigned,1024,683,113c592155865fb17b3f60242cf68194c24a3e17530d6b23371d68b22674dbf0,,,yes
inat_288520513_518869772_f702077eee,dataset/candidates/Avicennia_officinalis/unclassified/inat_288520513_518869772_f702077eee.jpg,Avicennia officinalis,,iNaturalist research-grade observation,inat:288520513,inat:288520513,https://www.inaturalist.org/observations/288520513,https://inaturalist-open-data.s3.amazonaws.com/photos/518869772/original.jpg,"(c) Nguyen-Khanh-Trinh Tram, some rights reserved (CC BY)","(c) Nguyen-Khanh-Trinh Tram, some rights reserved (CC BY)",cc-by,,,"Thới Thuận, Bình Đại, Bến Tre, Vietnam",2026-09-29T13:11:29.213567+00:00,f702077eeee349a18a0bdcec0c6c30b04e28ffdfd5521052106251824add6fed,pending,"Research-grade iNaturalist candidate. Confirm species and assign leaves, bark, roots, or flowers before training.",unassigned,1024,683,095831b2566a5af7fbdf98d3a74776efe3a2bb6d2556b15edd01f239e615efb6,,,yes
inat_288520513_518869765_def7b67065,dataset/candidates/Avicennia_officinalis/unclassified/inat_288520513_518869765_def7b67065.jpg,Avicennia officinalis,,iNaturalist research-grade observation,inat:288520513,inat:288520513,https://www.inaturalist.org/observations/288520513,https://inaturalist-open-data.s3.amazonaws.com/photos/518869765/original.jpg,"(c) Nguyen-Khanh-Trinh Tram, some rights reserved (CC BY)","(c) Nguyen-Khanh-Trinh Tram, some rights reserved (CC BY)",cc-by,,,"Thới Thuận, Bình Đại, Bến Tre, Vietnam",2026-09-29T13:11:29.274331+00:00,def7b67065ce194419e6250cf680bf97a09000671789824d879d31310054a081,pending,"Research-grade iNaturalist candidate. Confirm species and assign leaves, bark, roots, or flowers before training.",unassigned,1024,683,f3e04171965fcc7f3c0323ab7d9159e9cbbaca5906870bc145cfc28294599550,,,yes
inat_288520513_518869781_5609b53921,dataset/candidates/Avicennia_officinalis/unclassified/inat_288520513_518869781_5609b53921.jpg,Avicennia officinalis,,iNaturalist research-grade observation,inat:288520513,inat:288520513,https://www.inaturalist.org/observations/288520513,https://inaturalist-open-data.s3.amazonaws.com/photos/518869781/original.jpg,"(c) Nguyen-Khanh-Trinh Tram, some rights reserved (CC BY)","(c) Nguyen-Khanh-Trinh Tram, some rights reserved (CC BY)",cc-by,,,"Thới Thuận, Bình Đại, Bến Tre, Vietnam",2026-09-29T13:11:29.336892+00:00,5609b53921ac7e2c8f351013343c368402bf51760ddb61c129562f7d048c947d,pending,"Research-grade iNaturalist candidate. Confirm species and assign leaves, bark, roots, or flowers before training.",unassigned,1024,683,48cb589ded28f91d180bd1fd44136017ca1dcbcf0b13bee0fe6523cd02a3dc00,,,yes
inat_288520513_518869832_f1b0dd5a6c,dataset/candidates/Avicennia_officinalis/unclassified/inat_288520513_518869832_f1b0dd5a6c.jpg,Avicennia officinalis,,iNaturalist research-grade observation,inat:288520513,inat:288520513,https://www.inaturalist.org/observations/288520513,https://inaturalist-open-data.s3.amazonaws.com/photos/518869832/original.jpg,"(c) Nguyen-Khanh-Trinh Tram, some rights reserved (CC BY)","(c) Nguyen-Khanh-Trinh Tram, some rights reserved (CC BY)",cc-by,,,"Thới Thuận, Bình Đại, Bến Tre, Vietnam",2026-09-29T13:11:29.407179+00:00,f1b0dd5a6cfaa3a2e652b9ae65231c7f4a0a6f7ad8fbe4a46289e554d6ba9339,pending,"Research-grade iNaturalist candidate. Confirm species and assign leaves, bark, roots, or flowers before training.",unassigned,1024,683,2224d7e88a6ad58b0de7c4c37bb16b046f6a9cbfb0e44d0556a7fb2a5ef74117,,,yes
inat_211022277_373103768_752eeed541,dataset/candidates/Avicennia_officinalis/unclassified/inat_211022277_373103768_752eeed541.jpg,Avicennia officinalis,,iNaturalist research-grade observation,inat:211022277,inat:211022277,https://www.inaturalist.org/observations/211022277,https://inaturalist-open-data.s3.amazonaws.com/photos/373103768/original.jpeg,"(c) deepachandran, some rights reserved (CC BY-SA)","(c) deepachandran, some rights reserved (CC BY-SA)",cc-by-sa,,,India,2026-09-29T13:11:29.474963+00:00,752eeed541aba242852d28530114c5f877403de52928e1b01bd5b7b6d2ae6d04,pending,"Research-grade iNaturalist candidate. Confirm species and assign leaves, bark, roots, or flowers before training.",unassigned,1024,683,a538498cf2318e92c14d60f7b7a63d918da3030840214babcc3a3320fd53ebd2,,,yes
inat_209421800_370608012_b2fd7b7051,dataset/candidates/Avicennia_officinalis/unclassified/inat_209421800_370608012_b2fd7b7051.jpg,Avicennia officinalis,,iNaturalist research-grade observation,inat:209421800,inat:209421800,https://www.inaturalist.org/observations/209421800,https://inaturalist-open-data.s3.amazonaws.com/photos/370608012/original.jpeg,"(c) Gannu03, some rights reserved (CC BY-SA)","(c) Gannu03, some rights reserved (CC BY-SA)",cc-by-sa,,,"Perumchirakkari Boat Ferry, Perumpalam, Kerala 688570, India",2026-09-29T13:11:29.539722+00:00,b2fd7b7051cb6e796642dde7872526421569211d5453694a548e969bd8829806,pending,"Research-grade iNaturalist candidate. Confirm species and assign leaves, bark, roots, or flowers before training.",unassigned,768,1024,f98e3204c15b16f05ea23d81fc6142fcce340209eec72f638c994d099e40c0ab,,,yes
inat_209421800_370608046_5854019bd8,dataset/candidates/Avicennia_officinalis/unclassified/inat_209421800_370608046_5854019bd8.jpg,Avicennia officinalis,,iNaturalist research-grade observation,inat:209421800,inat:209421800,https://www.inaturalist.org/observations/209421800,https://inaturalist-open-data.s3.amazonaws.com/photos/370608046/original.jpeg,"(c) Gannu03, some rights reserved (CC BY-SA)","(c) Gannu03, some rights reserved (CC BY-SA)",cc-by-sa,,,"Perumchirakkari Boat Ferry, Perumpalam, Kerala 688570, India",2026-09-29T13:11:29.706300+00:00,5854019bd8a58ed0cad2e76c087d4c3639137f702e9daceaf1b3e9f72d517936,pending,"Research-grade iNaturalist candidate. Confirm species and assign leaves, bark, roots, or flowers before training.",unassigned,768,1024,6f4c441adc18b6f0840149b6a9bba44eb3506f05c507dd51e05b5f93eb078937,,,yes
inat_169744976_294317261_87ec3efd79,dataset/candidates/Avicennia_officinalis/unclassified/inat_169744976_294317261_87ec3efd79.jpg,Avicennia officinalis,,iNaturalist research-grade observation,inat:169744976,inat:169744976,https://www.inaturalist.org/observations/169744976,https://inaturalist-open-data.s3.amazonaws.com/photos/294317261/original.jpeg,"(c) Ong Jyh Seng, some rights reserved (CC BY-SA)","(c) Ong Jyh Seng, some rights reserved (CC BY-SA)",cc-by-sa,,,"Sarikei, Sarawak, Malaysia",2026-09-29T13:11:29.794645+00:00,87ec3efd792beeeca6e5a01925c8b257fbcc6ffd846ed7104220778bdf99d9f2,pending,"Research-grade iNaturalist candidate. Confirm species and assign leaves, bark, roots, or flowers before training.",unassigned,1024,578,78643be7e797880e6739eeb46072acb7380972a73c6ca3ef64cfb49a33061fe7,,,yes
inat_169744976_294317275_0bec991464,dataset/candidates/Avicennia_officinalis/unclassified/inat_169744976_294317275_0bec991464.jpg,Avicennia officinalis,,iNaturalist research-grade observation,inat:169744976,inat:169744976,https://www.inaturalist.org/observations/169744976,https://inaturalist-open-data.s3.amazonaws.com/photos/294317275/original.jpeg,"(c) Ong Jyh Seng, some rights reserved (CC BY-SA)","(c) Ong Jyh Seng, some rights reserved (CC BY-SA)",cc-by-sa,,,"Sarikei, Sarawak, Malaysia",2026-09-29T13:11:29.863577+00:00,0bec991464286aca5cfd0929ccaa627f45070ae11a36c5f396c45168ff6831ef,pending,"Research-grade iNaturalist candidate. Confirm species and assign leaves, bark, roots, or flowers before training.",unassigned,1024,578,8f8439d1b6a772e32b14969ab2007c175adbb311c62b79f0329236aeccd3bec5,,,yes
inat_169744892_294317155_5d3b0543ee,dataset/candidates/Avicennia_officinalis/unclassified/inat_169744892_294317155_5d3b0543ee.jpg,Avicennia officinalis,,iNaturalist research-grade observation,inat:169744892,inat:169744892,https://www.inaturalist.org/observations/169744892,https://inaturalist-open-data.s3.amazonaws.com/photos/294317155/original.jpeg,"(c) Ong Jyh Seng, some rights reserved (CC BY-SA)","(c) Ong Jyh Seng, some rights reserved (CC BY-SA)",cc-by-sa,,,"Sarikei, Sarawak, Malaysia",2026-09-29T13:11:29.932159+00:00,5d3b0543ee3a2cf0773a46fdd1a6357e68a1f381cdefa9b04b2f58d3ebc24719,pending,"Research-grade iNaturalist candidate. Confirm species and assign leaves, bark, roots, or flowers before training.",unassigned,1024,578,06229435c75fefb0b2749582e1c00a398ce3a1b697330866c14535b782396d66,,,yes
inat_166085624_287573644_def107c560,dataset/candidates/Avicennia_officinalis/unclassified/inat_166085624_287573644_def107c560.jpg,Avicennia officinalis,,iNaturalist research-grade observation,inat:166085624,inat:166085624,https://www.inaturalist.org/observations/166085624,https://inaturalist-open-data.s3.amazonaws.com/photos/287573644/original.jpg,"(c) Dinesh Valke, some rights reserved (CC BY-SA)","(c) Dinesh Valke, some rights reserved (CC BY-SA)",cc-by-sa,,,"Sāhān, Maharashtra, India",2026-09-29T13:11:30.044688+00:00,def107c5607c790345a555f7e52a7a000b6cc4357baefa3b2f840a4c0ad8f6c2,pending,"Research-grade iNaturalist candidate. Confirm species and assign leaves, bark, roots, or flowers before training.",unassigned,1024,683,d766282d1735c03e9ddbb8e1fee9912cf435d63ab38e03515f1cfcea459664b6,,,yes
inat_166085624_287573655_811b6eec7b,dataset/candidates/Avicennia_officinalis/unclassified/inat_166085624_287573655_811b6eec7b.jpg,Avicennia officinalis,,iNaturalist research-grade observation,inat:166085624,inat:166085624,https://www.inaturalist.org/observations/166085624,https://inaturalist-open-data.s3.amazonaws.com/photos/287573655/original.jpg,"(c) Dinesh Valke, some rights reserved (CC BY-SA)","(c) Dinesh Valke, some rights reserved (CC BY-SA)",cc-by-sa,,,"Sāhān, Maharashtra, India",2026-09-29T13:11:30.162271+00:00,811b6eec7b106373dfe2ef635d99e16fbe204aeec872090a8815e515579eddf3,pending,"Research-grade iNaturalist candidate. Confirm species and assign leaves, bark, roots, or flowers before training.",unassigned,1024,683,98cf938f2064cb9d0c08dc355a92d5e81d7560adcf22cfac7926d06d6b7c6745,,,yes
inat_166085624_287573662_067e9e4cb6,dataset/candidates/Avicennia_officinalis/unclassified/inat_166085624_287573662_067e9e4cb6.jpg,Avicennia officinalis,,iNaturalist research-grade observation,inat:166085624,inat:166085624,https://www.inaturalist.org/observations/166085624,https://inaturalist-open-data.s3.amazonaws.com/photos/287573662/original.jpg,"(c) Dinesh Valke, some rights reserved (CC BY-SA)","(c) Dinesh Valke, some rights reserved (CC BY-SA)",cc-by-sa,,,"Sāhān, Maharashtra, India",2026-09-29T13:11:30.227915+00:00,067e9e4cb6ddd94a71c4655cfc07e197c8a69b5934879d682b66bea95b5aac35,pending,"Research-grade iNaturalist candidate. Confirm species and assign leaves, bark, roots, or flowers before training.",unassigned,1024,683,7b1150c16f1c741dbe1396010894353cad0bc21f6379ab7aea98c69567745af3,,,yes
inat_166085624_287573665_8613f1f5fd,dataset/candidates/Avicennia_officinalis/unclassified/inat_166085624_287573665_8613f1f5fd.jpg,Avicennia officinalis,,iNaturalist research-grade observation,inat:166085624,inat:166085624,https://www.inaturalist.org/observations/166085624,https://inaturalist-open-data.s3.amazonaws.com/photos/287573665/original.jpg,"(c) Dinesh Valke, some rights reserved (CC BY-SA)","(c) Dinesh Valke, some rights reserved (CC BY-SA)",cc-by-sa,,,"Sāhān, Maharashtra, India",2026-09-29T13:11:30.280780+00:00,8613f1f5fd6129b662dacf2167c2b385603663539baf525cc6065b9b9b20a764,pending,"Research-grade iNaturalist candidate. Confirm species and assign leaves, bark, roots, or flowers before training.",unassigned,1024,683,f8859c0e8165b6e67c08a46a3f7d6dfa0c2b0a14b2616b3b6575b0f8b88174f8,,,yes
inat_154681057_267298899_66adedced0,dataset/candidates/Avicennia_officinalis/unclassified/inat_154681057_267298899_66adedced0.jpg,Avicennia officinalis,,iNaturalist research-grade observation,inat:154681057,inat:154681057,https://www.inaturalist.org/observations/154681057,https://inaturalist-open-data.s3.amazonaws.com/photos/267298899/original.jpg,"(c) Dinesh Valke, some rights reserved (CC BY-SA)","(c) Dinesh Valke, some rights reserved (CC BY-SA)",cc-by-sa,,,"Kolshet, Maharashtra, India",2026-09-29T13:11:30.331709+00:00,66adedced0f9039000c79bb7eae19937adbc639ee475c43a7340bf476194b2cb,pending,"Research-grade iNaturalist candidate. Confirm species and assign leaves, bark, roots, or flowers before training.",unassigned,1024,683,1d000f352aa372f7c46fa2223f88d4c56d9d4722ee536066d5a0ae01fdc71cab,,,yes
inat_403430601_740727257_1776bc0cf1,dataset/candidates/Rhizophora_mucronata/unclassified/inat_403430601_740727257_1776bc0cf1.jpg,Rhizophora mucronata,,iNaturalist research-grade observation,inat:403430601,inat:403430601,https://www.inaturalist.org/observations/403430601,https://inaturalist-open-data.s3.amazonaws.com/photos/740727257/original.jpg,"(c) Rob Foster, some rights reserved (CC BY)","(c) Rob Foster, some rights reserved (CC BY)",cc-by,,,"Singapore, SG, SG",2026-09-29T13:12:04.321438+00:00,1776bc0cf16f09f9b682dd4a1787d730e04b2cc08a3122477732102a18a00b1c,pending,"Research-grade iNaturalist candidate. Confirm species and assign leaves, bark, roots, or flowers before training.",unassigned,768,1024,b3985b7de1e1df59712cbe7a6fd3673575e28fe6d175988ccc037f9d984f90e3,,,yes
inat_403430601_740727251_2623f7fba1,dataset/candidates/Rhizophora_mucronata/unclassified/inat_403430601_740727251_2623f7fba1.jpg,Rhizophora mucronata,,iNaturalist research-grade observation,inat:403430601,inat:403430601,https://www.inaturalist.org/observations/403430601,https://inaturalist-open-data.s3.amazonaws.com/photos/740727251/original.jpg,"(c) Rob Foster, some rights reserved (CC BY)","(c) Rob Foster, some rights reserved (CC BY)",cc-by,,,"Singapore, SG, SG",2026-09-29T13:12:04.365080+00:00,2623f7fba196922d79d473567dbcd00063781a92fb2ed2d922832b1a163e6dd7,pending,"Research-grade iNaturalist candidate. Confirm species and assign leaves, bark, roots, or flowers before training.",unassigned,768,1024,5580d07cf6c77138739d782551a7a10e9a01523108b656f0d30e6ac7efa0952e,,,yes
inat_403430601_740727284_a48c6c8b32,dataset/candidates/Rhizophora_mucronata/unclassified/inat_403430601_740727284_a48c6c8b32.jpg,Rhizophora mucronata,,iNaturalist research-grade observation,inat:403430601,inat:403430601,https://www.inaturalist.org/observations/403430601,https://inaturalist-open-data.s3.amazonaws.com/photos/740727284/original.jpg,"(c) Rob Foster, some rights reserved (CC BY)","(c) Rob Foster, some rights reserved (CC BY)",cc-by,,,"Singapore, SG, SG",2026-09-29T13:12:04.467786+00:00,a48c6c8b32ac321e95bf040b508fd0987aab4a1b50ad9046590f356992fab71a,pending,"Research-grade iNaturalist candidate. Confirm species and assign leaves, bark, roots, or flowers before training.",unassigned,768,1024,b15fc79ccc753beac7c8cf331bfcf014b53d271143d46225defa70d9081b5b48,,,yes
inat_351897632_642234918_6ed8a0128a,dataset/candidates/Rhizophora_mucronata/unclassified/inat_351897632_642234918_6ed8a0128a.jpg,Rhizophora mucronata,,iNaturalist research-grade observation,inat:351897632,inat:351897632,https://www.inaturalist.org/observations/351897632,https://inaturalist-open-data.s3.amazonaws.com/photos/642234918/original.jpg,"(c) grass_0, some rights reserved (CC BY)","(c) grass_0, some rights reserved (CC BY)",cc-by,,,Singapore,2026-09-29T13:12:04.536391+00:00,6ed8a0128a02ee00b70d0398f124b0a290a3347b3657c940b0b4c5ee3e36ee94,pending,"Research-grade iNaturalist candidate. Confirm species and assign leaves, bark, roots, or flowers before training.",unassigned,1024,768,76fe69e3819b773737d083f171b05459fc077010cb3928c98a2b42a68307fedd,,,yes
inat_351897632_642234965_8eb5ffd637,dataset/candidates/Rhizophora_mucronata/unclassified/inat_351897632_642234965_8eb5ffd637.jpg,Rhizophora mucronata,,iNaturalist research-grade observation,inat:351897632,inat:351897632,https://www.inaturalist.org/observations/351897632,https://inaturalist-open-data.s3.amazonaws.com/photos/642234965/original.jpg,"(c) grass_0, some rights reserved (CC BY)","(c) grass_0, some rights reserved (CC BY)",cc-by,,,Singapore,2026-09-29T13:12:04.598865+00:00,8eb5ffd637e3c6e2bc4fd897622cd30e13a72d02b3de7950af4344ed4285db6e,pending,"Research-grade iNaturalist candidate. Confirm species and assign leaves, bark, roots, or flowers before training.",unassigned,576,1024,45e404245b467f426df0d8d114f01926091ef5fb715e9a304699b46602f854d9,,,yes
inat_351897632_642234989_3261cd4c58,dataset/candidates/Rhizophora_mucronata/unclassified/inat_351897632_642234989_3261cd4c58.jpg,Rhizophora mucronata,,iNaturalist research-grade observation,inat:351897632,inat:351897632,https://www.inaturalist.org/observations/351897632,https://inaturalist-open-data.s3.amazonaws.com/photos/642234989/original.jpg,"(c) grass_0, some rights reserved (CC BY)","(c) grass_0, some rights reserved (CC BY)",cc-by,,,Singapore,2026-09-29T13:12:04.750916+00:00,3261cd4c58633889a4b2dfbf9878fef2dbdaaf944295ec631fb94ebf2244e258,pending,"Research-grade iNaturalist candidate. Confirm species and assign leaves, bark, roots, or flowers before training.",unassigned,768,1024,8b261e0986f0934d34012dca2097fcc171b4b277b09e3245e222d2360b1d6446,,,yes
inat_349452859_637474458_8ddbc6edd9,dataset/candidates/Rhizophora_mucronata/unclassified/inat_349452859_637474458_8ddbc6edd9.jpg,Rhizophora mucronata,,iNaturalist research-grade observation,inat:349452859,inat:349452859,https://www.inaturalist.org/observations/349452859,https://inaturalist-open-data.s3.amazonaws.com/photos/637474458/original.jpg,"(c) P Jeganathan, some rights reserved (CC BY)","(c) P Jeganathan, some rights reserved (CC BY)",cc-by,,,"8Q6Q+XMQ Azad Hind Fauz Setu (UTTARA), Great Andaman Trunk Rd, Andaman and Nicobar Islands 744209, India",2026-09-29T13:12:04.828703+00:00,8ddbc6edd9d165fc016122c762ce78fbd8b83aa7f16ee95db60fc0b832748ba8,pending,"Research-grade iNaturalist candidate. Confirm species and assign leaves, bark, roots, or flowers before training.",unassigned,1024,768,24454b3773c3b0f4149f0509e5761de47f22f3811d38032cf8fb4cee22ce3831,,,yes
inat_349452859_637474463_5a9ac2ed50,dataset/candidates/Rhizophora_mucronata/unclassified/inat_349452859_637474463_5a9ac2ed50.jpg,Rhizophora mucronata,,iNaturalist research-grade observation,inat:349452859,inat:349452859,https://www.inaturalist.org/observations/349452859,https://inaturalist-open-data.s3.amazonaws.com/photos/637474463/original.jpg,"(c) P Jeganathan, some rights reserved (CC BY)","(c) P Jeganathan, some rights reserved (CC BY)",cc-by,,,"8Q6Q+XMQ Azad Hind Fauz Setu (UTTARA), Great Andaman Trunk Rd, Andaman and Nicobar Islands 744209, India",2026-09-29T13:12:04.903986+00:00,5a9ac2ed504906d4822960e671cce3854b97269bc6d57fd00f7a40a5aa6b87ba,pending,"Research-grade iNaturalist candidate. Confirm species and assign leaves, bark, roots, or flowers before training.",unassigned,1024,768,b974717a40c6bf4de9cd051fc94ec0535a4c0797278debbca872e5b9f622b9b0,,,yes
inat_349452859_637474473_d45e4a9d3e,dataset/candidates/Rhizophora_mucronata/unclassified/inat_349452859_637474473_d45e4a9d3e.jpg,Rhizophora mucronata,,iNaturalist research-grade observation,inat:349452859,inat:349452859,https://www.inaturalist.org/observations/349452859,https://inaturalist-open-data.s3.amazonaws.com/photos/637474473/original.jpg,"(c) P Jeganathan, some rights reserved (CC BY)","(c) P Jeganathan, some rights reserved (CC BY)",cc-by,,,"8Q6Q+XMQ Azad Hind Fauz Setu (UTTARA), Great Andaman Trunk Rd, Andaman and Nicobar Islands 744209, India",2026-09-29T13:12:04.969569+00:00,d45e4a9d3e1ed3ae5bea4807e5e5548085502bea45cbb780c41be0ec1a0f4e96,pending,"Research-grade iNaturalist candidate. Confirm species and assign leaves, bark, roots, or flowers before training.",unassigned,1024,768,07048a830d6e6832fc4e1c8115f8954ea76649aeb0e7889b01dc93b868110bd4,,,yes
inat_349452859_637474516_622348d929,dataset/candidates/Rhizophora_mucronata/unclassified/inat_349452859_637474516_622348d929.jpg,Rhizophora mucronata,,iNaturalist research-grade observation,inat:349452859,inat:349452859,https://www.inaturalist.org/observations/349452859,https://inaturalist-open-data.s3.amazonaws.com/photos/637474516/original.jpg,"(c) P Jeganathan, some rights reserved (CC BY)","(c) P Jeganathan, some rights reserved (CC BY)",cc-by,,,"8Q6Q+XMQ Azad Hind Fauz Setu (UTTARA), Great Andaman Trunk Rd, Andaman and Nicobar Islands 744209, India",2026-09-29T13:12:05.036833+00:00,622348d929c9b3232521bb39882b729297332673a984409a7025093ecdc42f91,pending,"Research-grade iNaturalist candidate. Confirm species and assign leaves, bark, roots, or flowers before training.",unassigned,1024,768,38dffa3243a2aee18a92ec271f60328bb4c562287e9efe9a9e55704d73ec9e86,,,yes
inat_349452859_637474512_3e5ce0ee45,dataset/candidates/Rhizophora_mucronata/unclassified/inat_349452859_637474512_3e5ce0ee45.jpg,Rhizophora mucronata,,iNaturalist research-grade observation,inat:349452859,inat:349452859,https://www.inaturalist.org/observations/349452859,https://inaturalist-open-data.s3.amazonaws.com/photos/637474512/original.jpg,"(c) P Jeganathan, some rights reserved (CC BY)","(c) P Jeganathan, some rights reserved (CC BY)",cc-by,,,"8Q6Q+XMQ Azad Hind Fauz Setu (UTTARA), Great Andaman Trunk Rd, Andaman and Nicobar Islands 744209, India",2026-09-29T13:12:05.103604+00:00,3e5ce0ee4568a9ad212c156b26a35715dccd091da04e65a613687739044545e2,pending,"Research-grade iNaturalist candidate. Confirm species and assign leaves, bark, roots, or flowers before training.",unassigned,1024,768,2eb46234fa6aa6e34b61ad0e766546d57481d9ac5ebdc7ee65da0a9faa4acd9b,,,yes
inat_349452859_637474524_c70568c55d,dataset/candidates/Rhizophora_mucronata/unclassified/inat_349452859_637474524_c70568c55d.jpg,Rhizophora mucronata,,iNaturalist research-grade observation,inat:349452859,inat:349452859,https://www.inaturalist.org/observations/349452859,https://inaturalist-open-data.s3.amazonaws.com/photos/637474524/original.jpg,"(c) P Jeganathan, some rights reserved (CC BY)","(c) P Jeganathan, some rights reserved (CC BY)",cc-by,,,"8Q6Q+XMQ Azad Hind Fauz Setu (UTTARA), Great Andaman Trunk Rd, Andaman and Nicobar Islands 744209, India",2026-09-29T13:12:05.169393+00:00,c70568c55dbf4e14ec0d6e321e838607ffef65577771b9df9a575d901df48d90,pending,"Research-grade iNaturalist candidate. Confirm species and assign leaves, bark, roots, or flowers before training.",unassigned,1024,768,91cff4e59591859bdbaf98cc1e1c9df48b24b5e5cff3eb983e6941b399a85bec,,,yes
inat_349452859_637474540_106f0f37a5,dataset/candidates/Rhizophora_mucronata/unclassified/inat_349452859_637474540_106f0f37a5.jpg,Rhizophora mucronata,,iNaturalist research-grade observation,inat:349452859,inat:349452859,https://www.inaturalist.org/observations/349452859,https://inaturalist-open-data.s3.amazonaws.com/photos/637474540/original.jpg,"(c) P Jeganathan, some rights reserved (CC BY)","(c) P Jeganathan, some rights reserved (CC BY)",cc-by,,,"8Q6Q+XMQ Azad Hind Fauz Setu (UTTARA), Great Andaman Trunk Rd, Andaman and Nicobar Islands 744209, India",2026-09-29T13:12:05.228506+00:00,106f0f37a59220337eca72a0288df4f661763cfbc0a01db2e593e8bd541ce29a,pending,"Research-grade iNaturalist candidate. Confirm species and assign leaves, bark, roots, or flowers before training.",unassigned,768,1024,cfc2833d8763c462c56c5efea8005c0d5abab1c2a96b62aba4d597948d98974d,,,yes
inat_347671561_633943545_fc116ace8b,dataset/candidates/Rhizophora_mucronata/unclassified/inat_347671561_633943545_fc116ace8b.jpg,Rhizophora mucronata,,iNaturalist research-grade observation,inat:347671561,inat:347671561,https://www.inaturalist.org/observations/347671561,https://inaturalist-open-data.s3.amazonaws.com/photos/633943545/original.jpg,"(c) Zac Peterson, some rights reserved (CC BY)","(c) Zac Peterson, some rights reserved (CC BY)",cc-by,,,"Takdat, Mueang Phang-nga District, Phang Nga 82000, Thailand",2026-09-29T13:12:05.290171+00:00,fc116ace8b09c3f8863320751a90a5517c6b9af5c217a169c16eb320fe774e48,pending,"Research-grade iNaturalist candidate. Confirm species and assign leaves, bark, roots, or flowers before training.",unassigned,771,1024,447c617ee7d302ad889fcd35a35356905c7b583fca630d5f508c80dd78fa9373,,,yes
inat_347671561_634411209_30dcea1277,dataset/candidates/Rhizophora_mucronata/unclassified/inat_347671561_634411209_30dcea1277.jpg,Rhizophora mucronata,,iNaturalist research-grade observation,inat:347671561,inat:347671561,https://www.inaturalist.org/observations/347671561,https://inaturalist-open-data.s3.amazonaws.com/photos/634411209/original.jpg,"(c) Zac Peterson, some rights reserved (CC BY)","(c) Zac Peterson, some rights reserved (CC BY)",cc-by,,,"Takdat, Mueang Phang-nga District, Phang Nga 82000, Thailand",2026-09-29T13:12:05.353772+00:00,30dcea1277741372b060676fac11f7048fef7524716f67e539aa3f0a87a073f9,pending,"Research-grade iNaturalist candidate. Confirm species and assign leaves, bark, roots, or flowers before training.",unassigned,1024,834,af95218826f2cd36b262ea0379c159becad4abf496ead9bf00103551549702be,,,yes
inat_347671561_634411189_c53b23fb6d,dataset/candidates/Rhizophora_mucronata/unclassified/inat_347671561_634411189_c53b23fb6d.jpg,Rhizophora mucronata,,iNaturalist research-grade observation,inat:347671561,inat:347671561,https://www.inaturalist.org/observations/347671561,https://inaturalist-open-data.s3.amazonaws.com/photos/634411189/original.jpg,"(c) Zac Peterson, some rights reserved (CC BY)","(c) Zac Peterson, some rights reserved (CC BY)",cc-by,,,"Takdat, Mueang Phang-nga District, Phang Nga 82000, Thailand",2026-09-29T13:12:05.418542+00:00,c53b23fb6d37f07252103027b6b5b81504fce026b5147cd648ca44da786d3a4e,pending,"Research-grade iNaturalist candidate. Confirm species and assign leaves, bark, roots, or flowers before training.",unassigned,1024,609,4c419dfa8e74876f242633aa8e503d719ccfeb977ee59a3e67066ffa0e6aef71,,,yes
inat_347671561_633943535_bf59b560ad,dataset/candidates/Rhizophora_mucronata/unclassified/inat_347671561_633943535_bf59b560ad.jpg,Rhizophora mucronata,,iNaturalist research-grade observation,inat:347671561,inat:347671561,https://www.inaturalist.org/observations/347671561,https://inaturalist-open-data.s3.amazonaws.com/photos/633943535/original.jpg,"(c) Zac Peterson, some rights reserved (CC BY)","(c) Zac Peterson, some rights reserved (CC BY)",cc-by,,,"Takdat, Mueang Phang-nga District, Phang Nga 82000, Thailand",2026-09-29T13:12:05.522184+00:00,bf59b560adb70f81228f5693943fee08b5628f852172cdd016528948480851e0,pending,"Research-grade iNaturalist candidate. Confirm species and assign leaves, bark, roots, or flowers before training.",unassigned,1024,659,fdc5e9275e7a79c92733a5454a75b9a116215d7c0b8d583acca949dc7668a5d3,,,yes
inat_347671561_633942399_1133e4a770,dataset/candidates/Rhizophora_mucronata/unclassified/inat_347671561_633942399_1133e4a770.jpg,Rhizophora mucronata,,iNaturalist research-grade observation,inat:347671561,inat:347671561,https://www.inaturalist.org/observations/347671561,https://inaturalist-open-data.s3.amazonaws.com/photos/633942399/original.jpg,"(c) Zac Peterson, some rights reserved (CC BY)","(c) Zac Peterson, some rights reserved (CC BY)",cc-by,,,"Takdat, Mueang Phang-nga District, Phang Nga 82000, Thailand",2026-09-29T13:12:05.596834+00:00,1133e4a7707a29874009f6e318638aa2517d59b65d9dba23c842f393d8578488,pending,"Research-grade iNaturalist candidate. Confirm species and assign leaves, bark, roots, or flowers before training.",unassigned,771,1024,2a084a847aa3e96ad3ffe6dfaf0d1a7e5ab250bfd78ec2f72173e78306f1cbf5,,,yes
inat_347671561_633942373_9a088aec2a,dataset/candidates/Rhizophora_mucronata/unclassified/inat_347671561_633942373_9a088aec2a.jpg,Rhizophora mucronata,,iNaturalist research-grade observation,inat:347671561,inat:347671561,https://www.inaturalist.org/observations/347671561,https://inaturalist-open-data.s3.amazonaws.com/photos/633942373/original.jpg,"(c) Zac Peterson, some rights reserved (CC BY)","(c) Zac Peterson, some rights reserved (CC BY)",cc-by,,,"Takdat, Mueang Phang-nga District, Phang Nga 82000, Thailand",2026-09-29T13:12:05.656094+00:00,9a088aec2ada169545d3a36bed13033daf09bf073e2f3e92cd96720014af2d6d,pending,"Research-grade iNaturalist candidate. Confirm species and assign leaves, bark, roots, or flowers before training.",unassigned,771,1024,3b056024c05050bd244536ed7775f0f51873c65a5273c434cf875d1e04dfa024,,,yes
inat_347671561_634012220_ae6eebcf1a,dataset/candidates/Rhizophora_mucronata/unclassified/inat_347671561_634012220_ae6eebcf1a.jpg,Rhizophora mucronata,,iNaturalist research-grade observation,inat:347671561,inat:347671561,https://www.inaturalist.org/observations/347671561,https://inaturalist-open-data.s3.amazonaws.com/photos/634012220/original.jpg,"(c) Zac Peterson, some rights reserved (CC BY)","(c) Zac Peterson, some rights reserved (CC BY)",cc-by,,,"Takdat, Mueang Phang-nga District, Phang Nga 82000, Thailand",2026-09-29T13:12:05.722709+00:00,ae6eebcf1a5082eb45b139646391e529aef2a9ee21198fed0310e793ac6b33b8,pending,"Research-grade iNaturalist candidate. Confirm species and assign leaves, bark, roots, or flowers before training.",unassigned,696,1024,9cb51b0096329afac93c22d576762506707d81d9b16586e9bbb279c1cdad0922,,,yes
inat_393122841_720533324_128e5c651d,dataset/candidates/Xylocarpus_moluccensis/unclassified/inat_393122841_720533324_128e5c651d.jpg,Xylocarpus moluccensis,,iNaturalist research-grade observation,inat:393122841,inat:393122841,https://www.inaturalist.org/observations/393122841,https://inaturalist-open-data.s3.amazonaws.com/photos/720533324/original.jpg,"(c) Richard Littauer, some rights reserved (CC BY)","(c) Richard Littauer, some rights reserved (CC BY)",cc-by,,,"Cairns QLD, Australia",2026-09-29T13:12:38.075273+00:00,128e5c651da7d3db3395d8e7a50f9b703fbb424ef1addc5ed446131dd56e68be,pending,"Research-grade iNaturalist candidate. Confirm species and assign leaves, bark, roots, or flowers before training.",unassigned,1024,682,bc6b95e2ce306273dc53b305871b17f74449b57b9ab48d14bbe97f042a64fe9e,,,yes
inat_393122841_720533329_dc1ca37533,dataset/candidates/Xylocarpus_moluccensis/unclassified/inat_393122841_720533329_dc1ca37533.jpg,Xylocarpus moluccensis,,iNaturalist research-grade observation,inat:393122841,inat:393122841,https://www.inaturalist.org/observations/393122841,https://inaturalist-open-data.s3.amazonaws.com/photos/720533329/original.jpg,"(c) Richard Littauer, some rights reserved (CC BY)","(c) Richard Littauer, some rights reserved (CC BY)",cc-by,,,"Cairns QLD, Australia",2026-09-29T13:12:38.122078+00:00,dc1ca37533f9d12e552e050bc2b5ada0abdba3a695760f5deaef602e2ba62682,pending,"Research-grade iNaturalist candidate. Confirm species and assign leaves, bark, roots, or flowers before training.",unassigned,1024,682,7b716502d47ccf1f2560a2b4c42cdd64a58644dce7bca482386c918bdccfe01e,,,yes
inat_393122841_720533311_6780b35079,dataset/candidates/Xylocarpus_moluccensis/unclassified/inat_393122841_720533311_6780b35079.jpg,Xylocarpus moluccensis,,iNaturalist research-grade observation,inat:393122841,inat:393122841,https://www.inaturalist.org/observations/393122841,https://inaturalist-open-data.s3.amazonaws.com/photos/720533311/original.jpg,"(c) Richard Littauer, some rights reserved (CC BY)","(c) Richard Littauer, some rights reserved (CC BY)",cc-by,,,"Cairns QLD, Australia",2026-09-29T13:12:38.191007+00:00,6780b350793e040877db2145846764bdeb372250adc6d53081a8bd9e45dc6510,pending,"Research-grade iNaturalist candidate. Confirm species and assign leaves, bark, roots, or flowers before training.",unassigned,1024,682,f7cf0b54b75cff2e92d8ee2b74e78af6bba3f17d350e613e85fd7ddfd8c9d29a,,,yes
inat_382885819_700728310_30288a9046,dataset/candidates/Xylocarpus_moluccensis/unclassified/inat_382885819_700728310_30288a9046.jpg,Xylocarpus moluccensis,,iNaturalist research-grade observation,inat:382885819,inat:382885819,https://www.inaturalist.org/observations/382885819,https://inaturalist-open-data.s3.amazonaws.com/photos/700728310/original.jpg,no rights reserved,no rights reserved,cc0,,,"Cairns QLD, Australia",2026-09-29T13:12:38.251422+00:00,30288a904619c1f16b6889b27f0f71ebf7582872f61d9d90f78d49c2c28a9de9,pending,"Research-grade iNaturalist candidate. Confirm species and assign leaves, bark, roots, or flowers before training.",unassigned,1024,768,b0410637a0dcf571241ea44280e97e1cda7dec0c292d625c867fbab3e09af1ba,,,yes
inat_340535364_619733732_680a4cba8d,dataset/candidates/Xylocarpus_moluccensis/unclassified/inat_340535364_619733732_680a4cba8d.jpg,Xylocarpus moluccensis,,iNaturalist research-grade observation,inat:340535364,inat:340535364,https://www.inaturalist.org/observations/340535364,https://inaturalist-open-data.s3.amazonaws.com/photos/619733732/original.jpg,"(c) Adrien Jailloux, some rights reserved (CC BY)","(c) Adrien Jailloux, some rights reserved (CC BY)",cc-by,,,"Parque nacional de Ao Phang Nga, Mueang Phang Nga District, Province de Phangnga, TH",2026-09-29T13:12:38.312508+00:00,680a4cba8d5f4166717228fcc45a68a7e45812a26408fcf8bf22c57a023e195f,pending,"Research-grade iNaturalist candidate. Confirm species and assign leaves, bark, roots, or flowers before training.",unassigned,768,1024,b3d21f93c63a6b5b2ba07056b5c4331c3993683dff5e1a8bc0253c40c941353e,,,yes
inat_340535364_619733752_805457270c,dataset/candidates/Xylocarpus_moluccensis/unclassified/inat_340535364_619733752_805457270c.jpg,Xylocarpus moluccensis,,iNaturalist research-grade observation,inat:340535364,inat:340535364,https://www.inaturalist.org/observations/340535364,https://inaturalist-open-data.s3.amazonaws.com/photos/619733752/original.jpg,"(c) Adrien Jailloux, some rights reserved (CC BY)","(c) Adrien Jailloux, some rights reserved (CC BY)",cc-by,,,"Parque nacional de Ao Phang Nga, Mueang Phang Nga District, Province de Phangnga, TH",2026-09-29T13:12:38.390238+00:00,805457270c3ca89dd27a523d71df7a9eb92fc72437bc14367d6e0cc02c3031f9,pending,"Research-grade iNaturalist candidate. Confirm species and assign leaves, bark, roots, or flowers before training.",unassigned,768,1024,64f6a83c887d2e08c428ffe254957e6ff1ab90d8aa77543703ce6a9ce500367f,,,yes
inat_307685866_555016088_f445fd98e1,dataset/candidates/Xylocarpus_moluccensis/unclassified/inat_307685866_555016088_f445fd98e1.jpg,Xylocarpus moluccensis,,iNaturalist research-grade observation,inat:307685866,inat:307685866,https://www.inaturalist.org/observations/307685866,https://inaturalist-open-data.s3.amazonaws.com/photos/555016088/original.jpg,"(c) Steve Fitzgerald, some rights reserved (CC BY-SA)","(c) Steve Fitzgerald, some rights reserved (CC BY-SA)",cc-by-sa,,,"Edge Hill QLD, Australia",2026-09-29T13:12:38.456536+00:00,f445fd98e108d4acc7a79daf56154c4ff5f9e97c859d950f17055134e50b2a40,pending,"Research-grade iNaturalist candidate. Confirm species and assign leaves, bark, roots, or flowers before training.",unassigned,1024,768,8ebf48ad0f45c0a3fa238f0cdf2d13e8d3a85b78f218d7d2ef8c405aeb85b4e0,,,yes
inat_307685866_555016113_768dcecf47,dataset/candidates/Xylocarpus_moluccensis/unclassified/inat_307685866_555016113_768dcecf47.jpg,Xylocarpus moluccensis,,iNaturalist research-grade observation,inat:307685866,inat:307685866,https://www.inaturalist.org/observations/307685866,https://inaturalist-open-data.s3.amazonaws.com/photos/555016113/original.jpg,"(c) Steve Fitzgerald, some rights reserved (CC BY-SA)","(c) Steve Fitzgerald, some rights reserved (CC BY-SA)",cc-by-sa,,,"Edge Hill QLD, Australia",2026-09-29T13:12:38.515600+00:00,768dcecf47130797154b489762e5f2da805173938967688282794ea23ed2f7ed,pending,"Research-grade iNaturalist candidate. Confirm species and assign leaves, bark, roots, or flowers before training.",unassigned,1024,768,5204760c2fff4d8c52b775adf5ba445b0c6c7c3516c4a4d7965bf168ea9b6c3f,,,yes
inat_307685866_555016112_bce25f6174,dataset/candidates/Xylocarpus_moluccensis/unclassified/inat_307685866_555016112_bce25f6174.jpg,Xylocarpus moluccensis,,iNaturalist research-grade observation,inat:307685866,inat:307685866,https://www.inaturalist.org/observations/307685866,https://inaturalist-open-data.s3.amazonaws.com/photos/555016112/original.jpg,"(c) Steve Fitzgerald, some rights reserved (CC BY-SA)","(c) Steve Fitzgerald, some rights reserved (CC BY-SA)",cc-by-sa,,,"Edge Hill QLD, Australia",2026-09-29T13:12:38.629163+00:00,bce25f6174b885ff04939ac9c1e4fcf026ce28304f0eb8763c3e11c8565083e0,pending,"Research-grade iNaturalist candidate. Confirm species and assign leaves, bark, roots, or flowers before training.",unassigned,1024,768,804ba15682253ad101fe840bbfd8c39b60e4dfea8fe0ead6c16653d5ac109ef0,,,yes
inat_307685866_555016104_77b201820e,dataset/candidates/Xylocarpus_moluccensis/unclassified/inat_307685866_555016104_77b201820e.jpg,Xylocarpus moluccensis,,iNaturalist research-grade observation,inat:307685866,inat:307685866,https://www.inaturalist.org/observations/307685866,https://inaturalist-open-data.s3.amazonaws.com/photos/555016104/original.jpg,"(c) Steve Fitzgerald, some rights reserved (CC BY-SA)","(c) Steve Fitzgerald, some rights reserved (CC BY-SA)",cc-by-sa,,,"Edge Hill QLD, Australia",2026-09-29T13:12:38.706337+00:00,77b201820e5b8ea7643b598de806de18c5dd01920f2232d3d8603e7491f5e406,pending,"Research-grade iNaturalist candidate. Confirm species and assign leaves, bark, roots, or flowers before training.",unassigned,1024,768,184b549effc8363a521a3fbce66079adde4727176787baa8c44e5becf4d5aa0b,,,yes
inat_299736580_540017065_c906b18613,dataset/candidates/Xylocarpus_moluccensis/unclassified/inat_299736580_540017065_c906b18613.jpg,Xylocarpus moluccensis,,iNaturalist research-grade observation,inat:299736580,inat:299736580,https://www.inaturalist.org/observations/299736580,https://inaturalist-open-data.s3.amazonaws.com/photos/540017065/original.jpg,"(c) Genevieve Early, some rights reserved (CC BY)","(c) Genevieve Early, some rights reserved (CC BY)",cc-by,,,"Western Australia 6740, Australia",2026-09-29T13:12:38.771593+00:00,c906b186139e958e7f6469e168db4c41bc89d3784cf3cac3c93d7a4470fc0c48,pending,"Research-grade iNaturalist candidate. Confirm species and assign leaves, bark, roots, or flowers before training.",unassigned,576,1024,d89e4deda1431724cb62ee8b975f8a1a512cc3cdc9b95e55afce174627d782bd,,,yes
inat_299736580_540017103_b40a34f1d6,dataset/candidates/Xylocarpus_moluccensis/unclassified/inat_299736580_540017103_b40a34f1d6.jpg,Xylocarpus moluccensis,,iNaturalist research-grade observation,inat:299736580,inat:299736580,https://www.inaturalist.org/observations/299736580,https://inaturalist-open-data.s3.amazonaws.com/photos/540017103/original.jpg,"(c) Genevieve Early, some rights reserved (CC BY)","(c) Genevieve Early, some rights reserved (CC BY)",cc-by,,,"Western Australia 6740, Australia",2026-09-29T13:12:38.836481+00:00,b40a34f1d687c9bbf1e175c6931ce62d91049810f89723e0aa1142e05bb71668,pending,"Research-grade iNaturalist candidate. Confirm species and assign leaves, bark, roots, or flowers before training.",unassigned,1024,576,a025980d95b3c44358dd90139b12dd7d1669e4028990aeec4f1f62a6ce31659e,,,yes
inat_299736580_540017141_dd637b1f4b,dataset/candidates/Xylocarpus_moluccensis/unclassified/inat_299736580_540017141_dd637b1f4b.jpg,Xylocarpus moluccensis,,iNaturalist research-grade observation,inat:299736580,inat:299736580,https://www.inaturalist.org/observations/299736580,https://inaturalist-open-data.s3.amazonaws.com/photos/540017141/original.jpg,"(c) Genevieve Early, some rights reserved (CC BY)","(c) Genevieve Early, some rights reserved (CC BY)",cc-by,,,"Western Australia 6740, Australia",2026-09-29T13:12:38.897497+00:00,dd637b1f4b283454337f84ac590630f8c67f2dd58e0b33acec9b5ff1ed51746a,pending,"Research-grade iNaturalist candidate. Confirm species and assign leaves, bark, roots, or flowers before training.",unassigned,1024,576,d68d5f57f5e6f4ab3cd66ad89b4db196510715c4bed30e9d2d7bb9ac3ce49670,,,yes
inat_299736580_540017189_01ca9477ac,dataset/candidates/Xylocarpus_moluccensis/unclassified/inat_299736580_540017189_01ca9477ac.jpg,Xylocarpus moluccensis,,iNaturalist research-grade observation,inat:299736580,inat:299736580,https://www.inaturalist.org/observations/299736580,https://inaturalist-open-data.s3.amazonaws.com/photos/540017189/original.jpg,"(c) Genevieve Early, some rights reserved (CC BY)","(c) Genevieve Early, some rights reserved (CC BY)",cc-by,,,"Western Australia 6740, Australia",2026-09-29T13:12:38.957688+00:00,01ca9477ac7fc81d10dc30dd52a46ca88e30b3234e868655c270c56c553d3e6e,pending,"Research-grade iNaturalist candidate. Confirm species and assign leaves, bark, roots, or flowers before training.",unassigned,576,1024,8c6b8e2dce6934261520ff71be7255d0ef691b921445ce6c3030941aa84ac995,,,yes
inat_287821043_517552018_61e13e9274,dataset/candidates/Xylocarpus_moluccensis/unclassified/inat_287821043_517552018_61e13e9274.jpg,Xylocarpus moluccensis,,iNaturalist research-grade observation,inat:287821043,inat:287821043,https://www.inaturalist.org/observations/287821043,https://inaturalist-open-data.s3.amazonaws.com/photos/517552018/original.jpg,"(c) Nguyen-Khanh-Trinh Tram, some rights reserved (CC BY)","(c) Nguyen-Khanh-Trinh Tram, some rights reserved (CC BY)",cc-by,,,"Tân Thành, Gò Công Đông, Tiền Giang, Vietnam",2026-09-29T13:12:39.028107+00:00,61e13e92743eb25af4e22eabe151934e5ecf0ad2f81d48340a77917ad815f16d,pending,"Research-grade iNaturalist candidate. Confirm species and assign leaves, bark, roots, or flowers before training.",unassigned,768,1024,c3b76f25ecef755226d191f5a8518268b3b4b6a991c6048ca8dd59645c89fdbd,,,yes
inat_287821043_517552031_c37ecd74a1,dataset/candidates/Xylocarpus_moluccensis/unclassified/inat_287821043_517552031_c37ecd74a1.jpg,Xylocarpus moluccensis,,iNaturalist research-grade observation,inat:287821043,inat:287821043,https://www.inaturalist.org/observations/287821043,https://inaturalist-open-data.s3.amazonaws.com/photos/517552031/original.jpg,"(c) Nguyen-Khanh-Trinh Tram, some rights reserved (CC BY)","(c) Nguyen-Khanh-Trinh Tram, some rights reserved (CC BY)",cc-by,,,"Tân Thành, Gò Công Đông, Tiền Giang, Vietnam",2026-09-29T13:12:39.088689+00:00,c37ecd74a1f322555797e87aacd6aaac82a191182631ce909dec2908f11ea0a7,pending,"Research-grade iNaturalist candidate. Confirm species and assign leaves, bark, roots, or flowers before training.",unassigned,768,1024,cdddc03d71111e50f7373bc9b5b88f8832fb56f066a1ad16a3b0e80b31e1dd30,,,yes
inat_287821043_517552032_b2b3f56256,dataset/candidates/Xylocarpus_moluccensis/unclassified/inat_287821043_517552032_b2b3f56256.jpg,Xylocarpus moluccensis,,iNaturalist research-grade observation,inat:287821043,inat:287821043,https://www.inaturalist.org/observations/287821043,https://inaturalist-open-data.s3.amazonaws.com/photos/517552032/original.jpg,"(c) Nguyen-Khanh-Trinh Tram, some rights reserved (CC BY)","(c) Nguyen-Khanh-Trinh Tram, some rights reserved (CC BY)",cc-by,,,"Tân Thành, Gò Công Đông, Tiền Giang, Vietnam",2026-09-29T13:12:39.155544+00:00,b2b3f56256ca6aae67e402cc8c2557f5ff6a2bf5bf47df5a22466ebbc6df6845,pending,"Research-grade iNaturalist candidate. Confirm species and assign leaves, bark, roots, or flowers before training.",unassigned,768,1024,06c3ae2e6bf1c95c392186e5efa3faa9f780370375a5b8e38c909f842a9998cc,,,yes
inat_287821043_517552046_e2d0094127,dataset/candidates/Xylocarpus_moluccensis/unclassified/inat_287821043_517552046_e2d0094127.jpg,Xylocarpus moluccensis,,iNaturalist research-grade observation,inat:287821043,inat:287821043,https://www.inaturalist.org/observations/287821043,https://inaturalist-open-data.s3.amazonaws.com/photos/517552046/original.jpg,"(c) Nguyen-Khanh-Trinh Tram, some rights reserved (CC BY)","(c) Nguyen-Khanh-Trinh Tram, some rights reserved (CC BY)",cc-by,,,"Tân Thành, Gò Công Đông, Tiền Giang, Vietnam",2026-09-29T13:12:39.214768+00:00,e2d00941278522c5f1321050ee65d6931d455d615e1733cd22a145cc1a67bc1f,pending,"Research-grade iNaturalist candidate. Confirm species and assign leaves, bark, roots, or flowers before training.",unassigned,768,1024,f8db4c55a2a5b88676e06afba39fab0e32c9cf0d245bd4e6de7dad9c6b02c641,,,yes
inat_287821043_517552068_cef768057e,dataset/candidates/Xylocarpus_moluccensis/unclassified/inat_287821043_517552068_cef768057e.jpg,Xylocarpus moluccensis,,iNaturalist research-grade observation,inat:287821043,inat:287821043,https://www.inaturalist.org/observations/287821043,https://inaturalist-open-data.s3.amazonaws.com/photos/517552068/original.jpg,"(c) Nguyen-Khanh-Trinh Tram, some rights reserved (CC BY)","(c) Nguyen-Khanh-Trinh Tram, some rights reserved (CC BY)",cc-by,,,"Tân Thành, Gò Công Đông, Tiền Giang, Vietnam",2026-09-29T13:12:39.280611+00:00,cef768057e2c73f7c93bee70e34e5b8528a39c6e25e9e9d9f4609c2af7658a05,pending,"Research-grade iNaturalist candidate. Confirm species and assign leaves, bark, roots, or flowers before training.",unassigned,768,1024,ff580968f31549454c0b8bdaa0d48dfa2c5d4357de96ea9db18890e71ed8c9e1,,,yes
inat_287821043_517552066_67463aa0f1,dataset/candidates/Xylocarpus_moluccensis/unclassified/inat_287821043_517552066_67463aa0f1.jpg,Xylocarpus moluccensis,,iNaturalist research-grade observation,inat:287821043,inat:287821043,https://www.inaturalist.org/observations/287821043,https://inaturalist-open-data.s3.amazonaws.com/photos/517552066/original.jpg,"(c) Nguyen-Khanh-Trinh Tram, some rights reserved (CC BY)","(c) Nguyen-Khanh-Trinh Tram, some rights reserved (CC BY)",cc-by,,,"Tân Thành, Gò Công Đông, Tiền Giang, Vietnam",2026-09-29T13:12:39.348988+00:00,67463aa0f1ee53173657438e3ed0c0b2ac70cd24cfafafb751f45c177e77e218,pending,"Research-grade iNaturalist candidate. Confirm species and assign leaves, bark, roots, or flowers before training.",unassigned,768,1024,9a90535f30386da743fff41390aba14d563d046966e94a4f3bf2e716a753492a,,,yes
