actual,predicted,count
Bruguiera_cylindrica,Bruguiera_gymnorrhiza,8
Osbornia_octodonta,Lumnitzera_racemosa,7
Avicennia_officinalis,Avicennia_marina,5
Bruguiera_gymnorrhiza,Bruguiera_cylindrica,5
Bruguiera_sexangula,Bruguiera_gymnorrhiza,5
Rhizophora_stylosa,Rhizophora_mucronata,5
Rhizophora_mucronata,Avicennia_marina,5
Heritiera_littoralis,Avicennia_marina,5
Avicennia_officinalis,Lumnitzera_racemosa,4
Avicennia_marina,Excoecaria_agallocha,4
Avicennia_marina,Rhizophora_stylosa,4
Xylocarpus_moluccensis,Excoecaria_agallocha,4
Rhizophora_stylosa,Rhizophora_apiculata,4
Avicennia_marina,Avicennia_officinalis,3
Acanthus_ebracteatus,Acanthus_ilicifolius,3
Avicennia_officinalis,Avicennia_rumphiana,3
Xylocarpus_granatum,Avicennia_marina,3
Ceriops_tagal,Ceriops_zippeliana,3
Avicennia_rumphiana,Avicennia_officinalis,3
Rhizophora_stylosa,Bruguiera_gymnorrhiza,3
Avicennia_alba,Avicennia_marina,3
Acanthus_ilicifolius,Acanthus_ebracteatus,3
Bruguiera_sexangula,Excoecaria_agallocha,2
Bruguiera_gymnorrhiza,Excoecaria_agallocha,2
Avicennia_marina,Rhizophora_mucronata,2
Avicennia_marina,Pemphis_acidula,2
Avicennia_marina,Avicennia_rumphiana,2
Avicennia_alba,Avicennia_officinalis,2
Avicennia_marina,Avicennia_alba,2
Acanthus_ilicifolius,Avicennia_marina,2
Avicennia_officinalis,Avicennia_alba,2
Sonneratia_ovata,Sonneratia_alba,2
Xylocarpus_granatum,Rhizophora_mucronata,2
unknown,Heritiera_littoralis,2
Xylocarpus_moluccensis,Xylocarpus_granatum,2
Scyphiphora_hydrophylacea,Lumnitzera_racemosa,2
Sonneratia_alba,Rhizophora_stylosa,2
Sonneratia_alba,Avicennia_officinalis,2
Rhizophora_mucronata,Ceriops_tagal,2
Osbornia_octodonta,Ceriops_tagal,2
Ceriops_tagal,Rhizophora_mucronata,2
Lumnitzera_littorea,Bruguiera_gymnorrhiza,2
Lumnitzera_racemosa,Osbornia_octodonta,2
Ceriops_zippeliana,Ceriops_tagal,2
Ceriops_zippeliana,Rhizophora_mucronata,2
Ceriops_zippeliana,Bruguiera_gymnorrhiza,2
Ceriops_tagal,Osbornia_octodonta,2
Osbornia_octodonta,Sonneratia_alba,2
Osbornia_octodonta,Excoecaria_agallocha,2
Rhizophora_mucronata,Rhizophora_apiculata,2
Rhizophora_apiculata,Rhizophora_stylosa,2
Rhizophora_mucronata,Xylocarpus_moluccensis,2
Rhizophora_stylosa,Ceriops_tagal,2
Rhizophora_mucronata,Rhizophora_stylosa,2
Acanthus_ebracteatus,Heritiera_littoralis,1
Aegiceras_corniculatum,Bruguiera_cylindrica,1
Aegiceras_corniculatum,Avicennia_officinalis,1
Aegiceras_corniculatum,Avicennia_marina,1
Aegiceras_corniculatum,Ceriops_tagal,1
Aegiceras_corniculatum,Bruguiera_gymnorrhiza,1
Avicennia_alba,Bruguiera_gymnorrhiza,1
Avicennia_alba,Excoecaria_agallocha,1
Avicennia_alba,Lumnitzera_littorea,1
Avicennia_officinalis,Bruguiera_cylindrica,1
Avicennia_marina,Xylocarpus_granatum,1
Avicennia_marina,Xylocarpus_moluccensis,1
Avicennia_officinalis,Aegiceras_corniculatum,1
Avicennia_marina,Nypa_fruticans,1
Avicennia_marina,Heritiera_littoralis,1
Avicennia_marina,Lumnitzera_racemosa,1
Ceriops_zippeliana,Bruguiera_cylindrica,1
Excoecaria_agallocha,Bruguiera_gymnorrhiza,1
Ceriops_tagal,Sonneratia_alba,1
Ceriops_tagal,Scyphiphora_hydrophylacea,1
Ceriops_tagal,Lumnitzera_racemosa,1
Ceriops_tagal,Aegiceras_corniculatum,1
Camptostemon_philippinensis,Aegiceras_corniculatum,1
Excoecaria_agallocha,Acanthus_ilicifolius,1
Excoecaria_agallocha,Avicennia_marina,1
Bruguiera_gymnorrhiza,Rhizophora_mucronata,1
Bruguiera_gymnorrhiza,Heritiera_littoralis,1
Bruguiera_cylindrica,Camptostemon_philippinensis,1
Bruguiera_cylindrica,Excoecaria_agallocha,1
Bruguiera_cylindrica,Avicennia_alba,1
Bruguiera_sexangula,Bruguiera_cylindrica,1
Bruguiera_gymnorrhiza,Scyphiphora_hydrophylacea,1
Bruguiera_gymnorrhiza,Rhizophora_stylosa,1
Camptostemon_philippinensis,Rhizophora_apiculata,1
Camptostemon_philippinensis,Excoecaria_agallocha,1
Avicennia_rumphiana,Avicennia_marina,1
Avicennia_rumphiana,Excoecaria_agallocha,1
Avicennia_rumphiana,Rhizophora_mucronata,1
Avicennia_officinalis,Xylocarpus_granatum,1
Avicennia_officinalis,Heritiera_littoralis,1
Avicennia_officinalis,Camptostemon_philippinensis,1
Lumnitzera_racemosa,Scyphiphora_hydrophylacea,1
Lumnitzera_racemosa,Lumnitzera_littorea,1
Lumnitzera_racemosa,Ceriops_tagal,1
Lumnitzera_racemosa,Avicennia_marina,1
Lumnitzera_littorea,Sonneratia_ovata,1
Lumnitzera_racemosa,Aegiceras_corniculatum,1
Lumnitzera_littorea,Scyphiphora_hydrophylacea,1
Lumnitzera_littorea,Lumnitzera_racemosa,1
Lumnitzera_littorea,Acanthus_ilicifolius,1
Lumnitzera_littorea,Excoecaria_agallocha,1
Lumnitzera_littorea,Ceriops_tagal,1
Lumnitzera_littorea,Bruguiera_cylindrica,1
Heritiera_littoralis,Xylocarpus_granatum,1
Lumnitzera_littorea,Avicennia_alba,1
Heritiera_littoralis,Excoecaria_agallocha,1
Heritiera_littoralis,Sonneratia_alba,1
Ceriops_zippeliana,Rhizophora_stylosa,1
Excoecaria_agallocha,Bruguiera_cylindrica,1
Heritiera_littoralis,Bruguiera_gymnorrhiza,1
Excoecaria_agallocha,Sonneratia_alba,1
Excoecaria_agallocha,Rhizophora_mucronata,1
Excoecaria_agallocha,Scyphiphora_hydrophylacea,1
Excoecaria_agallocha,Heritiera_littoralis,1
Pemphis_acidula,Sonneratia_ovata,1
Rhizophora_apiculata,Rhizophora_mucronata,1
Rhizophora_apiculata,Camptostemon_philippinensis,1
Rhizophora_apiculata,Bruguiera_gymnorrhiza,1
Rhizophora_apiculata,Avicennia_marina,1
Osbornia_octodonta,Xylocarpus_moluccensis,1
Osbornia_octodonta,Avicennia_marina,1
Osbornia_octodonta,Sonneratia_ovata,1
Osbornia_octodonta,Pemphis_acidula,1
Rhizophora_stylosa,Osbornia_octodonta,1
Rhizophora_stylosa,Lumnitzera_racemosa,1
Rhizophora_mucronata,Xylocarpus_granatum,1
Rhizophora_stylosa,Avicennia_officinalis,1
Rhizophora_mucronata,Bruguiera_gymnorrhiza,1
Rhizophora_mucronata,Bruguiera_cylindrica,1
Rhizophora_mucronata,Lumnitzera_racemosa,1
Rhizophora_mucronata,Pemphis_acidula,1
Rhizophora_mucronata,Avicennia_officinalis,1
Pemphis_acidula,Acanthus_ebracteatus,1
Rhizophora_apiculata,Acanthus_ilicifolius,1
Rhizophora_stylosa,Xylocarpus_moluccensis,1
Scyphiphora_hydrophylacea,Osbornia_octodonta,1
Scyphiphora_hydrophylacea,Ceriops_tagal,1
Rhizophora_stylosa,Sonneratia_alba,1
Rhizophora_stylosa,Scyphiphora_hydrophylacea,1
Sonneratia_alba,Pemphis_acidula,1
Sonneratia_alba,Rhizophora_mucronata,1
Sonneratia_alba,Avicennia_marina,1
Sonneratia_alba,Osbornia_octodonta,1
Scyphiphora_hydrophylacea,unknown,1
Xylocarpus_granatum,Pemphis_acidula,1
Xylocarpus_granatum,Heritiera_littoralis,1
Xylocarpus_granatum,Excoecaria_agallocha,1
Xylocarpus_moluccensis,Avicennia_rumphiana,1
Xylocarpus_granatum,Sonneratia_alba,1
Xylocarpus_granatum,Rhizophora_apiculata,1
Xylocarpus_moluccensis,Sonneratia_alba,1
unknown,Avicennia_marina,1
unknown,Bruguiera_gymnorrhiza,1
unknown,Excoecaria_agallocha,1
unknown,Xylocarpus_moluccensis,1
