species,train_photos,train_groups,validation_photos,recall,f1
Camptostemon_philippinensis,7,7,4,0.25,0.25
Ceriops_zippeliana,23,17,10,0.2,0.26666666666666666
Avicennia_officinalis,121,98,28,0.32142857142857145,0.36
Xylocarpus_moluccensis,83,67,14,0.42857142857142855,0.46153846153846156
Rhizophora_mucronata,182,166,35,0.45714285714285713,0.463768115942029
Bruguiera_cylindrica,131,87,24,0.5416666666666666,0.5306122448979592
Avicennia_alba,86,62,16,0.5,0.5333333333333333
Lumnitzera_racemosa,119,91,24,0.7083333333333334,0.576271186440678
Aegiceras_corniculatum,72,50,12,0.5833333333333334,0.6086956521739131
Heritiera_littoralis,134,115,24,0.625,0.6382978723404256
Avicennia_marina,331,331,73,0.6712328767123288,0.6405228758169934
Osbornia_octodonta,97,56,39,0.5641025641025641,0.6470588235294118
Rhizophora_stylosa,222,222,51,0.6078431372549019,0.6595744680851063
Xylocarpus_granatum,123,123,26,0.6153846153846154,0.6666666666666666
Ceriops_tagal,183,183,39,0.717948717948718,0.7088607594936709
Bruguiera_sexangula,106,84,18,0.5555555555555556,0.7142857142857143
Lumnitzera_littorea,122,90,27,0.6296296296296297,0.7391304347826086
Excoecaria_agallocha,238,230,52,0.8461538461538461,0.7457627118644068
Acanthus_ebracteatus,88,74,16,0.75,0.75
Bruguiera_gymnorrhiza,325,325,69,0.8405797101449275,0.7532467532467533
Scyphiphora_hydrophylacea,105,82,23,0.782608695652174,0.7659574468085106
Avicennia_rumphiana,122,113,26,0.7692307692307693,0.7692307692307693
Acanthus_ilicifolius,124,110,26,0.8076923076923077,0.7924528301886793
Sonneratia_ovata,70,56,12,0.8333333333333334,0.8
Sonneratia_alba,246,246,52,0.8461538461538461,0.8301886792452831
Rhizophora_apiculata,221,221,47,0.851063829787234,0.8421052631578947
unknown,112,100,25,0.76,0.8444444444444444
Pemphis_acidula,127,105,29,0.9310344827586207,0.8709677419354839
Nypa_fruticans,120,107,25,1.0,0.9803921568627451
