class_name,test,train,val
Acanthus_ebracteatus,18,88,16
Acanthus_ilicifolius,31,124,26
Aegiceras_corniculatum,14,72,12
Avicennia_alba,15,86,16
Avicennia_marina,74,331,73
Avicennia_officinalis,36,121,28
Avicennia_rumphiana,26,122,26
Bruguiera_cylindrica,20,131,24
Bruguiera_gymnorrhiza,69,325,69
Bruguiera_sexangula,22,106,18
Camptostemon_philippinensis,4,7,4
Ceriops_tagal,39,183,39
Ceriops_zippeliana,10,23,10
Excoecaria_agallocha,53,238,52
Heritiera_littoralis,27,134,24
Lumnitzera_littorea,30,122,27
Lumnitzera_racemosa,25,119,24
Nypa_fruticans,23,120,25
Osbornia_octodonta,24,97,39
Pemphis_acidula,27,127,29
Rhizophora_apiculata,47,221,47
Rhizophora_mucronata,35,182,35
Rhizophora_stylosa,56,222,51
Scyphiphora_hydrophylacea,17,105,23
Sonneratia_alba,55,246,52
Sonneratia_ovata,12,70,12
Xylocarpus_granatum,26,123,26
Xylocarpus_moluccensis,17,83,14
unknown,27,112,25
