epoch,phase,train_accuracy,train_loss,accuracy,macro_f1,loss
1,head,0.3033567134268537,2.7142274425120534,0.42494226327944573,0.36741197904450795,2.112789475614975
2,head,0.45115230460921846,2.15549346894205,0.4953810623556582,0.47735408317484734,1.8638764060947692
3,head,0.5255511022044088,1.9481367656367574,0.4953810623556582,0.47629668987496765,1.8174292710857083
4,finetune,0.5854208416833667,1.7329636785931481,0.5796766743648961,0.5590211806064151,1.5415833409333615
5,finetune,0.6492985971943888,1.5318502455292817,0.6073903002309469,0.5736460099784184,1.418818690209686
6,finetune,0.6961422845691383,1.4063085875434722,0.6039260969976905,0.5856463097097231,1.3842110589800476
7,finetune,0.7467434869739479,1.2711635418310911,0.6420323325635104,0.6168502960708356,1.3175885174896647
8,finetune,0.7737975951903807,1.1700951817757141,0.6593533487297921,0.6236124053115671,1.2687375794657383
9,finetune,0.8006012024048096,1.0938722394511313,0.6697459584295612,0.6300317442095876,1.2340301231203674
10,finetune,0.8321643286573146,1.0269220871533564,0.6466512702078522,0.605393896373598,1.2607522374212605
11,finetune,0.8559619238476954,0.961383999349598,0.674364896073903,0.6411740135683096,1.2167378950339267
12,finetune,0.8802605210420842,0.9053712002858371,0.6928406466512702,0.6605924249871272,1.2045824293726861
13,finetune,0.8992985971943888,0.8540451970989097,0.6789838337182448,0.6470650626202853,1.227437298787934
14,finetune,0.9083166332665331,0.8210765018252906,0.6905311778290993,0.6559679654920157,1.193666014054631
15,finetune,0.9195891783567134,0.793815209476169,0.6893764434180139,0.6490906714605276,1.1873687169843679
16,finetune,0.9326152304609219,0.7576007488853707,0.6928406466512702,0.6542090401790905,1.196327404048096
17,finetune,0.9386272545090181,0.7380858686022863,0.6997690531177829,0.6620110152692968,1.1809009696264465
18,finetune,0.9436372745490982,0.7306655594605005,0.6986143187066974,0.65756406552297,1.204874931251755
19,finetune,0.9506513026052105,0.7024449130337319,0.7055427251732102,0.6642142694246597,1.1775954192284899
20,finetune,0.9564128256513026,0.694384794794247,0.7124711316397229,0.6726329661829866,1.1720894993590427
21,finetune,0.9554108216432866,0.6860489499473381,0.7020785219399538,0.6586626517781559,1.1760046440789662
22,finetune,0.9556613226452906,0.6918678204258363,0.7055427251732102,0.6660584340894669,1.173229612048724
23,finetune,0.9559118236472945,0.6830760389865042,0.7055427251732102,0.6621793234212865,1.1726918064969791
24,finetune,0.9584168336673347,0.6763448295946828,0.7055427251732102,0.6610174302245532,1.1711168753082153
25,finetune,0.9616733466933868,0.6697138790377156,0.7020785219399538,0.6581643188083836,1.1687516945889584
