class_name,train_images,expected_samples_per_epoch
Acanthus_ebracteatus,88,143.3448275862069
Acanthus_ilicifolius,124,143.3448275862069
Aegiceras_corniculatum,72,143.3448275862069
Avicennia_alba,86,143.3448275862069
Avicennia_marina,347,143.3448275862069
Avicennia_officinalis,132,143.3448275862069
Avicennia_rumphiana,122,143.3448275862069
Bruguiera_cylindrica,131,143.3448275862069
Bruguiera_gymnorrhiza,325,143.3448275862069
Bruguiera_sexangula,106,143.3448275862069
Camptostemon_philippinensis,22,143.3448275862069
Ceriops_tagal,183,143.3448275862069
Ceriops_zippeliana,48,143.3448275862069
Excoecaria_agallocha,245,143.3448275862069
Heritiera_littoralis,134,143.3448275862069
Lumnitzera_littorea,122,143.3448275862069
Lumnitzera_racemosa,119,143.3448275862069
Nypa_fruticans,120,143.3448275862069
Osbornia_octodonta,128,143.3448275862069
Pemphis_acidula,127,143.3448275862069
Rhizophora_apiculata,221,143.3448275862069
Rhizophora_mucronata,162,143.3448275862069
Rhizophora_stylosa,260,143.3448275862069
Scyphiphora_hydrophylacea,105,143.3448275862069
Sonneratia_alba,257,143.3448275862069
Sonneratia_ovata,70,143.3448275862069
Xylocarpus_granatum,123,143.3448275862069
Xylocarpus_moluccensis,66,143.3448275862069
unknown,112,143.3448275862069
