species,validation_f1,validation_recall,validation_support,training_images,training_groups
Ceriops_zippeliana,0.23529411764705882,0.2,10.0,23,17
Camptostemon_philippinensis,0.3333333333333333,0.25,4.0,7,7
Avicennia_officinalis,0.391304347826087,0.32142857142857145,28.0,110,92
Rhizophora_mucronata,0.39436619718309857,0.4,35.0,162,162
Avicennia_alba,0.4827586206896552,0.4375,16.0,86,62
Xylocarpus_moluccensis,0.5185185185185185,0.5,14.0,66,62
Aegiceras_corniculatum,0.5714285714285714,0.6666666666666666,12.0,72,50
Lumnitzera_racemosa,0.5769230769230769,0.625,24.0,119,91
Xylocarpus_granatum,0.5957446808510638,0.5384615384615384,26.0,123,123
Rhizophora_stylosa,0.6274509803921569,0.6274509803921569,51.0,222,222
Bruguiera_cylindrica,0.64,0.6666666666666666,24.0,131,87
Avicennia_marina,0.6797385620915033,0.7123287671232876,73.0,331,331
Heritiera_littoralis,0.6956521739130435,0.6666666666666666,24.0,134,115
Osbornia_octodonta,0.704225352112676,0.6410256410256411,39.0,97,56
Bruguiera_sexangula,0.7096774193548387,0.6111111111111112,18.0,106,84
Scyphiphora_hydrophylacea,0.72,0.782608695652174,23.0,105,82
Sonneratia_ovata,0.72,0.75,12.0,70,56
Avicennia_rumphiana,0.7272727272727273,0.7692307692307693,26.0,122,113
Ceriops_tagal,0.7631578947368421,0.7435897435897436,39.0,183,183
Bruguiera_gymnorrhiza,0.7785234899328859,0.8405797101449275,69.0,325,325
Lumnitzera_littorea,0.782608695652174,0.6666666666666666,27.0,122,90
Acanthus_ebracteatus,0.8,0.875,16.0,88,74
Excoecaria_agallocha,0.8037383177570093,0.8269230769230769,52.0,238,230
Sonneratia_alba,0.8148148148148148,0.8461538461538461,52.0,246,246
Acanthus_ilicifolius,0.851063829787234,0.7692307692307693,26.0,124,110
unknown,0.8571428571428571,0.84,25.0,112,100
Rhizophora_apiculata,0.865979381443299,0.8936170212765957,47.0,221,221
Pemphis_acidula,0.8852459016393442,0.9310344827586207,29.0,127,105
Nypa_fruticans,0.9803921568627451,1.0,25.0,120,107
