source,label,class_name,sha256_rgb,group,split,saved_path,original_group,image_path,review_status,confirmed_species,reviewer_notes
Aegiceras_corniculatum/Leaves/gbif_6131684658_0_becda7b473.jpg,2,Aegiceras_corniculatum,0e789c72ab0b39d4e474b903414a35421fc604caa559add9f080b498709629f1,gbif:6131684658,train,dataset/train/Aegiceras_corniculatum/0e789c72ab0b39d4e474b903414a35421fc604caa559add9f080b498709629f1.jpg,gbif:6131684658,C:\laragon\www\SilvaMang-AI\dataset\retraining\EfficientNet-B0\rebuild_20260926\dataset\train\Aegiceras_corniculatum\0e789c72ab0b39d4e474b903414a35421fc604caa559add9f080b498709629f1.jpg,unreviewed,,
Aegiceras_corniculatum/Leaves/gbif_6235285666_0_7aa9978260.jpg,2,Aegiceras_corniculatum,d82cdd947b7e807d1b88a986248363fccb2aae167334efa5e794b631fd6025aa,gbif:6235285666,train,dataset/train/Aegiceras_corniculatum/d82cdd947b7e807d1b88a986248363fccb2aae167334efa5e794b631fd6025aa.jpg,gbif:6235285666,C:\laragon\www\SilvaMang-AI\dataset\retraining\EfficientNet-B0\rebuild_20260926\dataset\train\Aegiceras_corniculatum\d82cdd947b7e807d1b88a986248363fccb2aae167334efa5e794b631fd6025aa.jpg,unreviewed,,
Aegiceras_corniculatum/Leaves/gbif_6179386348_0_e8e390b0bb.jpg,2,Aegiceras_corniculatum,41218f4e7d70542fed6b5a809f35f7b54e6d711231d0cb02d1ff841dfbb48975,gbif:6179386348,train,dataset/train/Aegiceras_corniculatum/41218f4e7d70542fed6b5a809f35f7b54e6d711231d0cb02d1ff841dfbb48975.jpg,gbif:6179386348,C:\laragon\www\SilvaMang-AI\dataset\retraining\EfficientNet-B0\rebuild_20260926\dataset\train\Aegiceras_corniculatum\41218f4e7d70542fed6b5a809f35f7b54e6d711231d0cb02d1ff841dfbb48975.jpg,unreviewed,,
Aegiceras_corniculatum/Leaves/gbif_6236112186_1_cd496c65e3.jpg,2,Aegiceras_corniculatum,04ee19e2dfc32310c14374e5108cce6ac9cac5e43780a6111581a2fde57c1811,gbif:6236112186,train,dataset/train/Aegiceras_corniculatum/04ee19e2dfc32310c14374e5108cce6ac9cac5e43780a6111581a2fde57c1811.jpg,gbif:6236112186,C:\laragon\www\SilvaMang-AI\dataset\retraining\EfficientNet-B0\rebuild_20260926\dataset\train\Aegiceras_corniculatum\04ee19e2dfc32310c14374e5108cce6ac9cac5e43780a6111581a2fde57c1811.jpg,unreviewed,,
Aegiceras_corniculatum/Leaves/gbif_6234705336_1_153f78e381.jpg,2,Aegiceras_corniculatum,623df9f311c76826478921aab6db5dab967bee1497bea7c01ae6a15bb072774c,gbif:6234705336,train,dataset/train/Aegiceras_corniculatum/623df9f311c76826478921aab6db5dab967bee1497bea7c01ae6a15bb072774c.jpg,gbif:6234705336,C:\laragon\www\SilvaMang-AI\dataset\retraining\EfficientNet-B0\rebuild_20260926\dataset\train\Aegiceras_corniculatum\623df9f311c76826478921aab6db5dab967bee1497bea7c01ae6a15bb072774c.jpg,unreviewed,,
Aegiceras_corniculatum/Flowers/commons_51705249_5713df6dd3.jpg,2,Aegiceras_corniculatum,b60507704c3e3f58cc924e853304fc3df109d0a164cd5de8874aa18ca7d3ddb8,commons:51705249,train,dataset/train/Aegiceras_corniculatum/b60507704c3e3f58cc924e853304fc3df109d0a164cd5de8874aa18ca7d3ddb8.jpg,commons:51705249,C:\laragon\www\SilvaMang-AI\dataset\retraining\EfficientNet-B0\rebuild_20260926\dataset\train\Aegiceras_corniculatum\b60507704c3e3f58cc924e853304fc3df109d0a164cd5de8874aa18ca7d3ddb8.jpg,unreviewed,,
Aegiceras_corniculatum/Leaves/gbif_6129896062_0_9cb9bf539a.jpg,2,Aegiceras_corniculatum,2bd0173ab68b43f00722c0655269562ac1cad5a07835f3e826b47e709e641764,gbif:6129896062,train,dataset/train/Aegiceras_corniculatum/2bd0173ab68b43f00722c0655269562ac1cad5a07835f3e826b47e709e641764.jpg,gbif:6129896062,C:\laragon\www\SilvaMang-AI\dataset\retraining\EfficientNet-B0\rebuild_20260926\dataset\train\Aegiceras_corniculatum\2bd0173ab68b43f00722c0655269562ac1cad5a07835f3e826b47e709e641764.jpg,unreviewed,,
Aegiceras_corniculatum/Leaves/gbif_6130103041_3_15827791ce.jpg,2,Aegiceras_corniculatum,79f8d606d2c3597f46cb7e608bef55b3362b64ac3b41e2cd0d09aacd07ca59b5,gbif:6130103041,train,dataset/train/Aegiceras_corniculatum/79f8d606d2c3597f46cb7e608bef55b3362b64ac3b41e2cd0d09aacd07ca59b5.jpg,gbif:6130103041,C:\laragon\www\SilvaMang-AI\dataset\retraining\EfficientNet-B0\rebuild_20260926\dataset\train\Aegiceras_corniculatum\79f8d606d2c3597f46cb7e608bef55b3362b64ac3b41e2cd0d09aacd07ca59b5.jpg,unreviewed,,
Aegiceras_corniculatum/Flowers/commons_51705247_306fd86df2.jpg,2,Aegiceras_corniculatum,355867a9a994d1319b97f93d7f1d4b0f5f0bb2930e4da7fbce4e21da229bc568,commons:51705247,train,dataset/train/Aegiceras_corniculatum/355867a9a994d1319b97f93d7f1d4b0f5f0bb2930e4da7fbce4e21da229bc568.jpg,commons:51705247,C:\laragon\www\SilvaMang-AI\dataset\retraining\EfficientNet-B0\rebuild_20260926\dataset\train\Aegiceras_corniculatum\355867a9a994d1319b97f93d7f1d4b0f5f0bb2930e4da7fbce4e21da229bc568.jpg,unreviewed,,
Aegiceras_corniculatum/Flowers/commons_51551504_608f912f20.jpg,2,Aegiceras_corniculatum,ca77f7f7a14d1b78be8f4454e36887d0277b27163969439ee2d1dd7a3f80ef8a,commons:51551504,train,dataset/train/Aegiceras_corniculatum/ca77f7f7a14d1b78be8f4454e36887d0277b27163969439ee2d1dd7a3f80ef8a.jpg,commons:51551504,C:\laragon\www\SilvaMang-AI\dataset\retraining\EfficientNet-B0\rebuild_20260926\dataset\train\Aegiceras_corniculatum\ca77f7f7a14d1b78be8f4454e36887d0277b27163969439ee2d1dd7a3f80ef8a.jpg,unreviewed,,
Aegiceras_corniculatum/Leaves/gbif_6451958716_0_a9162c5ff5.jpg,2,Aegiceras_corniculatum,ab3492d9804e45f988d8d0e7b5171cd4091584d3924ed9170fa4ba1ef6b6f0ce,gbif:6451958716,train,dataset/train/Aegiceras_corniculatum/ab3492d9804e45f988d8d0e7b5171cd4091584d3924ed9170fa4ba1ef6b6f0ce.jpg,gbif:6451958716,C:\laragon\www\SilvaMang-AI\dataset\retraining\EfficientNet-B0\rebuild_20260926\dataset\train\Aegiceras_corniculatum\ab3492d9804e45f988d8d0e7b5171cd4091584d3924ed9170fa4ba1ef6b6f0ce.jpg,unreviewed,,
Aegiceras_corniculatum/Leaves/gbif_6147340963_1_b58af9bfc1.jpg,2,Aegiceras_corniculatum,6a795a4eaac54d4b53456c4ee9c2a5dc2103fd75cc1fadf2b7b86de9e13823ee,gbif:6147340963,train,dataset/train/Aegiceras_corniculatum/6a795a4eaac54d4b53456c4ee9c2a5dc2103fd75cc1fadf2b7b86de9e13823ee.jpg,gbif:6147340963,C:\laragon\www\SilvaMang-AI\dataset\retraining\EfficientNet-B0\rebuild_20260926\dataset\train\Aegiceras_corniculatum\6a795a4eaac54d4b53456c4ee9c2a5dc2103fd75cc1fadf2b7b86de9e13823ee.jpg,unreviewed,,
Avicennia_alba/Leaves/imgi_27_medium.jpg,3,Avicennia_alba,e063d379c42289bc91316ca920abde1d7624eeb915198129fd10682a40006be0,image:e063d379c42289bc91316ca920abde1d7624eeb915198129fd10682a40006be0,train,dataset/train/Avicennia_alba/e063d379c42289bc91316ca920abde1d7624eeb915198129fd10682a40006be0.jpg,image:e063d379c42289bc91316ca920abde1d7624eeb915198129fd10682a40006be0,C:\laragon\www\SilvaMang-AI\dataset\retraining\EfficientNet-B0\rebuild_20260926\dataset\train\Avicennia_alba\e063d379c42289bc91316ca920abde1d7624eeb915198129fd10682a40006be0.jpg,unreviewed,,
Avicennia_alba/Flowers/inat_169545268_293956018_e66722d939.jpg,3,Avicennia_alba,01207db296d5f7c97001ae8d08da75d53aa6e125f8f0790b565f28b2d5d71a12,image:01207db296d5f7c97001ae8d08da75d53aa6e125f8f0790b565f28b2d5d71a12,train,dataset/train/Avicennia_alba/01207db296d5f7c97001ae8d08da75d53aa6e125f8f0790b565f28b2d5d71a12.jpg,image:01207db296d5f7c97001ae8d08da75d53aa6e125f8f0790b565f28b2d5d71a12,C:\laragon\www\SilvaMang-AI\dataset\retraining\EfficientNet-B0\rebuild_20260926\dataset\train\Avicennia_alba\01207db296d5f7c97001ae8d08da75d53aa6e125f8f0790b565f28b2d5d71a12.jpg,unreviewed,,
Avicennia_alba/Leaves/gbif_4936517191_1_a97480a1c4.jpg,3,Avicennia_alba,cc782ef232aa69d40627b206f808ae418da889ba2683c551f98923dcd3560137,gbif:4936517191,train,dataset/train/Avicennia_alba/cc782ef232aa69d40627b206f808ae418da889ba2683c551f98923dcd3560137.jpg,gbif:4936517191,C:\laragon\www\SilvaMang-AI\dataset\retraining\EfficientNet-B0\rebuild_20260926\dataset\train\Avicennia_alba\cc782ef232aa69d40627b206f808ae418da889ba2683c551f98923dcd3560137.jpg,unreviewed,,
Avicennia_alba/Flowers/gbif_6519042388_1_8b3cb05b0b.jpg,3,Avicennia_alba,3850ac3d11cd86c7b921dfebec13789c73946cf9b96fbfbe9416a14dcf6faf2b,gbif:6519042388,train,dataset/train/Avicennia_alba/3850ac3d11cd86c7b921dfebec13789c73946cf9b96fbfbe9416a14dcf6faf2b.jpg,gbif:6519042388,C:\laragon\www\SilvaMang-AI\dataset\retraining\EfficientNet-B0\rebuild_20260926\dataset\train\Avicennia_alba\3850ac3d11cd86c7b921dfebec13789c73946cf9b96fbfbe9416a14dcf6faf2b.jpg,unreviewed,,
Avicennia_alba/bark/imgi_38_medium.jpg,3,Avicennia_alba,22854812642fc1bb0afceafc59f81fbae9d5a2ef99df339ab5185d2ef5d83578,image:22854812642fc1bb0afceafc59f81fbae9d5a2ef99df339ab5185d2ef5d83578,train,dataset/train/Avicennia_alba/22854812642fc1bb0afceafc59f81fbae9d5a2ef99df339ab5185d2ef5d83578.jpg,image:22854812642fc1bb0afceafc59f81fbae9d5a2ef99df339ab5185d2ef5d83578,C:\laragon\www\SilvaMang-AI\dataset\retraining\EfficientNet-B0\rebuild_20260926\dataset\train\Avicennia_alba\22854812642fc1bb0afceafc59f81fbae9d5a2ef99df339ab5185d2ef5d83578.jpg,unreviewed,,
Avicennia_alba/Leaves/imgi_81_medium.jpg,3,Avicennia_alba,a29d62f69cf41567df36a9cb8322a4a0ca967ce6c8f3f0f2c06d4e2cbb6db1cb,image:a29d62f69cf41567df36a9cb8322a4a0ca967ce6c8f3f0f2c06d4e2cbb6db1cb,train,dataset/train/Avicennia_alba/a29d62f69cf41567df36a9cb8322a4a0ca967ce6c8f3f0f2c06d4e2cbb6db1cb.jpg,image:a29d62f69cf41567df36a9cb8322a4a0ca967ce6c8f3f0f2c06d4e2cbb6db1cb,C:\laragon\www\SilvaMang-AI\dataset\retraining\EfficientNet-B0\rebuild_20260926\dataset\train\Avicennia_alba\a29d62f69cf41567df36a9cb8322a4a0ca967ce6c8f3f0f2c06d4e2cbb6db1cb.jpg,unreviewed,,
Avicennia_alba/Flowers/gbif_2422945012_0_4b022d195f.jpg,3,Avicennia_alba,20574b1e977a523ea627741308e1f5404b2765c228ea5f888b2697bc4e86ef90,gbif:2422945012,train,dataset/train/Avicennia_alba/20574b1e977a523ea627741308e1f5404b2765c228ea5f888b2697bc4e86ef90.jpg,gbif:2422945012,C:\laragon\www\SilvaMang-AI\dataset\retraining\EfficientNet-B0\rebuild_20260926\dataset\train\Avicennia_alba\20574b1e977a523ea627741308e1f5404b2765c228ea5f888b2697bc4e86ef90.jpg,unreviewed,,
Avicennia_alba/Leaves/inat_152726921_263686649_74128e1784.jpg,3,Avicennia_alba,30c1c90e0d9bc91f5db1d49383c3d55bc9c2132ea7fe2307fd9599d68679ac8e,image:30c1c90e0d9bc91f5db1d49383c3d55bc9c2132ea7fe2307fd9599d68679ac8e,train,dataset/train/Avicennia_alba/30c1c90e0d9bc91f5db1d49383c3d55bc9c2132ea7fe2307fd9599d68679ac8e.jpg,image:30c1c90e0d9bc91f5db1d49383c3d55bc9c2132ea7fe2307fd9599d68679ac8e,C:\laragon\www\SilvaMang-AI\dataset\retraining\EfficientNet-B0\rebuild_20260926\dataset\train\Avicennia_alba\30c1c90e0d9bc91f5db1d49383c3d55bc9c2132ea7fe2307fd9599d68679ac8e.jpg,unreviewed,,
Avicennia_alba/Flowers/gbif_4936773070_0_a0cbf6268c.jpg,3,Avicennia_alba,14cb5254854d4188b2142b71b1a01f1aabdc7e9f92e4d2671f3e0b3e9b44f033,gbif:4936773070,train,dataset/train/Avicennia_alba/14cb5254854d4188b2142b71b1a01f1aabdc7e9f92e4d2671f3e0b3e9b44f033.jpg,gbif:4936773070,C:\laragon\www\SilvaMang-AI\dataset\retraining\EfficientNet-B0\rebuild_20260926\dataset\train\Avicennia_alba\14cb5254854d4188b2142b71b1a01f1aabdc7e9f92e4d2671f3e0b3e9b44f033.jpg,unreviewed,,
Avicennia_alba/Flowers/gbif_4176974951_3_c269183570.jpg,3,Avicennia_alba,bebe10297806a4cdb2c03fe134ab23513c7ca7f514952dea53371e75d890a997,gbif:4176974951,train,dataset/train/Avicennia_alba/bebe10297806a4cdb2c03fe134ab23513c7ca7f514952dea53371e75d890a997.jpg,gbif:4176974951,C:\laragon\www\SilvaMang-AI\dataset\retraining\EfficientNet-B0\rebuild_20260926\dataset\train\Avicennia_alba\bebe10297806a4cdb2c03fe134ab23513c7ca7f514952dea53371e75d890a997.jpg,unreviewed,,
Avicennia_alba/Leaves/gbif_5152992714_3_8cb8c231f4.jpg,3,Avicennia_alba,a8bcce685cbbbc0aca7b6ab27a88313c02e5d91063485623cfaac978c3b251dd,gbif:5152992714,train,dataset/train/Avicennia_alba/a8bcce685cbbbc0aca7b6ab27a88313c02e5d91063485623cfaac978c3b251dd.jpg,gbif:5152992714,C:\laragon\www\SilvaMang-AI\dataset\retraining\EfficientNet-B0\rebuild_20260926\dataset\train\Avicennia_alba\a8bcce685cbbbc0aca7b6ab27a88313c02e5d91063485623cfaac978c3b251dd.jpg,unreviewed,,
Avicennia_alba/Flowers/commons_110764512_881e9b41a6.png,3,Avicennia_alba,acad176a07e2e4484a4e3f969e71567e8beaabe538f36426413be5727c21c5a9,commons:110764512,train,dataset/train/Avicennia_alba/acad176a07e2e4484a4e3f969e71567e8beaabe538f36426413be5727c21c5a9.jpg,commons:110764512,C:\laragon\www\SilvaMang-AI\dataset\retraining\EfficientNet-B0\rebuild_20260926\dataset\train\Avicennia_alba\acad176a07e2e4484a4e3f969e71567e8beaabe538f36426413be5727c21c5a9.jpg,unreviewed,,
Avicennia_officinalis/Flowers/commons_51594705_e327aee3b7.jpg,5,Avicennia_officinalis,a24dc8f2686315a96219c41642daf89cd61b6aa1f0d0515ce0df0b9290fa0503,commons:51594705,train,dataset/train/Avicennia_officinalis/a24dc8f2686315a96219c41642daf89cd61b6aa1f0d0515ce0df0b9290fa0503.jpg,commons:51594705,C:\laragon\www\SilvaMang-AI\dataset\retraining\EfficientNet-B0\rebuild_20260926\dataset\train\Avicennia_officinalis\a24dc8f2686315a96219c41642daf89cd61b6aa1f0d0515ce0df0b9290fa0503.jpg,unreviewed,,
Avicennia_officinalis/Flowers/imgi_147_medium.jpg,5,Avicennia_officinalis,1592aebc53ada3eda884468bc748c8fa88143b92d0bbce40851c810100a69836,image:1592aebc53ada3eda884468bc748c8fa88143b92d0bbce40851c810100a69836,train,dataset/train/Avicennia_officinalis/1592aebc53ada3eda884468bc748c8fa88143b92d0bbce40851c810100a69836.jpg,image:1592aebc53ada3eda884468bc748c8fa88143b92d0bbce40851c810100a69836,C:\laragon\www\SilvaMang-AI\dataset\retraining\EfficientNet-B0\rebuild_20260926\dataset\train\Avicennia_officinalis\1592aebc53ada3eda884468bc748c8fa88143b92d0bbce40851c810100a69836.jpg,unreviewed,,
Avicennia_officinalis/Leaves/imgi_158_medium.jpg,5,Avicennia_officinalis,0acf7488e6fc39c52a79f676bcc5c0882c01a30cf0c4713f3b7ce5a28234d214,image:0acf7488e6fc39c52a79f676bcc5c0882c01a30cf0c4713f3b7ce5a28234d214,train,dataset/train/Avicennia_officinalis/0acf7488e6fc39c52a79f676bcc5c0882c01a30cf0c4713f3b7ce5a28234d214.jpg,image:0acf7488e6fc39c52a79f676bcc5c0882c01a30cf0c4713f3b7ce5a28234d214,C:\laragon\www\SilvaMang-AI\dataset\retraining\EfficientNet-B0\rebuild_20260926\dataset\train\Avicennia_officinalis\0acf7488e6fc39c52a79f676bcc5c0882c01a30cf0c4713f3b7ce5a28234d214.jpg,unreviewed,,
Avicennia_officinalis/Flowers/imgi_84_medium.jpg,5,Avicennia_officinalis,a6ec3c99f2bb6f5bd28f3a367d7e6b61c17e22371720ae7454956ca8ef271444,image:a6ec3c99f2bb6f5bd28f3a367d7e6b61c17e22371720ae7454956ca8ef271444,train,dataset/train/Avicennia_officinalis/a6ec3c99f2bb6f5bd28f3a367d7e6b61c17e22371720ae7454956ca8ef271444.jpg,image:a6ec3c99f2bb6f5bd28f3a367d7e6b61c17e22371720ae7454956ca8ef271444,C:\laragon\www\SilvaMang-AI\dataset\retraining\EfficientNet-B0\rebuild_20260926\dataset\train\Avicennia_officinalis\a6ec3c99f2bb6f5bd28f3a367d7e6b61c17e22371720ae7454956ca8ef271444.jpg,unreviewed,,
Avicennia_officinalis/Flowers/imgi_48_medium.jpg,5,Avicennia_officinalis,81c40dc5d6a8424546418c7209507dc4916098f9b3b5b48e04ee3331883f9d48,image:81c40dc5d6a8424546418c7209507dc4916098f9b3b5b48e04ee3331883f9d48,train,dataset/train/Avicennia_officinalis/81c40dc5d6a8424546418c7209507dc4916098f9b3b5b48e04ee3331883f9d48.jpg,image:81c40dc5d6a8424546418c7209507dc4916098f9b3b5b48e04ee3331883f9d48,C:\laragon\www\SilvaMang-AI\dataset\retraining\EfficientNet-B0\rebuild_20260926\dataset\train\Avicennia_officinalis\81c40dc5d6a8424546418c7209507dc4916098f9b3b5b48e04ee3331883f9d48.jpg,unreviewed,,
Avicennia_officinalis/Leaves/gbif_5036724360_0_d54da7a72f.jpg,5,Avicennia_officinalis,927368cc97f270e66e79c0c4c3062604dc8247d1cd5b882541055d13d168533f,gbif:5036724360,train,dataset/train/Avicennia_officinalis/927368cc97f270e66e79c0c4c3062604dc8247d1cd5b882541055d13d168533f.jpg,gbif:5036724360,C:\laragon\www\SilvaMang-AI\dataset\retraining\EfficientNet-B0\rebuild_20260926\dataset\train\Avicennia_officinalis\927368cc97f270e66e79c0c4c3062604dc8247d1cd5b882541055d13d168533f.jpg,unreviewed,,
Avicennia_officinalis/Flowers/imgi_43_medium.jpg,5,Avicennia_officinalis,45ac921041eae36cb72410717517c1e35edbc1017d4a7dc00672e63632462ff6,image:45ac921041eae36cb72410717517c1e35edbc1017d4a7dc00672e63632462ff6,train,dataset/train/Avicennia_officinalis/45ac921041eae36cb72410717517c1e35edbc1017d4a7dc00672e63632462ff6.jpg,image:45ac921041eae36cb72410717517c1e35edbc1017d4a7dc00672e63632462ff6,C:\laragon\www\SilvaMang-AI\dataset\retraining\EfficientNet-B0\rebuild_20260926\dataset\train\Avicennia_officinalis\45ac921041eae36cb72410717517c1e35edbc1017d4a7dc00672e63632462ff6.jpg,unreviewed,,
Avicennia_officinalis/Leaves/gbif_5890091425_1_6b527bf7b7.jpg,5,Avicennia_officinalis,598647c6f5fe03ee111515894e20548eb25b535e938f5545ed58861955270401,gbif:5890091425,train,dataset/train/Avicennia_officinalis/598647c6f5fe03ee111515894e20548eb25b535e938f5545ed58861955270401.jpg,gbif:5890091425,C:\laragon\www\SilvaMang-AI\dataset\retraining\EfficientNet-B0\rebuild_20260926\dataset\train\Avicennia_officinalis\598647c6f5fe03ee111515894e20548eb25b535e938f5545ed58861955270401.jpg,unreviewed,,
Avicennia_officinalis/Flowers/gbif_2626654066_0_e53e526b57.jpg,5,Avicennia_officinalis,dce7891986f16c63e7983a8d9d4126b903b85913b090b4be42053aaba04fa474,gbif:2626654066,train,dataset/train/Avicennia_officinalis/dce7891986f16c63e7983a8d9d4126b903b85913b090b4be42053aaba04fa474.jpg,gbif:2626654066,C:\laragon\www\SilvaMang-AI\dataset\retraining\EfficientNet-B0\rebuild_20260926\dataset\train\Avicennia_officinalis\dce7891986f16c63e7983a8d9d4126b903b85913b090b4be42053aaba04fa474.jpg,unreviewed,,
Avicennia_officinalis/bark/gbif_6235210748_3_0bf5a15064.jpg,5,Avicennia_officinalis,15be7d9112cbf498cc91a99df2342376f6a1f9bb7b1fb066f0d5cdd1651389b2,gbif:6235210748,train,dataset/train/Avicennia_officinalis/15be7d9112cbf498cc91a99df2342376f6a1f9bb7b1fb066f0d5cdd1651389b2.jpg,gbif:6235210748,C:\laragon\www\SilvaMang-AI\dataset\retraining\EfficientNet-B0\rebuild_20260926\dataset\train\Avicennia_officinalis\15be7d9112cbf498cc91a99df2342376f6a1f9bb7b1fb066f0d5cdd1651389b2.jpg,unreviewed,,
Avicennia_officinalis/Flowers/imgi_134_medium.jpg,5,Avicennia_officinalis,a38bb08917b47376f196c068f8ba22cfc4ab5d27595be825c7e501b8dffa712a,image:a38bb08917b47376f196c068f8ba22cfc4ab5d27595be825c7e501b8dffa712a,train,dataset/train/Avicennia_officinalis/a38bb08917b47376f196c068f8ba22cfc4ab5d27595be825c7e501b8dffa712a.jpg,image:a38bb08917b47376f196c068f8ba22cfc4ab5d27595be825c7e501b8dffa712a,C:\laragon\www\SilvaMang-AI\dataset\retraining\EfficientNet-B0\rebuild_20260926\dataset\train\Avicennia_officinalis\a38bb08917b47376f196c068f8ba22cfc4ab5d27595be825c7e501b8dffa712a.jpg,unreviewed,,
Avicennia_officinalis/Roots/gbif_6234197711_4_edef306b49.jpg,5,Avicennia_officinalis,a3dd0a14c1c481c28abae61567dcf169d88663836b82c6d00e0a4bb78620e05a,gbif:6234197711,train,dataset/train/Avicennia_officinalis/a3dd0a14c1c481c28abae61567dcf169d88663836b82c6d00e0a4bb78620e05a.jpg,gbif:6234197711,C:\laragon\www\SilvaMang-AI\dataset\retraining\EfficientNet-B0\rebuild_20260926\dataset\train\Avicennia_officinalis\a3dd0a14c1c481c28abae61567dcf169d88663836b82c6d00e0a4bb78620e05a.jpg,unreviewed,,
Camptostemon_philippinensis/Leaves/imgi_20_medium.jpg,10,Camptostemon_philippinensis,0c445444760f2fb7def033aaf50c3b773cdba7747339877769f861aaeb5fbf2d,image:0c445444760f2fb7def033aaf50c3b773cdba7747339877769f861aaeb5fbf2d,train,dataset/train/Camptostemon_philippinensis/0c445444760f2fb7def033aaf50c3b773cdba7747339877769f861aaeb5fbf2d.jpg,image:0c445444760f2fb7def033aaf50c3b773cdba7747339877769f861aaeb5fbf2d,C:\laragon\www\SilvaMang-AI\dataset\retraining\EfficientNet-B0\rebuild_20260926\dataset\train\Camptostemon_philippinensis\0c445444760f2fb7def033aaf50c3b773cdba7747339877769f861aaeb5fbf2d.jpg,unreviewed,,
Camptostemon_philippinensis/Roots/imgi_18_medium.jpg,10,Camptostemon_philippinensis,353d43b3054859322b5e71a1833e4d492100c99a66859dd3718136d24b3d4ecf,image:353d43b3054859322b5e71a1833e4d492100c99a66859dd3718136d24b3d4ecf,train,dataset/train/Camptostemon_philippinensis/353d43b3054859322b5e71a1833e4d492100c99a66859dd3718136d24b3d4ecf.jpg,image:353d43b3054859322b5e71a1833e4d492100c99a66859dd3718136d24b3d4ecf,C:\laragon\www\SilvaMang-AI\dataset\retraining\EfficientNet-B0\rebuild_20260926\dataset\train\Camptostemon_philippinensis\353d43b3054859322b5e71a1833e4d492100c99a66859dd3718136d24b3d4ecf.jpg,unreviewed,,
Camptostemon_philippinensis/Leaves/imgi_26_medium.jpg,10,Camptostemon_philippinensis,c9100fbb509fb1ac915650b40edb6a794a87fefbcf27b417f86cbe2ce911ca91,image:c9100fbb509fb1ac915650b40edb6a794a87fefbcf27b417f86cbe2ce911ca91,train,dataset/train/Camptostemon_philippinensis/c9100fbb509fb1ac915650b40edb6a794a87fefbcf27b417f86cbe2ce911ca91.jpg,image:c9100fbb509fb1ac915650b40edb6a794a87fefbcf27b417f86cbe2ce911ca91,C:\laragon\www\SilvaMang-AI\dataset\retraining\EfficientNet-B0\rebuild_20260926\dataset\train\Camptostemon_philippinensis\c9100fbb509fb1ac915650b40edb6a794a87fefbcf27b417f86cbe2ce911ca91.jpg,unreviewed,,
Camptostemon_philippinensis/Flowers/imgi_22_medium.jpg,10,Camptostemon_philippinensis,520d5cf6da7a0dc52504b382391dc18ae5a1d086d41a648bd81019e6de716b9b,image:520d5cf6da7a0dc52504b382391dc18ae5a1d086d41a648bd81019e6de716b9b,train,dataset/train/Camptostemon_philippinensis/520d5cf6da7a0dc52504b382391dc18ae5a1d086d41a648bd81019e6de716b9b.jpg,image:520d5cf6da7a0dc52504b382391dc18ae5a1d086d41a648bd81019e6de716b9b,C:\laragon\www\SilvaMang-AI\dataset\retraining\EfficientNet-B0\rebuild_20260926\dataset\train\Camptostemon_philippinensis\520d5cf6da7a0dc52504b382391dc18ae5a1d086d41a648bd81019e6de716b9b.jpg,unreviewed,,
Camptostemon_philippinensis/Leaves/IMG_20260922_132803.jpg,10,Camptostemon_philippinensis,9323e16147ee68bf65ad8759c413bc62788603414b6c24370fd245d149365fd4,image:9323e16147ee68bf65ad8759c413bc62788603414b6c24370fd245d149365fd4,train,dataset/train/Camptostemon_philippinensis/9323e16147ee68bf65ad8759c413bc62788603414b6c24370fd245d149365fd4.jpg,image:9323e16147ee68bf65ad8759c413bc62788603414b6c24370fd245d149365fd4,C:\laragon\www\SilvaMang-AI\dataset\retraining\EfficientNet-B0\rebuild_20260926\dataset\train\Camptostemon_philippinensis\9323e16147ee68bf65ad8759c413bc62788603414b6c24370fd245d149365fd4.jpg,unreviewed,,
Camptostemon_philippinensis/Flowers/imgi_28_medium.jpg,10,Camptostemon_philippinensis,6e459fc7c6aab2f07fee80076f93417f3cfeeea6b8adb77f12a1ba575ded2364,image:6e459fc7c6aab2f07fee80076f93417f3cfeeea6b8adb77f12a1ba575ded2364,train,dataset/train/Camptostemon_philippinensis/6e459fc7c6aab2f07fee80076f93417f3cfeeea6b8adb77f12a1ba575ded2364.jpg,image:6e459fc7c6aab2f07fee80076f93417f3cfeeea6b8adb77f12a1ba575ded2364,C:\laragon\www\SilvaMang-AI\dataset\retraining\EfficientNet-B0\rebuild_20260926\dataset\train\Camptostemon_philippinensis\6e459fc7c6aab2f07fee80076f93417f3cfeeea6b8adb77f12a1ba575ded2364.jpg,unreviewed,,
Camptostemon_philippinensis/Flowers/imgi_30_medium.jpg,10,Camptostemon_philippinensis,f1b9f891a892577198a4000611cf27ef7cb6e5a83cb88704374ece2f617f6dd0,image:f1b9f891a892577198a4000611cf27ef7cb6e5a83cb88704374ece2f617f6dd0,train,dataset/train/Camptostemon_philippinensis/f1b9f891a892577198a4000611cf27ef7cb6e5a83cb88704374ece2f617f6dd0.jpg,image:f1b9f891a892577198a4000611cf27ef7cb6e5a83cb88704374ece2f617f6dd0,C:\laragon\www\SilvaMang-AI\dataset\retraining\EfficientNet-B0\rebuild_20260926\dataset\train\Camptostemon_philippinensis\f1b9f891a892577198a4000611cf27ef7cb6e5a83cb88704374ece2f617f6dd0.jpg,unreviewed,,
Ceriops_zippeliana/Flowers/gbif_4952621652_0_af938df315.jpg,12,Ceriops_zippeliana,b060b57ce449354919d2a00a5a7d1157a074372801f482ff5708c28f6ae473ca,gbif:4952621652,train,dataset/train/Ceriops_zippeliana/b060b57ce449354919d2a00a5a7d1157a074372801f482ff5708c28f6ae473ca.jpg,gbif:4952621652,C:\laragon\www\SilvaMang-AI\dataset\retraining\EfficientNet-B0\rebuild_20260926\dataset\train\Ceriops_zippeliana\b060b57ce449354919d2a00a5a7d1157a074372801f482ff5708c28f6ae473ca.jpg,unreviewed,,
Ceriops_zippeliana/Flowers/gbif_6130249739_0_6d4e239ebb.jpg,12,Ceriops_zippeliana,770dadc1e6ac06328fa7f42ef135a2fe8b4989bff8dd6199a44eb6fd6fa68d00,gbif:6130249739,train,dataset/train/Ceriops_zippeliana/770dadc1e6ac06328fa7f42ef135a2fe8b4989bff8dd6199a44eb6fd6fa68d00.jpg,gbif:6130249739,C:\laragon\www\SilvaMang-AI\dataset\retraining\EfficientNet-B0\rebuild_20260926\dataset\train\Ceriops_zippeliana\770dadc1e6ac06328fa7f42ef135a2fe8b4989bff8dd6199a44eb6fd6fa68d00.jpg,unreviewed,,
Ceriops_zippeliana/Flowers/gbif_4075662647_0_148ebf215e.jpg,12,Ceriops_zippeliana,069d22363796b18342d1472ac0f308f8cb4b09300d7ed160f8775100a5f802ed,gbif:4075662647,train,dataset/train/Ceriops_zippeliana/069d22363796b18342d1472ac0f308f8cb4b09300d7ed160f8775100a5f802ed.jpg,gbif:4075662647,C:\laragon\www\SilvaMang-AI\dataset\retraining\EfficientNet-B0\rebuild_20260926\dataset\train\Ceriops_zippeliana\069d22363796b18342d1472ac0f308f8cb4b09300d7ed160f8775100a5f802ed.jpg,unreviewed,,
Ceriops_zippeliana/Flowers/imgi_20_medium.jpg,12,Ceriops_zippeliana,761a01f1cc36b6c123c26f3d6204ce9f020f3b35893fc4b1f791327131258172,image:761a01f1cc36b6c123c26f3d6204ce9f020f3b35893fc4b1f791327131258172,train,dataset/train/Ceriops_zippeliana/761a01f1cc36b6c123c26f3d6204ce9f020f3b35893fc4b1f791327131258172.jpg,image:761a01f1cc36b6c123c26f3d6204ce9f020f3b35893fc4b1f791327131258172,C:\laragon\www\SilvaMang-AI\dataset\retraining\EfficientNet-B0\rebuild_20260926\dataset\train\Ceriops_zippeliana\761a01f1cc36b6c123c26f3d6204ce9f020f3b35893fc4b1f791327131258172.jpg,unreviewed,,
Ceriops_zippeliana/Flowers/inat_168957857_292877419_155bfa4cb4.jpg,12,Ceriops_zippeliana,d6b11b060b9814c75c2e8de9d8509863911dd9386be4a80d5516b2a183b62953,image:d6b11b060b9814c75c2e8de9d8509863911dd9386be4a80d5516b2a183b62953,train,dataset/train/Ceriops_zippeliana/d6b11b060b9814c75c2e8de9d8509863911dd9386be4a80d5516b2a183b62953.jpg,image:d6b11b060b9814c75c2e8de9d8509863911dd9386be4a80d5516b2a183b62953,C:\laragon\www\SilvaMang-AI\dataset\retraining\EfficientNet-B0\rebuild_20260926\dataset\train\Ceriops_zippeliana\d6b11b060b9814c75c2e8de9d8509863911dd9386be4a80d5516b2a183b62953.jpg,unreviewed,,
Ceriops_zippeliana/Leaves/imgi_35_medium.jpg,12,Ceriops_zippeliana,8a042223fe74450581b9cbb55ea5b1f6738fbf19b194787ab2fa90c6938732c4,image:8a042223fe74450581b9cbb55ea5b1f6738fbf19b194787ab2fa90c6938732c4,train,dataset/train/Ceriops_zippeliana/8a042223fe74450581b9cbb55ea5b1f6738fbf19b194787ab2fa90c6938732c4.jpg,image:8a042223fe74450581b9cbb55ea5b1f6738fbf19b194787ab2fa90c6938732c4,C:\laragon\www\SilvaMang-AI\dataset\retraining\EfficientNet-B0\rebuild_20260926\dataset\train\Ceriops_zippeliana\8a042223fe74450581b9cbb55ea5b1f6738fbf19b194787ab2fa90c6938732c4.jpg,unreviewed,,
Ceriops_zippeliana/Flowers/imgi_46_medium.jpg,12,Ceriops_zippeliana,0b86f105eb726c51e36cfbaebaf96a5d47df930637ba0abc9b8cd4120c91dd31,image:0b86f105eb726c51e36cfbaebaf96a5d47df930637ba0abc9b8cd4120c91dd31,train,dataset/train/Ceriops_zippeliana/0b86f105eb726c51e36cfbaebaf96a5d47df930637ba0abc9b8cd4120c91dd31.jpg,image:0b86f105eb726c51e36cfbaebaf96a5d47df930637ba0abc9b8cd4120c91dd31,C:\laragon\www\SilvaMang-AI\dataset\retraining\EfficientNet-B0\rebuild_20260926\dataset\train\Ceriops_zippeliana\0b86f105eb726c51e36cfbaebaf96a5d47df930637ba0abc9b8cd4120c91dd31.jpg,unreviewed,,
Ceriops_zippeliana/Leaves/imgi_17_medium.jpg,12,Ceriops_zippeliana,28d2c1b13dd1aeb3a764db05cd234fbd97b0cc9f75139334d024eecd058fe104,image:28d2c1b13dd1aeb3a764db05cd234fbd97b0cc9f75139334d024eecd058fe104,train,dataset/train/Ceriops_zippeliana/28d2c1b13dd1aeb3a764db05cd234fbd97b0cc9f75139334d024eecd058fe104.jpg,image:28d2c1b13dd1aeb3a764db05cd234fbd97b0cc9f75139334d024eecd058fe104,C:\laragon\www\SilvaMang-AI\dataset\retraining\EfficientNet-B0\rebuild_20260926\dataset\train\Ceriops_zippeliana\28d2c1b13dd1aeb3a764db05cd234fbd97b0cc9f75139334d024eecd058fe104.jpg,unreviewed,,
Ceriops_zippeliana/Leaves/imgi_51_medium.jpg,12,Ceriops_zippeliana,341fcd256f6a00bd13404db000506746323aa125f15dc1d6e36a36dad9156801,image:341fcd256f6a00bd13404db000506746323aa125f15dc1d6e36a36dad9156801,train,dataset/train/Ceriops_zippeliana/341fcd256f6a00bd13404db000506746323aa125f15dc1d6e36a36dad9156801.jpg,image:341fcd256f6a00bd13404db000506746323aa125f15dc1d6e36a36dad9156801,C:\laragon\www\SilvaMang-AI\dataset\retraining\EfficientNet-B0\rebuild_20260926\dataset\train\Ceriops_zippeliana\341fcd256f6a00bd13404db000506746323aa125f15dc1d6e36a36dad9156801.jpg,unreviewed,,
Ceriops_zippeliana/Leaves/imgi_16_medium.jpg,12,Ceriops_zippeliana,dbc92066510e73bf7c90682d98a7a27d892162109b528a6d809d00079a33a153,image:dbc92066510e73bf7c90682d98a7a27d892162109b528a6d809d00079a33a153,train,dataset/train/Ceriops_zippeliana/dbc92066510e73bf7c90682d98a7a27d892162109b528a6d809d00079a33a153.jpg,image:dbc92066510e73bf7c90682d98a7a27d892162109b528a6d809d00079a33a153,C:\laragon\www\SilvaMang-AI\dataset\retraining\EfficientNet-B0\rebuild_20260926\dataset\train\Ceriops_zippeliana\dbc92066510e73bf7c90682d98a7a27d892162109b528a6d809d00079a33a153.jpg,unreviewed,,
Ceriops_zippeliana/Flowers/commons_88480652_417836b15f.jpg,12,Ceriops_zippeliana,c5a86ddd6cc64ed9d7c1bc79c89ad6cab75f457cc89dc9b8beed1c16fb280323,commons:88480652,train,dataset/train/Ceriops_zippeliana/c5a86ddd6cc64ed9d7c1bc79c89ad6cab75f457cc89dc9b8beed1c16fb280323.jpg,commons:88480652,C:\laragon\www\SilvaMang-AI\dataset\retraining\EfficientNet-B0\rebuild_20260926\dataset\train\Ceriops_zippeliana\c5a86ddd6cc64ed9d7c1bc79c89ad6cab75f457cc89dc9b8beed1c16fb280323.jpg,unreviewed,,
Ceriops_zippeliana/Leaves/imgi_33_medium.jpg,12,Ceriops_zippeliana,f8461e122a4f288450c914ebb34acaca2fdadda88c41446aba79ffdcf4ebdd49,image:f8461e122a4f288450c914ebb34acaca2fdadda88c41446aba79ffdcf4ebdd49,train,dataset/train/Ceriops_zippeliana/f8461e122a4f288450c914ebb34acaca2fdadda88c41446aba79ffdcf4ebdd49.jpg,image:f8461e122a4f288450c914ebb34acaca2fdadda88c41446aba79ffdcf4ebdd49,C:\laragon\www\SilvaMang-AI\dataset\retraining\EfficientNet-B0\rebuild_20260926\dataset\train\Ceriops_zippeliana\f8461e122a4f288450c914ebb34acaca2fdadda88c41446aba79ffdcf4ebdd49.jpg,unreviewed,,
Lumnitzera_racemosa/Leaves/imgi_24_medium.jpg,16,Lumnitzera_racemosa,6cf31ef039de01bbe50904a2d452e477f750acb13e384a8174bd9b015a66d59b,image:6cf31ef039de01bbe50904a2d452e477f750acb13e384a8174bd9b015a66d59b,train,dataset/train/Lumnitzera_racemosa/6cf31ef039de01bbe50904a2d452e477f750acb13e384a8174bd9b015a66d59b.jpg,image:6cf31ef039de01bbe50904a2d452e477f750acb13e384a8174bd9b015a66d59b,C:\laragon\www\SilvaMang-AI\dataset\retraining\EfficientNet-B0\rebuild_20260926\dataset\train\Lumnitzera_racemosa\6cf31ef039de01bbe50904a2d452e477f750acb13e384a8174bd9b015a66d59b.jpg,unreviewed,,
Lumnitzera_racemosa/Flowers/commons_51496301_982942d93b.jpg,16,Lumnitzera_racemosa,b1e3d5c917868e2db88283c8865c044c0dada31a12707778cafaeff09909ef74,commons:51496301,train,dataset/train/Lumnitzera_racemosa/b1e3d5c917868e2db88283c8865c044c0dada31a12707778cafaeff09909ef74.jpg,commons:51496301,C:\laragon\www\SilvaMang-AI\dataset\retraining\EfficientNet-B0\rebuild_20260926\dataset\train\Lumnitzera_racemosa\b1e3d5c917868e2db88283c8865c044c0dada31a12707778cafaeff09909ef74.jpg,unreviewed,,
Lumnitzera_racemosa/Leaves/imgi_89_medium.jpg,16,Lumnitzera_racemosa,038e4b1669246d5e627cd1dc34fa8e2db9891d3002fd98af7975261c0d4bd62b,image:038e4b1669246d5e627cd1dc34fa8e2db9891d3002fd98af7975261c0d4bd62b,train,dataset/train/Lumnitzera_racemosa/038e4b1669246d5e627cd1dc34fa8e2db9891d3002fd98af7975261c0d4bd62b.jpg,image:038e4b1669246d5e627cd1dc34fa8e2db9891d3002fd98af7975261c0d4bd62b,C:\laragon\www\SilvaMang-AI\dataset\retraining\EfficientNet-B0\rebuild_20260926\dataset\train\Lumnitzera_racemosa\038e4b1669246d5e627cd1dc34fa8e2db9891d3002fd98af7975261c0d4bd62b.jpg,unreviewed,,
Lumnitzera_racemosa/Flowers/gbif_5938376607_0_ad6ee3cf8f.jpg,16,Lumnitzera_racemosa,5598ec7e948551241d3e2498b5ad0968e23d7fed56b5bd62c47500ec7341db3c,gbif:5938376607,train,dataset/train/Lumnitzera_racemosa/5598ec7e948551241d3e2498b5ad0968e23d7fed56b5bd62c47500ec7341db3c.jpg,gbif:5938376607,C:\laragon\www\SilvaMang-AI\dataset\retraining\EfficientNet-B0\rebuild_20260926\dataset\train\Lumnitzera_racemosa\5598ec7e948551241d3e2498b5ad0968e23d7fed56b5bd62c47500ec7341db3c.jpg,unreviewed,,
Lumnitzera_racemosa/Flowers/commons_51496407_85d273b158.jpg,16,Lumnitzera_racemosa,2d90ab8e206263124fa3fd0242f87fec7c45647173f160e9ab6552c49436cd78,commons:51496407,train,dataset/train/Lumnitzera_racemosa/2d90ab8e206263124fa3fd0242f87fec7c45647173f160e9ab6552c49436cd78.jpg,commons:51496407,C:\laragon\www\SilvaMang-AI\dataset\retraining\EfficientNet-B0\rebuild_20260926\dataset\train\Lumnitzera_racemosa\2d90ab8e206263124fa3fd0242f87fec7c45647173f160e9ab6552c49436cd78.jpg,unreviewed,,
Lumnitzera_racemosa/Leaves/gbif_6431758500_0_dfd254ba58.jpg,16,Lumnitzera_racemosa,f8c57dd6e6577f846a944dcd7fb6aa4fa3f8e66403e8d1d7edb3ebb5b9ef443b,gbif:6431758500,train,dataset/train/Lumnitzera_racemosa/f8c57dd6e6577f846a944dcd7fb6aa4fa3f8e66403e8d1d7edb3ebb5b9ef443b.jpg,gbif:6431758500,C:\laragon\www\SilvaMang-AI\dataset\retraining\EfficientNet-B0\rebuild_20260926\dataset\train\Lumnitzera_racemosa\f8c57dd6e6577f846a944dcd7fb6aa4fa3f8e66403e8d1d7edb3ebb5b9ef443b.jpg,unreviewed,,
Lumnitzera_racemosa/Leaves/gbif_5037266578_0_9dbea00bb2.jpg,16,Lumnitzera_racemosa,8e8ed8746b1163d185c70954ae94e914d503cf63192bbf737d2f21cf4cb3b867,gbif:5037266578,train,dataset/train/Lumnitzera_racemosa/8e8ed8746b1163d185c70954ae94e914d503cf63192bbf737d2f21cf4cb3b867.jpg,gbif:5037266578,C:\laragon\www\SilvaMang-AI\dataset\retraining\EfficientNet-B0\rebuild_20260926\dataset\train\Lumnitzera_racemosa\8e8ed8746b1163d185c70954ae94e914d503cf63192bbf737d2f21cf4cb3b867.jpg,unreviewed,,
Lumnitzera_racemosa/Flowers/imgi_76_medium.jpg,16,Lumnitzera_racemosa,0c6e06b814ee4e39c63d2926b4ce14ab1c7a3be60c1cf80437d364b74fe06e97,image:0c6e06b814ee4e39c63d2926b4ce14ab1c7a3be60c1cf80437d364b74fe06e97,train,dataset/train/Lumnitzera_racemosa/0c6e06b814ee4e39c63d2926b4ce14ab1c7a3be60c1cf80437d364b74fe06e97.jpg,image:0c6e06b814ee4e39c63d2926b4ce14ab1c7a3be60c1cf80437d364b74fe06e97,C:\laragon\www\SilvaMang-AI\dataset\retraining\EfficientNet-B0\rebuild_20260926\dataset\train\Lumnitzera_racemosa\0c6e06b814ee4e39c63d2926b4ce14ab1c7a3be60c1cf80437d364b74fe06e97.jpg,unreviewed,,
Lumnitzera_racemosa/Leaves/gbif_5292150282_0_105155b00b.jpg,16,Lumnitzera_racemosa,b33fc548af51d9d9b6bc66e19619e0760117327243463d57a84da3ff7a96dd09,gbif:5292150282,train,dataset/train/Lumnitzera_racemosa/b33fc548af51d9d9b6bc66e19619e0760117327243463d57a84da3ff7a96dd09.jpg,gbif:5292150282,C:\laragon\www\SilvaMang-AI\dataset\retraining\EfficientNet-B0\rebuild_20260926\dataset\train\Lumnitzera_racemosa\b33fc548af51d9d9b6bc66e19619e0760117327243463d57a84da3ff7a96dd09.jpg,unreviewed,,
Lumnitzera_racemosa/Leaves/imgi_142_medium.jpg,16,Lumnitzera_racemosa,99e25eec2dc937dc906f48b1f50932a2f033aebfb8d2c3a04277ee4b310f0b83,image:99e25eec2dc937dc906f48b1f50932a2f033aebfb8d2c3a04277ee4b310f0b83,train,dataset/train/Lumnitzera_racemosa/99e25eec2dc937dc906f48b1f50932a2f033aebfb8d2c3a04277ee4b310f0b83.jpg,image:99e25eec2dc937dc906f48b1f50932a2f033aebfb8d2c3a04277ee4b310f0b83,C:\laragon\www\SilvaMang-AI\dataset\retraining\EfficientNet-B0\rebuild_20260926\dataset\train\Lumnitzera_racemosa\99e25eec2dc937dc906f48b1f50932a2f033aebfb8d2c3a04277ee4b310f0b83.jpg,unreviewed,,
Lumnitzera_racemosa/Leaves/gbif_5828073323_1_d5674649c1.jpg,16,Lumnitzera_racemosa,1cd46b1607cabce0da345da00761eba103bcfa700862186cdcb8aa8266e2ca3b,gbif:5828073323,train,dataset/train/Lumnitzera_racemosa/1cd46b1607cabce0da345da00761eba103bcfa700862186cdcb8aa8266e2ca3b.jpg,gbif:5828073323,C:\laragon\www\SilvaMang-AI\dataset\retraining\EfficientNet-B0\rebuild_20260926\dataset\train\Lumnitzera_racemosa\1cd46b1607cabce0da345da00761eba103bcfa700862186cdcb8aa8266e2ca3b.jpg,unreviewed,,
Lumnitzera_racemosa/Leaves/gbif_5166810948_0_614a17c9c0.jpg,16,Lumnitzera_racemosa,ee4d5d3e46e885225a09bbe46faa63c57b95fb29fa9574900875bdf05999295f,gbif:5166810948,train,dataset/train/Lumnitzera_racemosa/ee4d5d3e46e885225a09bbe46faa63c57b95fb29fa9574900875bdf05999295f.jpg,gbif:5166810948,C:\laragon\www\SilvaMang-AI\dataset\retraining\EfficientNet-B0\rebuild_20260926\dataset\train\Lumnitzera_racemosa\ee4d5d3e46e885225a09bbe46faa63c57b95fb29fa9574900875bdf05999295f.jpg,unreviewed,,
Rhizophora_mucronata/bark/close-bark-early-rhizophora-mucronata-260nw-1184941099.webp,21,Rhizophora_mucronata,f4b90d934853128dc0ddfd9b3acde2740cd9dae8c57ab23be9f07366c5b376e9,image:f4b90d934853128dc0ddfd9b3acde2740cd9dae8c57ab23be9f07366c5b376e9,train,dataset/train/Rhizophora_mucronata/f4b90d934853128dc0ddfd9b3acde2740cd9dae8c57ab23be9f07366c5b376e9.jpg,image:f4b90d934853128dc0ddfd9b3acde2740cd9dae8c57ab23be9f07366c5b376e9,C:\laragon\www\SilvaMang-AI\dataset\retraining\EfficientNet-B0\rebuild_20260926\dataset\train\Rhizophora_mucronata\f4b90d934853128dc0ddfd9b3acde2740cd9dae8c57ab23be9f07366c5b376e9.jpg,unreviewed,,
Rhizophora_mucronata/canopy/imgi_37_medium.jpg,21,Rhizophora_mucronata,a2f517906564b0e9a8529411f62add729a426c74a58c26e5abe8f6822d8c6f82,image:a2f517906564b0e9a8529411f62add729a426c74a58c26e5abe8f6822d8c6f82,train,dataset/train/Rhizophora_mucronata/a2f517906564b0e9a8529411f62add729a426c74a58c26e5abe8f6822d8c6f82.jpg,image:a2f517906564b0e9a8529411f62add729a426c74a58c26e5abe8f6822d8c6f82,C:\laragon\www\SilvaMang-AI\dataset\retraining\EfficientNet-B0\rebuild_20260926\dataset\train\Rhizophora_mucronata\a2f517906564b0e9a8529411f62add729a426c74a58c26e5abe8f6822d8c6f82.jpg,unreviewed,,
Rhizophora_mucronata/canopy/imgi_96_medium.jpg,21,Rhizophora_mucronata,cd32324e3e44ae10af442fec14cebc45c12f7f0fd35606316d56d0188c0db77e,image:cd32324e3e44ae10af442fec14cebc45c12f7f0fd35606316d56d0188c0db77e,train,dataset/train/Rhizophora_mucronata/cd32324e3e44ae10af442fec14cebc45c12f7f0fd35606316d56d0188c0db77e.jpg,image:cd32324e3e44ae10af442fec14cebc45c12f7f0fd35606316d56d0188c0db77e,C:\laragon\www\SilvaMang-AI\dataset\retraining\EfficientNet-B0\rebuild_20260926\dataset\train\Rhizophora_mucronata\cd32324e3e44ae10af442fec14cebc45c12f7f0fd35606316d56d0188c0db77e.jpg,unreviewed,,
Rhizophora_mucronata/flowers/imgi_107_medium.jpg,21,Rhizophora_mucronata,4f6c490b23d7e92c19d00e8ec6e3b3cb9f6a733928f36f5b4be6f7f213525eb5,image:4f6c490b23d7e92c19d00e8ec6e3b3cb9f6a733928f36f5b4be6f7f213525eb5,train,dataset/train/Rhizophora_mucronata/4f6c490b23d7e92c19d00e8ec6e3b3cb9f6a733928f36f5b4be6f7f213525eb5.jpg,image:4f6c490b23d7e92c19d00e8ec6e3b3cb9f6a733928f36f5b4be6f7f213525eb5,C:\laragon\www\SilvaMang-AI\dataset\retraining\EfficientNet-B0\rebuild_20260926\dataset\train\Rhizophora_mucronata\4f6c490b23d7e92c19d00e8ec6e3b3cb9f6a733928f36f5b4be6f7f213525eb5.jpg,unreviewed,,
Rhizophora_mucronata/bark/imgi_228_branching-mangrove-roots-complete-coastal-ecosystem-mangrove-ecosystem-krabi-province-thailand-vertical_483511-7112.jpg,21,Rhizophora_mucronata,8dc19f30d33e7ab0199d6d94faf501e402112227b2d2c5996a799fdbe79c6fab,image:8dc19f30d33e7ab0199d6d94faf501e402112227b2d2c5996a799fdbe79c6fab,train,dataset/train/Rhizophora_mucronata/8dc19f30d33e7ab0199d6d94faf501e402112227b2d2c5996a799fdbe79c6fab.jpg,image:8dc19f30d33e7ab0199d6d94faf501e402112227b2d2c5996a799fdbe79c6fab,C:\laragon\www\SilvaMang-AI\dataset\retraining\EfficientNet-B0\rebuild_20260926\dataset\train\Rhizophora_mucronata\8dc19f30d33e7ab0199d6d94faf501e402112227b2d2c5996a799fdbe79c6fab.jpg,unreviewed,,
Rhizophora_mucronata/leaves/imgi_145_medium.jpg,21,Rhizophora_mucronata,305ee96030f7fff4cca78eb68962d39e9937a6cf0023e5a00149a3f892b9c3bc,image:305ee96030f7fff4cca78eb68962d39e9937a6cf0023e5a00149a3f892b9c3bc,train,dataset/train/Rhizophora_mucronata/305ee96030f7fff4cca78eb68962d39e9937a6cf0023e5a00149a3f892b9c3bc.jpg,image:305ee96030f7fff4cca78eb68962d39e9937a6cf0023e5a00149a3f892b9c3bc,C:\laragon\www\SilvaMang-AI\dataset\retraining\EfficientNet-B0\rebuild_20260926\dataset\train\Rhizophora_mucronata\305ee96030f7fff4cca78eb68962d39e9937a6cf0023e5a00149a3f892b9c3bc.jpg,unreviewed,,
Rhizophora_mucronata/leaves/imgi_113_medium.jpg,21,Rhizophora_mucronata,9a42e4ee8e75651a52efa10e431f803b00547d38472189fc8c9a1bfcf1bd992f,image:9a42e4ee8e75651a52efa10e431f803b00547d38472189fc8c9a1bfcf1bd992f,train,dataset/train/Rhizophora_mucronata/9a42e4ee8e75651a52efa10e431f803b00547d38472189fc8c9a1bfcf1bd992f.jpg,image:9a42e4ee8e75651a52efa10e431f803b00547d38472189fc8c9a1bfcf1bd992f,C:\laragon\www\SilvaMang-AI\dataset\retraining\EfficientNet-B0\rebuild_20260926\dataset\train\Rhizophora_mucronata\9a42e4ee8e75651a52efa10e431f803b00547d38472189fc8c9a1bfcf1bd992f.jpg,unreviewed,,
Rhizophora_mucronata/bark/imgi_169_rhizophora-mucronata-loop-root-mangrove-red-mangrove-or-asiatic-mangrove-in-ishigaki-okinawa-japan-photo.jpg,21,Rhizophora_mucronata,49e352ab672a2b3ad5917a87caacdbfe1e4f39a2535b9a287df4c424b7af09e0,image:49e352ab672a2b3ad5917a87caacdbfe1e4f39a2535b9a287df4c424b7af09e0,train,dataset/train/Rhizophora_mucronata/49e352ab672a2b3ad5917a87caacdbfe1e4f39a2535b9a287df4c424b7af09e0.jpg,image:49e352ab672a2b3ad5917a87caacdbfe1e4f39a2535b9a287df4c424b7af09e0,C:\laragon\www\SilvaMang-AI\dataset\retraining\EfficientNet-B0\rebuild_20260926\dataset\train\Rhizophora_mucronata\49e352ab672a2b3ad5917a87caacdbfe1e4f39a2535b9a287df4c424b7af09e0.jpg,unreviewed,,
Rhizophora_mucronata/flowers/imgi_64_medium.jpg,21,Rhizophora_mucronata,98a8fe9d7ad1f822bbb3d6ba5279119821d84211bfcd0a3d88198d5681141e1c,image:98a8fe9d7ad1f822bbb3d6ba5279119821d84211bfcd0a3d88198d5681141e1c,train,dataset/train/Rhizophora_mucronata/98a8fe9d7ad1f822bbb3d6ba5279119821d84211bfcd0a3d88198d5681141e1c.jpg,image:98a8fe9d7ad1f822bbb3d6ba5279119821d84211bfcd0a3d88198d5681141e1c,C:\laragon\www\SilvaMang-AI\dataset\retraining\EfficientNet-B0\rebuild_20260926\dataset\train\Rhizophora_mucronata\98a8fe9d7ad1f822bbb3d6ba5279119821d84211bfcd0a3d88198d5681141e1c.jpg,unreviewed,,
Rhizophora_mucronata/flowers/imgi_23_medium.jpg,21,Rhizophora_mucronata,e3fa0e475d48b4170c4245b8833117901f00c0cf536d844275ed4aaf7411b9ee,image:e3fa0e475d48b4170c4245b8833117901f00c0cf536d844275ed4aaf7411b9ee,train,dataset/train/Rhizophora_mucronata/e3fa0e475d48b4170c4245b8833117901f00c0cf536d844275ed4aaf7411b9ee.jpg,image:e3fa0e475d48b4170c4245b8833117901f00c0cf536d844275ed4aaf7411b9ee,C:\laragon\www\SilvaMang-AI\dataset\retraining\EfficientNet-B0\rebuild_20260926\dataset\train\Rhizophora_mucronata\e3fa0e475d48b4170c4245b8833117901f00c0cf536d844275ed4aaf7411b9ee.jpg,unreviewed,,
Rhizophora_mucronata/flowers/imgi_144_medium.jpg,21,Rhizophora_mucronata,1e1b987dbd2234c8f28cffe6f5b0cce1d502ff3487629684a0545f45898e8daf,image:1e1b987dbd2234c8f28cffe6f5b0cce1d502ff3487629684a0545f45898e8daf,train,dataset/train/Rhizophora_mucronata/1e1b987dbd2234c8f28cffe6f5b0cce1d502ff3487629684a0545f45898e8daf.jpg,image:1e1b987dbd2234c8f28cffe6f5b0cce1d502ff3487629684a0545f45898e8daf,C:\laragon\www\SilvaMang-AI\dataset\retraining\EfficientNet-B0\rebuild_20260926\dataset\train\Rhizophora_mucronata\1e1b987dbd2234c8f28cffe6f5b0cce1d502ff3487629684a0545f45898e8daf.jpg,unreviewed,,
Rhizophora_mucronata/flowers/imgi_256_medium.jpg,21,Rhizophora_mucronata,78542666aa1619ff51b5976a92a72609350197e83c21bac474a2e0b9b6a28e29,image:78542666aa1619ff51b5976a92a72609350197e83c21bac474a2e0b9b6a28e29,train,dataset/train/Rhizophora_mucronata/78542666aa1619ff51b5976a92a72609350197e83c21bac474a2e0b9b6a28e29.jpg,image:78542666aa1619ff51b5976a92a72609350197e83c21bac474a2e0b9b6a28e29,C:\laragon\www\SilvaMang-AI\dataset\retraining\EfficientNet-B0\rebuild_20260926\dataset\train\Rhizophora_mucronata\78542666aa1619ff51b5976a92a72609350197e83c21bac474a2e0b9b6a28e29.jpg,unreviewed,,
Xylocarpus_granatum/Leaves/imgi_45_medium.jpg,26,Xylocarpus_granatum,28543349939435fc2450ceb2101c1960acdb0ec651c54c2961bdff0889cb3180,image:28543349939435fc2450ceb2101c1960acdb0ec651c54c2961bdff0889cb3180,train,dataset/train/Xylocarpus_granatum/28543349939435fc2450ceb2101c1960acdb0ec651c54c2961bdff0889cb3180.jpg,image:28543349939435fc2450ceb2101c1960acdb0ec651c54c2961bdff0889cb3180,C:\laragon\www\SilvaMang-AI\dataset\retraining\EfficientNet-B0\rebuild_20260926\dataset\train\Xylocarpus_granatum\28543349939435fc2450ceb2101c1960acdb0ec651c54c2961bdff0889cb3180.jpg,unreviewed,,
Xylocarpus_granatum/Leaves/imgi_27_medium.jpg,26,Xylocarpus_granatum,60d609b4e605d2b8bebb12200a21fe0d638883e34534c2f4739097137db8dec1,image:60d609b4e605d2b8bebb12200a21fe0d638883e34534c2f4739097137db8dec1,train,dataset/train/Xylocarpus_granatum/60d609b4e605d2b8bebb12200a21fe0d638883e34534c2f4739097137db8dec1.jpg,image:60d609b4e605d2b8bebb12200a21fe0d638883e34534c2f4739097137db8dec1,C:\laragon\www\SilvaMang-AI\dataset\retraining\EfficientNet-B0\rebuild_20260926\dataset\train\Xylocarpus_granatum\60d609b4e605d2b8bebb12200a21fe0d638883e34534c2f4739097137db8dec1.jpg,unreviewed,,
Xylocarpus_granatum/Bark/images (16).jpg,26,Xylocarpus_granatum,6691fee4988a0dd6c42c813adbf7e3465253abd1b0a7a7c433f0ce617a643dd0,image:6691fee4988a0dd6c42c813adbf7e3465253abd1b0a7a7c433f0ce617a643dd0,train,dataset/train/Xylocarpus_granatum/6691fee4988a0dd6c42c813adbf7e3465253abd1b0a7a7c433f0ce617a643dd0.jpg,image:6691fee4988a0dd6c42c813adbf7e3465253abd1b0a7a7c433f0ce617a643dd0,C:\laragon\www\SilvaMang-AI\dataset\retraining\EfficientNet-B0\rebuild_20260926\dataset\train\Xylocarpus_granatum\6691fee4988a0dd6c42c813adbf7e3465253abd1b0a7a7c433f0ce617a643dd0.jpg,unreviewed,,
Xylocarpus_granatum/Flowers/IMG_20260922_134542.jpg,26,Xylocarpus_granatum,c237329d11ba3af956eb7fc4ec751fbcdd7fc9eb981c5248cdc99a13584515ce,image:c237329d11ba3af956eb7fc4ec751fbcdd7fc9eb981c5248cdc99a13584515ce,train,dataset/train/Xylocarpus_granatum/c237329d11ba3af956eb7fc4ec751fbcdd7fc9eb981c5248cdc99a13584515ce.jpg,image:c237329d11ba3af956eb7fc4ec751fbcdd7fc9eb981c5248cdc99a13584515ce,C:\laragon\www\SilvaMang-AI\dataset\retraining\EfficientNet-B0\rebuild_20260926\dataset\train\Xylocarpus_granatum\c237329d11ba3af956eb7fc4ec751fbcdd7fc9eb981c5248cdc99a13584515ce.jpg,unreviewed,,
Xylocarpus_granatum/Flowers/imgi_18_medium.jpg,26,Xylocarpus_granatum,061a99bb16466e96fcc9de4c849ebfa69c1433e0cf116d80c351741e3de9bb74,image:061a99bb16466e96fcc9de4c849ebfa69c1433e0cf116d80c351741e3de9bb74,train,dataset/train/Xylocarpus_granatum/061a99bb16466e96fcc9de4c849ebfa69c1433e0cf116d80c351741e3de9bb74.jpg,image:061a99bb16466e96fcc9de4c849ebfa69c1433e0cf116d80c351741e3de9bb74,C:\laragon\www\SilvaMang-AI\dataset\retraining\EfficientNet-B0\rebuild_20260926\dataset\train\Xylocarpus_granatum\061a99bb16466e96fcc9de4c849ebfa69c1433e0cf116d80c351741e3de9bb74.jpg,unreviewed,,
Xylocarpus_granatum/Flowers/imgi_113_original.jpg,26,Xylocarpus_granatum,577c2b50a802959c5b3466242effa1a96c821c22c5a775896ea393e3783a5fa3,image:577c2b50a802959c5b3466242effa1a96c821c22c5a775896ea393e3783a5fa3,train,dataset/train/Xylocarpus_granatum/577c2b50a802959c5b3466242effa1a96c821c22c5a775896ea393e3783a5fa3.jpg,image:577c2b50a802959c5b3466242effa1a96c821c22c5a775896ea393e3783a5fa3,C:\laragon\www\SilvaMang-AI\dataset\retraining\EfficientNet-B0\rebuild_20260926\dataset\train\Xylocarpus_granatum\577c2b50a802959c5b3466242effa1a96c821c22c5a775896ea393e3783a5fa3.jpg,unreviewed,,
Xylocarpus_granatum/Bark/images (20).jpg,26,Xylocarpus_granatum,83ef7d151fa695db97cf303e82bd39b5398425ddd37be52b3abe7a0b003fd9e9,image:83ef7d151fa695db97cf303e82bd39b5398425ddd37be52b3abe7a0b003fd9e9,train,dataset/train/Xylocarpus_granatum/83ef7d151fa695db97cf303e82bd39b5398425ddd37be52b3abe7a0b003fd9e9.jpg,image:83ef7d151fa695db97cf303e82bd39b5398425ddd37be52b3abe7a0b003fd9e9,C:\laragon\www\SilvaMang-AI\dataset\retraining\EfficientNet-B0\rebuild_20260926\dataset\train\Xylocarpus_granatum\83ef7d151fa695db97cf303e82bd39b5398425ddd37be52b3abe7a0b003fd9e9.jpg,unreviewed,,
Xylocarpus_granatum/Leaves/imgi_47_medium.jpg,26,Xylocarpus_granatum,d049a271a6ae82ffcda767c1ac61281a7410e871bf4dfe534683977edc4e1dfc,image:d049a271a6ae82ffcda767c1ac61281a7410e871bf4dfe534683977edc4e1dfc,train,dataset/train/Xylocarpus_granatum/d049a271a6ae82ffcda767c1ac61281a7410e871bf4dfe534683977edc4e1dfc.jpg,image:d049a271a6ae82ffcda767c1ac61281a7410e871bf4dfe534683977edc4e1dfc,C:\laragon\www\SilvaMang-AI\dataset\retraining\EfficientNet-B0\rebuild_20260926\dataset\train\Xylocarpus_granatum\d049a271a6ae82ffcda767c1ac61281a7410e871bf4dfe534683977edc4e1dfc.jpg,unreviewed,,
Xylocarpus_granatum/Leaves/imgi_127_original.jpg,26,Xylocarpus_granatum,501ad43e373e7fc2ce8ad9616b71619ad0a430ebbf6fe3bd6143ad2c730f5741,image:501ad43e373e7fc2ce8ad9616b71619ad0a430ebbf6fe3bd6143ad2c730f5741,train,dataset/train/Xylocarpus_granatum/501ad43e373e7fc2ce8ad9616b71619ad0a430ebbf6fe3bd6143ad2c730f5741.jpg,image:501ad43e373e7fc2ce8ad9616b71619ad0a430ebbf6fe3bd6143ad2c730f5741,C:\laragon\www\SilvaMang-AI\dataset\retraining\EfficientNet-B0\rebuild_20260926\dataset\train\Xylocarpus_granatum\501ad43e373e7fc2ce8ad9616b71619ad0a430ebbf6fe3bd6143ad2c730f5741.jpg,unreviewed,,
Xylocarpus_granatum/Leaves/imgi_32_medium.jpg,26,Xylocarpus_granatum,75f1b6c1948211eb0037ba59fa8b57305a9545a7fda4ca440c5cd46dbe8efedd,image:75f1b6c1948211eb0037ba59fa8b57305a9545a7fda4ca440c5cd46dbe8efedd,train,dataset/train/Xylocarpus_granatum/75f1b6c1948211eb0037ba59fa8b57305a9545a7fda4ca440c5cd46dbe8efedd.jpg,image:75f1b6c1948211eb0037ba59fa8b57305a9545a7fda4ca440c5cd46dbe8efedd,C:\laragon\www\SilvaMang-AI\dataset\retraining\EfficientNet-B0\rebuild_20260926\dataset\train\Xylocarpus_granatum\75f1b6c1948211eb0037ba59fa8b57305a9545a7fda4ca440c5cd46dbe8efedd.jpg,unreviewed,,
Xylocarpus_granatum/Leaves/imgi_80_medium.jpg,26,Xylocarpus_granatum,73b92d050edde58354a0b4835d655de585736850e69ff1c1589df132c7f8d88d,image:73b92d050edde58354a0b4835d655de585736850e69ff1c1589df132c7f8d88d,train,dataset/train/Xylocarpus_granatum/73b92d050edde58354a0b4835d655de585736850e69ff1c1589df132c7f8d88d.jpg,image:73b92d050edde58354a0b4835d655de585736850e69ff1c1589df132c7f8d88d,C:\laragon\www\SilvaMang-AI\dataset\retraining\EfficientNet-B0\rebuild_20260926\dataset\train\Xylocarpus_granatum\73b92d050edde58354a0b4835d655de585736850e69ff1c1589df132c7f8d88d.jpg,unreviewed,,
Xylocarpus_granatum/Leaves/imgi_29_medium.jpg,26,Xylocarpus_granatum,ae92a86fd2a667d9448fbd3c4001faf89b82b90cffb0e1f2c3bbbd79ea01ba3e,image:ae92a86fd2a667d9448fbd3c4001faf89b82b90cffb0e1f2c3bbbd79ea01ba3e,train,dataset/train/Xylocarpus_granatum/ae92a86fd2a667d9448fbd3c4001faf89b82b90cffb0e1f2c3bbbd79ea01ba3e.jpg,image:ae92a86fd2a667d9448fbd3c4001faf89b82b90cffb0e1f2c3bbbd79ea01ba3e,C:\laragon\www\SilvaMang-AI\dataset\retraining\EfficientNet-B0\rebuild_20260926\dataset\train\Xylocarpus_granatum\ae92a86fd2a667d9448fbd3c4001faf89b82b90cffb0e1f2c3bbbd79ea01ba3e.jpg,unreviewed,,
Xylocarpus_moluccensis/Leaves/imgi_49_medium.jpg,27,Xylocarpus_moluccensis,cc2888f8a5d026c2de2e475b936f4834a65edf966499ba77cb516dfa43f9c23d,image:cc2888f8a5d026c2de2e475b936f4834a65edf966499ba77cb516dfa43f9c23d,train,dataset/train/Xylocarpus_moluccensis/cc2888f8a5d026c2de2e475b936f4834a65edf966499ba77cb516dfa43f9c23d.jpg,image:cc2888f8a5d026c2de2e475b936f4834a65edf966499ba77cb516dfa43f9c23d,C:\laragon\www\SilvaMang-AI\dataset\retraining\EfficientNet-B0\rebuild_20260926\dataset\train\Xylocarpus_moluccensis\cc2888f8a5d026c2de2e475b936f4834a65edf966499ba77cb516dfa43f9c23d.jpg,unreviewed,,
Xylocarpus_moluccensis/Barks/imgi_82_medium.jpg,27,Xylocarpus_moluccensis,fcf170a8536703a3b7c51c431e73b22df9942adbb2f3cd9dc86d5ec53b8c5fe1,image:fcf170a8536703a3b7c51c431e73b22df9942adbb2f3cd9dc86d5ec53b8c5fe1,train,dataset/train/Xylocarpus_moluccensis/fcf170a8536703a3b7c51c431e73b22df9942adbb2f3cd9dc86d5ec53b8c5fe1.jpg,image:fcf170a8536703a3b7c51c431e73b22df9942adbb2f3cd9dc86d5ec53b8c5fe1,C:\laragon\www\SilvaMang-AI\dataset\retraining\EfficientNet-B0\rebuild_20260926\dataset\train\Xylocarpus_moluccensis\fcf170a8536703a3b7c51c431e73b22df9942adbb2f3cd9dc86d5ec53b8c5fe1.jpg,unreviewed,,
Xylocarpus_moluccensis/Leaves/imgi_158_medium.jpg,27,Xylocarpus_moluccensis,0b6f52f517f9dc1e03e3905ae6209a424dad54f270f55ee042dc865289aa61b7,image:0b6f52f517f9dc1e03e3905ae6209a424dad54f270f55ee042dc865289aa61b7,train,dataset/train/Xylocarpus_moluccensis/0b6f52f517f9dc1e03e3905ae6209a424dad54f270f55ee042dc865289aa61b7.jpg,image:0b6f52f517f9dc1e03e3905ae6209a424dad54f270f55ee042dc865289aa61b7,C:\laragon\www\SilvaMang-AI\dataset\retraining\EfficientNet-B0\rebuild_20260926\dataset\train\Xylocarpus_moluccensis\0b6f52f517f9dc1e03e3905ae6209a424dad54f270f55ee042dc865289aa61b7.jpg,unreviewed,,
Xylocarpus_moluccensis/Flowers/imgi_47_medium.jpg,27,Xylocarpus_moluccensis,a708f717428233876bcc2560a3ce611ac3e329ebffbcc3eb629fe3bb41ae3d19,image:a708f717428233876bcc2560a3ce611ac3e329ebffbcc3eb629fe3bb41ae3d19,train,dataset/train/Xylocarpus_moluccensis/a708f717428233876bcc2560a3ce611ac3e329ebffbcc3eb629fe3bb41ae3d19.jpg,image:a708f717428233876bcc2560a3ce611ac3e329ebffbcc3eb629fe3bb41ae3d19,C:\laragon\www\SilvaMang-AI\dataset\retraining\EfficientNet-B0\rebuild_20260926\dataset\train\Xylocarpus_moluccensis\a708f717428233876bcc2560a3ce611ac3e329ebffbcc3eb629fe3bb41ae3d19.jpg,unreviewed,,
Xylocarpus_moluccensis/Leaves/imgi_134_medium.jpg,27,Xylocarpus_moluccensis,2211c1c3a78b50ec337a023bad2f006fbf92c50b362fc65558991de1cb4d4556,image:2211c1c3a78b50ec337a023bad2f006fbf92c50b362fc65558991de1cb4d4556,train,dataset/train/Xylocarpus_moluccensis/2211c1c3a78b50ec337a023bad2f006fbf92c50b362fc65558991de1cb4d4556.jpg,image:2211c1c3a78b50ec337a023bad2f006fbf92c50b362fc65558991de1cb4d4556,C:\laragon\www\SilvaMang-AI\dataset\retraining\EfficientNet-B0\rebuild_20260926\dataset\train\Xylocarpus_moluccensis\2211c1c3a78b50ec337a023bad2f006fbf92c50b362fc65558991de1cb4d4556.jpg,unreviewed,,
Xylocarpus_moluccensis/Leaves/imgi_156_medium.jpg,27,Xylocarpus_moluccensis,fdc7ae27d00c6fc21af00014b7594af27a6b9d4f09897af7a0a94a6ebff75b73,image:fdc7ae27d00c6fc21af00014b7594af27a6b9d4f09897af7a0a94a6ebff75b73,train,dataset/train/Xylocarpus_moluccensis/fdc7ae27d00c6fc21af00014b7594af27a6b9d4f09897af7a0a94a6ebff75b73.jpg,image:fdc7ae27d00c6fc21af00014b7594af27a6b9d4f09897af7a0a94a6ebff75b73,C:\laragon\www\SilvaMang-AI\dataset\retraining\EfficientNet-B0\rebuild_20260926\dataset\train\Xylocarpus_moluccensis\fdc7ae27d00c6fc21af00014b7594af27a6b9d4f09897af7a0a94a6ebff75b73.jpg,unreviewed,,
Xylocarpus_moluccensis/Leaves/imgi_103_medium.jpg,27,Xylocarpus_moluccensis,4403d2075f823d99ab1b42125783a52ba5ec9a6ee1c3d77520507f5701a3fbcf,image:4403d2075f823d99ab1b42125783a52ba5ec9a6ee1c3d77520507f5701a3fbcf,train,dataset/train/Xylocarpus_moluccensis/4403d2075f823d99ab1b42125783a52ba5ec9a6ee1c3d77520507f5701a3fbcf.jpg,image:4403d2075f823d99ab1b42125783a52ba5ec9a6ee1c3d77520507f5701a3fbcf,C:\laragon\www\SilvaMang-AI\dataset\retraining\EfficientNet-B0\rebuild_20260926\dataset\train\Xylocarpus_moluccensis\4403d2075f823d99ab1b42125783a52ba5ec9a6ee1c3d77520507f5701a3fbcf.jpg,unreviewed,,
Xylocarpus_moluccensis/Leaves/imgi_33_medium.jpg,27,Xylocarpus_moluccensis,3396e7f1e7f16fd5271425caa41528e3a8838a74a6d04d1cd7940904dce1e72f,image:3396e7f1e7f16fd5271425caa41528e3a8838a74a6d04d1cd7940904dce1e72f,train,dataset/train/Xylocarpus_moluccensis/3396e7f1e7f16fd5271425caa41528e3a8838a74a6d04d1cd7940904dce1e72f.jpg,image:3396e7f1e7f16fd5271425caa41528e3a8838a74a6d04d1cd7940904dce1e72f,C:\laragon\www\SilvaMang-AI\dataset\retraining\EfficientNet-B0\rebuild_20260926\dataset\train\Xylocarpus_moluccensis\3396e7f1e7f16fd5271425caa41528e3a8838a74a6d04d1cd7940904dce1e72f.jpg,unreviewed,,
Xylocarpus_moluccensis/Leaves/imgi_113_medium.jpg,27,Xylocarpus_moluccensis,ffbd1c2dc0fe11c93aa80d01cc274c48fcf71c21adf3ffb8835592242c0c2d0b,image:ffbd1c2dc0fe11c93aa80d01cc274c48fcf71c21adf3ffb8835592242c0c2d0b,train,dataset/train/Xylocarpus_moluccensis/ffbd1c2dc0fe11c93aa80d01cc274c48fcf71c21adf3ffb8835592242c0c2d0b.jpg,image:ffbd1c2dc0fe11c93aa80d01cc274c48fcf71c21adf3ffb8835592242c0c2d0b,C:\laragon\www\SilvaMang-AI\dataset\retraining\EfficientNet-B0\rebuild_20260926\dataset\train\Xylocarpus_moluccensis\ffbd1c2dc0fe11c93aa80d01cc274c48fcf71c21adf3ffb8835592242c0c2d0b.jpg,unreviewed,,
Xylocarpus_moluccensis/Leaves/imgi_144_medium.jpg,27,Xylocarpus_moluccensis,7893afe93cacdd22982898d64650f460a6857711acaa5770e284e61d46fbc0cd,image:7893afe93cacdd22982898d64650f460a6857711acaa5770e284e61d46fbc0cd,train,dataset/train/Xylocarpus_moluccensis/7893afe93cacdd22982898d64650f460a6857711acaa5770e284e61d46fbc0cd.jpg,image:7893afe93cacdd22982898d64650f460a6857711acaa5770e284e61d46fbc0cd,C:\laragon\www\SilvaMang-AI\dataset\retraining\EfficientNet-B0\rebuild_20260926\dataset\train\Xylocarpus_moluccensis\7893afe93cacdd22982898d64650f460a6857711acaa5770e284e61d46fbc0cd.jpg,unreviewed,,
Xylocarpus_moluccensis/Flowers/imgi_93_medium.jpg,27,Xylocarpus_moluccensis,7ce9f24ea36a07c79b0ad8f9d6ece23388301e9424bf355b0f3acc8226a23696,image:7ce9f24ea36a07c79b0ad8f9d6ece23388301e9424bf355b0f3acc8226a23696,train,dataset/train/Xylocarpus_moluccensis/7ce9f24ea36a07c79b0ad8f9d6ece23388301e9424bf355b0f3acc8226a23696.jpg,image:7ce9f24ea36a07c79b0ad8f9d6ece23388301e9424bf355b0f3acc8226a23696,C:\laragon\www\SilvaMang-AI\dataset\retraining\EfficientNet-B0\rebuild_20260926\dataset\train\Xylocarpus_moluccensis\7ce9f24ea36a07c79b0ad8f9d6ece23388301e9424bf355b0f3acc8226a23696.jpg,unreviewed,,
Xylocarpus_moluccensis/Leaves/imgi_55_medium.jpg,27,Xylocarpus_moluccensis,2cf8ce4fc8c467e38cbcffc545e05a252652000fd145fcf765c3daa4aba19afb,image:2cf8ce4fc8c467e38cbcffc545e05a252652000fd145fcf765c3daa4aba19afb,train,dataset/train/Xylocarpus_moluccensis/2cf8ce4fc8c467e38cbcffc545e05a252652000fd145fcf765c3daa4aba19afb.jpg,image:2cf8ce4fc8c467e38cbcffc545e05a252652000fd145fcf765c3daa4aba19afb,C:\laragon\www\SilvaMang-AI\dataset\retraining\EfficientNet-B0\rebuild_20260926\dataset\train\Xylocarpus_moluccensis\2cf8ce4fc8c467e38cbcffc545e05a252652000fd145fcf765c3daa4aba19afb.jpg,unreviewed,,
